[37245402ms] [ERROR] Failed to load resource: net::ERR_NETWORK_CHANGED @ https://de.xyz/api/activities:0
[37392313ms] [ERROR] Failed to load resource: net::ERR_NETWORK_CHANGED @ https://de.xyz/api/activities:0
[37392319ms] [ERROR] Failed to load resource: net::ERR_NETWORK_CHANGED @ https://de.xyz/api/y00ts-activities:0
[60519362ms] [ERROR] Failed to load resource: net::ERR_QUIC_PROTOCOL_ERROR.QUIC_NETWORK_IDLE_TIMEOUT @ https://de.xyz/api/activities:0
[63547530ms] [ERROR] Failed to load resource: net::ERR_NETWORK_CHANGED @ https://de.xyz/api/activities:0
[64506730ms] [ERROR] Failed to load resource: net::ERR_NETWORK_CHANGED @ https://de.xyz/api/activities:0
[65501297ms] [ERROR] Failed to load resource: net::ERR_NAME_NOT_RESOLVED @ https://de.xyz/api/activities:0
[65501356ms] [ERROR] Failed to load resource: net::ERR_NAME_NOT_RESOLVED @ https://de.xyz/api/y00ts-activities:0
[65501357ms] [ERROR] Failed to load resource: net::ERR_NAME_NOT_RESOLVED @ https://de.xyz/api/activities:0
[66508740ms] [ERROR] Failed to load resource: net::ERR_NAME_NOT_RESOLVED @ https://de.xyz/api/activities:0
[67456264ms] [ERROR] Failed to load resource: net::ERR_NAME_NOT_RESOLVED @ https://de.xyz/api/listings:0
[67456873ms] [ERROR] Failed to load resource: net::ERR_NAME_NOT_RESOLVED @ https://de.xyz/api/eth-listings:0
[67456881ms] [ERROR] Failed to load resource: net::ERR_NAME_NOT_RESOLVED @ https://de.xyz/api/btc-listings:0
[67456939ms] [ERROR] Failed to load resource: net::ERR_NAME_NOT_RESOLVED @ https://de.xyz/api/activities:0
[70363930ms] [ERROR] Failed to load resource: net::ERR_CONNECTION_RESET @ https://de.xyz/api/listings:0
[70363938ms] [ERROR] Failed to load resource: net::ERR_CONNECTION_RESET @ https://de.xyz/api/activities:0
[74527646ms] [ERROR] Failed to load resource: net::ERR_CONNECTION_RESET @ https://de.xyz/api/listings:0
[76433674ms] [ERROR] Failed to load resource: net::ERR_NETWORK_CHANGED @ https://de.xyz/api/activities:0
[76433675ms] [ERROR] Failed to load resource: net::ERR_NETWORK_CHANGED @ https://de.xyz/api/activities:0
[76433675ms] [ERROR] Failed to load resource: net::ERR_NETWORK_CHANGED @ https://de.xyz/api/y00ts-activities:0
[76433675ms] [ERROR] Failed to load resource: net::ERR_NETWORK_CHANGED @ https://de.xyz/api/activities:0
[81265826ms] [ERROR] Failed to load resource: net::ERR_CONNECTION_CLOSED @ https://de.xyz/api/y00ts-activities:0
[83006715ms] [ERROR] Failed to load resource: net::ERR_NETWORK_CHANGED @ https://de.xyz/api/listings:0
[85319237ms] [ERROR] Failed to load resource: net::ERR_NETWORK_CHANGED @ https://de.xyz/api/listings:0
[85319271ms] [ERROR] Failed to load resource: net::ERR_NETWORK_CHANGED @ https://de.xyz/api/y00ts-activities:0
[85319287ms] [ERROR] Failed to load resource: net::ERR_NETWORK_CHANGED @ https://de.xyz/api/activities:0
[85319304ms] [ERROR] Failed to load resource: net::ERR_NETWORK_CHANGED @ https://de.xyz/api/btc-listings:0
[85319312ms] [ERROR] Failed to load resource: net::ERR_NETWORK_CHANGED @ https://de.xyz/api/activities:0
[85319312ms] [ERROR] Failed to load resource: net::ERR_NETWORK_CHANGED @ https://de.xyz/api/eth-listings:0
[90553230ms] [ERROR] Failed to load resource: net::ERR_CONNECTION_CLOSED @ https://de.xyz/api/y00ts-activities:0
[110344486ms] [ERROR] Failed to load resource: net::ERR_INTERNET_DISCONNECTED @ https://de.xyz/api/listings:0
[110344501ms] [ERROR] Failed to load resource: net::ERR_INTERNET_DISCONNECTED @ https://de.xyz/api/activities:0
[110344501ms] [ERROR] Failed to load resource: net::ERR_INTERNET_DISCONNECTED @ https://de.xyz/api/btc-listings:0
[110344506ms] [ERROR] Failed to load resource: net::ERR_INTERNET_DISCONNECTED @ https://de.xyz/api/eth-listings:0
[110347593ms] [ERROR] Failed to load resource: net::ERR_INTERNET_DISCONNECTED @ https://de.xyz/api/btc-listings:0
[110347593ms] [ERROR] Failed to load resource: net::ERR_INTERNET_DISCONNECTED @ https://de.xyz/api/listings:0
[110347593ms] [ERROR] Failed to load resource: net::ERR_INTERNET_DISCONNECTED @ https://de.xyz/api/activities:0
[110347594ms] [ERROR] Failed to load resource: net::ERR_INTERNET_DISCONNECTED @ https://de.xyz/api/eth-listings:0
[110350644ms] [ERROR] Failed to load resource: net::ERR_INTERNET_DISCONNECTED @ https://de.xyz/api/activities:0
[110350644ms] [ERROR] Failed to load resource: net::ERR_INTERNET_DISCONNECTED @ https://de.xyz/api/btc-listings:0
[110350644ms] [ERROR] Failed to load resource: net::ERR_INTERNET_DISCONNECTED @ https://de.xyz/api/listings:0
[110350644ms] [ERROR] Failed to load resource: net::ERR_INTERNET_DISCONNECTED @ https://de.xyz/api/eth-listings:0
[110353818ms] [ERROR] Failed to load resource: net::ERR_INTERNET_DISCONNECTED @ https://de.xyz/api/eth-listings:0
[110353818ms] [ERROR] Failed to load resource: net::ERR_INTERNET_DISCONNECTED @ https://de.xyz/api/activities:0
[110353818ms] [ERROR] Failed to load resource: net::ERR_INTERNET_DISCONNECTED @ https://de.xyz/api/btc-listings:0
[110353819ms] [ERROR] Failed to load resource: net::ERR_INTERNET_DISCONNECTED @ https://de.xyz/api/listings:0
[110357008ms] [ERROR] Failed to load resource: net::ERR_INTERNET_DISCONNECTED @ https://de.xyz/api/activities:0
[110357008ms] [ERROR] Failed to load resource: net::ERR_INTERNET_DISCONNECTED @ https://de.xyz/api/eth-listings:0
[110357008ms] [ERROR] Failed to load resource: net::ERR_INTERNET_DISCONNECTED @ https://de.xyz/api/btc-listings:0
[110357008ms] [ERROR] Failed to load resource: net::ERR_INTERNET_DISCONNECTED @ https://de.xyz/api/listings:0
[110360565ms] [ERROR] Failed to load resource: net::ERR_INTERNET_DISCONNECTED @ https://de.xyz/api/activities:0
[110360621ms] [ERROR] Failed to load resource: net::ERR_INTERNET_DISCONNECTED @ https://de.xyz/api/btc-listings:0
[110360664ms] [ERROR] Failed to load resource: net::ERR_INTERNET_DISCONNECTED @ https://de.xyz/api/eth-listings:0
[110360664ms] [ERROR] Failed to load resource: net::ERR_INTERNET_DISCONNECTED @ https://de.xyz/api/listings:0
[110363790ms] [ERROR] Failed to load resource: net::ERR_INTERNET_DISCONNECTED @ https://de.xyz/api/activities:0
[110363804ms] [ERROR] Failed to load resource: net::ERR_INTERNET_DISCONNECTED @ https://de.xyz/api/btc-listings:0
[110363804ms] [ERROR] Failed to load resource: net::ERR_INTERNET_DISCONNECTED @ https://de.xyz/api/eth-listings:0
[110363804ms] [ERROR] Failed to load resource: net::ERR_INTERNET_DISCONNECTED @ https://de.xyz/api/listings:0
[110369624ms] [ERROR] Failed to load resource: net::ERR_INTERNET_DISCONNECTED @ https://de.xyz/api/activities:0
[110372721ms] [ERROR] Failed to load resource: net::ERR_INTERNET_DISCONNECTED @ https://de.xyz/api/activities:0
[110373996ms] [ERROR] Failed to load resource: net::ERR_INTERNET_DISCONNECTED @ https://de.xyz/api/activities:0
[110374005ms] [ERROR] Failed to load resource: net::ERR_INTERNET_DISCONNECTED @ https://de.xyz/api/y00ts-activities:0
[110375873ms] [ERROR] Failed to load resource: net::ERR_INTERNET_DISCONNECTED @ https://de.xyz/api/activities:0
[110379690ms] [ERROR] Failed to load resource: net::ERR_INTERNET_DISCONNECTED @ https://de.xyz/api/activities:0
[111394358ms] [ERROR] Failed to load resource: net::ERR_INTERNET_DISCONNECTED @ https://de.xyz/api/activities:0
[111397663ms] [ERROR] Failed to load resource: net::ERR_INTERNET_DISCONNECTED @ https://de.xyz/api/activities:0
[111400742ms] [ERROR] Failed to load resource: net::ERR_INTERNET_DISCONNECTED @ https://de.xyz/api/eth-listings:0
[111400743ms] [ERROR] Failed to load resource: net::ERR_INTERNET_DISCONNECTED @ https://de.xyz/api/listings:0
[111400743ms] [ERROR] Failed to load resource: net::ERR_INTERNET_DISCONNECTED @ https://de.xyz/api/btc-listings:0
[111400867ms] [ERROR] Failed to load resource: net::ERR_INTERNET_DISCONNECTED @ https://de.xyz/api/activities:0
[111403846ms] [ERROR] Failed to load resource: net::ERR_INTERNET_DISCONNECTED @ https://de.xyz/api/eth-listings:0
[111403847ms] [ERROR] Failed to load resource: net::ERR_INTERNET_DISCONNECTED @ https://de.xyz/api/btc-listings:0
[111403847ms] [ERROR] Failed to load resource: net::ERR_INTERNET_DISCONNECTED @ https://de.xyz/api/listings:0
[111405457ms] [ERROR] Failed to load resource: net::ERR_INTERNET_DISCONNECTED @ https://de.xyz/api/activities:0
[111407032ms] [ERROR] Failed to load resource: net::ERR_INTERNET_DISCONNECTED @ https://de.xyz/api/btc-listings:0
[111407038ms] [ERROR] Failed to load resource: net::ERR_INTERNET_DISCONNECTED @ https://de.xyz/api/eth-listings:0
[111407039ms] [ERROR] Failed to load resource: net::ERR_INTERNET_DISCONNECTED @ https://de.xyz/api/listings:0
[111408770ms] [ERROR] Failed to load resource: net::ERR_INTERNET_DISCONNECTED @ https://de.xyz/api/activities:0
[111411067ms] [ERROR] Failed to load resource: net::ERR_INTERNET_DISCONNECTED @ https://de.xyz/api/btc-listings:0
[111411067ms] [ERROR] Failed to load resource: net::ERR_INTERNET_DISCONNECTED @ https://de.xyz/api/eth-listings:0
[111411067ms] [ERROR] Failed to load resource: net::ERR_INTERNET_DISCONNECTED @ https://de.xyz/api/listings:0
[111411967ms] [ERROR] Failed to load resource: net::ERR_INTERNET_DISCONNECTED @ https://de.xyz/api/activities:0
[111414200ms] [ERROR] Failed to load resource: net::ERR_INTERNET_DISCONNECTED @ https://de.xyz/api/listings:0
[111414201ms] [ERROR] Failed to load resource: net::ERR_INTERNET_DISCONNECTED @ https://de.xyz/api/btc-listings:0
[111414201ms] [ERROR] Failed to load resource: net::ERR_INTERNET_DISCONNECTED @ https://de.xyz/api/eth-listings:0
[111415024ms] [ERROR] Failed to load resource: net::ERR_INTERNET_DISCONNECTED @ https://de.xyz/api/activities:0
[111417433ms] [ERROR] Failed to load resource: net::ERR_INTERNET_DISCONNECTED @ https://de.xyz/api/listings:0
[111417434ms] [ERROR] Failed to load resource: net::ERR_INTERNET_DISCONNECTED @ https://de.xyz/api/btc-listings:0
[111417434ms] [ERROR] Failed to load resource: net::ERR_INTERNET_DISCONNECTED @ https://de.xyz/api/eth-listings:0
[111418184ms] [ERROR] Failed to load resource: net::ERR_INTERNET_DISCONNECTED @ https://de.xyz/api/activities:0
[111420948ms] [ERROR] Failed to load resource: net::ERR_INTERNET_DISCONNECTED @ https://de.xyz/api/listings:0
[111420949ms] [ERROR] Failed to load resource: net::ERR_INTERNET_DISCONNECTED @ https://de.xyz/api/btc-listings:0
[111421279ms] [ERROR] Failed to load resource: net::ERR_INTERNET_DISCONNECTED @ https://de.xyz/api/eth-listings:0
[111421469ms] [ERROR] Failed to load resource: net::ERR_INTERNET_DISCONNECTED @ https://de.xyz/api/activities:0
[111424553ms] [ERROR] Failed to load resource: net::ERR_INTERNET_DISCONNECTED @ https://de.xyz/api/activities:0
[111430237ms] [ERROR] Failed to load resource: net::ERR_INTERNET_DISCONNECTED @ https://de.xyz/api/activities:0
[112363906ms] [ERROR] Failed to load resource: net::ERR_INTERNET_DISCONNECTED @ https://de.xyz/api/activities:0
[112367508ms] [ERROR] Failed to load resource: net::ERR_INTERNET_DISCONNECTED @ https://de.xyz/api/activities:0
[112700293ms] [ERROR] Failed to load resource: net::ERR_INTERNET_DISCONNECTED @ https://de.xyz/api/activities:0
[112703661ms] [ERROR] Failed to load resource: net::ERR_INTERNET_DISCONNECTED @ https://de.xyz/api/activities:0
[112710852ms] [ERROR] Failed to load resource: net::ERR_INTERNET_DISCONNECTED @ https://de.xyz/api/activities:0
[112710961ms] [ERROR] Failed to load resource: net::ERR_INTERNET_DISCONNECTED @ https://de.xyz/api/y00ts-activities:0
[112711052ms] [ERROR] Failed to load resource: net::ERR_INTERNET_DISCONNECTED @ https://de.xyz/api/listings:0
[112711404ms] [ERROR] Failed to load resource: net::ERR_INTERNET_DISCONNECTED @ https://de.xyz/api/eth-listings:0
[112711404ms] [ERROR] Failed to load resource: net::ERR_INTERNET_DISCONNECTED @ https://de.xyz/api/btc-listings:0
[112711419ms] [ERROR] Failed to load resource: net::ERR_INTERNET_DISCONNECTED @ https://de.xyz/api/activities:0
[112714194ms] [ERROR] Failed to load resource: net::ERR_INTERNET_DISCONNECTED @ https://de.xyz/api/listings:0
[112714452ms] [ERROR] Failed to load resource: net::ERR_INTERNET_DISCONNECTED @ https://de.xyz/api/activities:0
[112715277ms] [ERROR] Failed to load resource: net::ERR_INTERNET_DISCONNECTED @ https://de.xyz/api/eth-listings:0
[112715302ms] [ERROR] Failed to load resource: net::ERR_INTERNET_DISCONNECTED @ https://de.xyz/api/btc-listings:0
[112717298ms] [ERROR] Failed to load resource: net::ERR_INTERNET_DISCONNECTED @ https://de.xyz/api/listings:0
[112719540ms] [ERROR] Failed to load resource: net::ERR_INTERNET_DISCONNECTED @ https://de.xyz/api/eth-listings:0
[112719540ms] [ERROR] Failed to load resource: net::ERR_INTERNET_DISCONNECTED @ https://de.xyz/api/btc-listings:0
[112720457ms] [ERROR] Failed to load resource: net::ERR_INTERNET_DISCONNECTED @ https://de.xyz/api/listings:0
[112722681ms] [ERROR] Failed to load resource: net::ERR_INTERNET_DISCONNECTED @ https://de.xyz/api/btc-listings:0
[112722689ms] [ERROR] Failed to load resource: net::ERR_INTERNET_DISCONNECTED @ https://de.xyz/api/eth-listings:0
[112723631ms] [ERROR] Failed to load resource: net::ERR_INTERNET_DISCONNECTED @ https://de.xyz/api/listings:0
[112726895ms] [ERROR] Failed to load resource: net::ERR_INTERNET_DISCONNECTED @ https://de.xyz/api/btc-listings:0
[112726902ms] [ERROR] Failed to load resource: net::ERR_INTERNET_DISCONNECTED @ https://de.xyz/api/eth-listings:0
[112726902ms] [ERROR] Failed to load resource: net::ERR_INTERNET_DISCONNECTED @ https://de.xyz/api/listings:0
[112730073ms] [ERROR] Failed to load resource: net::ERR_INTERNET_DISCONNECTED @ https://de.xyz/api/eth-listings:0
[112730073ms] [ERROR] Failed to load resource: net::ERR_INTERNET_DISCONNECTED @ https://de.xyz/api/btc-listings:0
[112730073ms] [ERROR] Failed to load resource: net::ERR_INTERNET_DISCONNECTED @ https://de.xyz/api/listings:0
[112733215ms] [ERROR] Failed to load resource: net::ERR_INTERNET_DISCONNECTED @ https://de.xyz/api/eth-listings:0
[112734498ms] [ERROR] Failed to load resource: net::ERR_INTERNET_DISCONNECTED @ https://de.xyz/api/btc-listings:0
[112739989ms] [ERROR] Failed to load resource: net::ERR_INTERNET_DISCONNECTED @ https://de.xyz/api/activities:0
[112743981ms] [ERROR] Failed to load resource: net::ERR_INTERNET_DISCONNECTED @ https://de.xyz/api/activities:0
[112747173ms] [ERROR] Failed to load resource: net::ERR_INTERNET_DISCONNECTED @ https://de.xyz/api/activities:0
[112749544ms] [ERROR] Failed to load resource: net::ERR_INTERNET_DISCONNECTED @ https://de.xyz/api/listings:0
[112749545ms] [ERROR] Failed to load resource: net::ERR_INTERNET_DISCONNECTED @ https://de.xyz/api/eth-listings:0
[112749545ms] [ERROR] Failed to load resource: net::ERR_INTERNET_DISCONNECTED @ https://de.xyz/api/btc-listings:0
[112750233ms] [ERROR] Failed to load resource: net::ERR_INTERNET_DISCONNECTED @ https://de.xyz/api/activities:0
[112752628ms] [ERROR] Failed to load resource: net::ERR_INTERNET_DISCONNECTED @ https://de.xyz/api/listings:0
[112752628ms] [ERROR] Failed to load resource: net::ERR_INTERNET_DISCONNECTED @ https://de.xyz/api/eth-listings:0
[112752628ms] [ERROR] Failed to load resource: net::ERR_INTERNET_DISCONNECTED @ https://de.xyz/api/btc-listings:0
[112753422ms] [ERROR] Failed to load resource: net::ERR_INTERNET_DISCONNECTED @ https://de.xyz/api/activities:0
[112755714ms] [ERROR] Failed to load resource: net::ERR_INTERNET_DISCONNECTED @ https://de.xyz/api/listings:0
[112755715ms] [ERROR] Failed to load resource: net::ERR_INTERNET_DISCONNECTED @ https://de.xyz/api/eth-listings:0
[112755763ms] [ERROR] Failed to load resource: net::ERR_INTERNET_DISCONNECTED @ https://de.xyz/api/btc-listings:0
[112757089ms] [ERROR] Failed to load resource: net::ERR_INTERNET_DISCONNECTED @ https://de.xyz/api/activities:0
[112758803ms] [ERROR] Failed to load resource: net::ERR_INTERNET_DISCONNECTED @ https://de.xyz/api/eth-listings:0
[112758807ms] [ERROR] Failed to load resource: net::ERR_INTERNET_DISCONNECTED @ https://de.xyz/api/listings:0
[112758865ms] [ERROR] Failed to load resource: net::ERR_INTERNET_DISCONNECTED @ https://de.xyz/api/btc-listings:0
[112760151ms] [ERROR] Failed to load resource: net::ERR_INTERNET_DISCONNECTED @ https://de.xyz/api/activities:0
[112761832ms] [ERROR] Failed to load resource: net::ERR_INTERNET_DISCONNECTED @ https://de.xyz/api/eth-listings:0
[112761832ms] [ERROR] Failed to load resource: net::ERR_INTERNET_DISCONNECTED @ https://de.xyz/api/listings:0
[112761902ms] [ERROR] Failed to load resource: net::ERR_INTERNET_DISCONNECTED @ https://de.xyz/api/btc-listings:0
[112764528ms] [ERROR] Failed to load resource: net::ERR_INTERNET_DISCONNECTED @ https://de.xyz/api/activities:0
[112764528ms] [ERROR] Failed to load resource: net::ERR_INTERNET_DISCONNECTED @ https://de.xyz/api/y00ts-activities:0
[112764528ms] [ERROR] Failed to load resource: net::ERR_INTERNET_DISCONNECTED @ https://de.xyz/api/activities:0
[112764528ms] [ERROR] Failed to load resource: net::ERR_INTERNET_DISCONNECTED @ https://de.xyz/api/volume:0
[112764975ms] [ERROR] Failed to load resource: net::ERR_INTERNET_DISCONNECTED @ https://de.xyz/api/eth-listings:0
[112764977ms] [ERROR] Failed to load resource: net::ERR_INTERNET_DISCONNECTED @ https://de.xyz/api/listings:0
[112765001ms] [ERROR] Failed to load resource: net::ERR_INTERNET_DISCONNECTED @ https://de.xyz/api/btc-listings:0
[112767557ms] [ERROR] Failed to load resource: net::ERR_INTERNET_DISCONNECTED @ https://de.xyz/api/activities:0
[112768050ms] [ERROR] Failed to load resource: net::ERR_INTERNET_DISCONNECTED @ https://de.xyz/api/eth-listings:0
[112768051ms] [ERROR] Failed to load resource: net::ERR_INTERNET_DISCONNECTED @ https://de.xyz/api/listings:0
[112768051ms] [ERROR] Failed to load resource: net::ERR_INTERNET_DISCONNECTED @ https://de.xyz/api/btc-listings:0
[112770591ms] [ERROR] Failed to load resource: net::ERR_INTERNET_DISCONNECTED @ https://de.xyz/api/activities:0
[112774001ms] [ERROR] Failed to load resource: net::ERR_INTERNET_DISCONNECTED @ https://de.xyz/api/activities:0
[112777274ms] [ERROR] Failed to load resource: net::ERR_INTERNET_DISCONNECTED @ https://de.xyz/api/activities:0
[112780331ms] [ERROR] Failed to load resource: net::ERR_INTERNET_DISCONNECTED @ https://de.xyz/api/activities:0
[112783505ms] [ERROR] Failed to load resource: net::ERR_INTERNET_DISCONNECTED @ https://de.xyz/api/activities:0
[112789378ms] [ERROR] Failed to load resource: net::ERR_INTERNET_DISCONNECTED @ https://de.xyz/api/activities:0
[112792460ms] [ERROR] Failed to load resource: net::ERR_INTERNET_DISCONNECTED @ https://de.xyz/api/activities:0
[112794589ms] [ERROR] Failed to load resource: net::ERR_INTERNET_DISCONNECTED @ https://de.xyz/api/listings:0
[112794597ms] [ERROR] Failed to load resource: net::ERR_INTERNET_DISCONNECTED @ https://de.xyz/api/eth-listings:0
[112794597ms] [ERROR] Failed to load resource: net::ERR_INTERNET_DISCONNECTED @ https://de.xyz/api/btc-listings:0
[112795555ms] [ERROR] Failed to load resource: net::ERR_INTERNET_DISCONNECTED @ https://de.xyz/api/activities:0
[112797668ms] [ERROR] Failed to load resource: net::ERR_INTERNET_DISCONNECTED @ https://de.xyz/api/listings:0
[112797668ms] [ERROR] Failed to load resource: net::ERR_INTERNET_DISCONNECTED @ https://de.xyz/api/eth-listings:0
[112797668ms] [ERROR] Failed to load resource: net::ERR_INTERNET_DISCONNECTED @ https://de.xyz/api/btc-listings:0
[112798607ms] [ERROR] Failed to load resource: net::ERR_INTERNET_DISCONNECTED @ https://de.xyz/api/activities:0
[112800720ms] [ERROR] Failed to load resource: net::ERR_INTERNET_DISCONNECTED @ https://de.xyz/api/listings:0
[112800721ms] [ERROR] Failed to load resource: net::ERR_INTERNET_DISCONNECTED @ https://de.xyz/api/eth-listings:0
[112800721ms] [ERROR] Failed to load resource: net::ERR_INTERNET_DISCONNECTED @ https://de.xyz/api/btc-listings:0
[112801658ms] [ERROR] Failed to load resource: net::ERR_INTERNET_DISCONNECTED @ https://de.xyz/api/activities:0
[112803883ms] [ERROR] Failed to load resource: net::ERR_INTERNET_DISCONNECTED @ https://de.xyz/api/listings:0
[112803884ms] [ERROR] Failed to load resource: net::ERR_INTERNET_DISCONNECTED @ https://de.xyz/api/eth-listings:0
[112803884ms] [ERROR] Failed to load resource: net::ERR_INTERNET_DISCONNECTED @ https://de.xyz/api/btc-listings:0
[112804720ms] [ERROR] Failed to load resource: net::ERR_INTERNET_DISCONNECTED @ https://de.xyz/api/activities:0
[112806942ms] [ERROR] Failed to load resource: net::ERR_INTERNET_DISCONNECTED @ https://de.xyz/api/listings:0
[112806943ms] [ERROR] Failed to load resource: net::ERR_INTERNET_DISCONNECTED @ https://de.xyz/api/btc-listings:0
[112806943ms] [ERROR] Failed to load resource: net::ERR_INTERNET_DISCONNECTED @ https://de.xyz/api/eth-listings:0
[112807776ms] [ERROR] Failed to load resource: net::ERR_INTERNET_DISCONNECTED @ https://de.xyz/api/activities:0
[112810030ms] [ERROR] Failed to load resource: net::ERR_INTERNET_DISCONNECTED @ https://de.xyz/api/listings:0
[112810030ms] [ERROR] Failed to load resource: net::ERR_INTERNET_DISCONNECTED @ https://de.xyz/api/btc-listings:0
[112810030ms] [ERROR] Failed to load resource: net::ERR_INTERNET_DISCONNECTED @ https://de.xyz/api/eth-listings:0
[112813106ms] [ERROR] Failed to load resource: net::ERR_INTERNET_DISCONNECTED @ https://de.xyz/api/listings:0
[112813106ms] [ERROR] Failed to load resource: net::ERR_INTERNET_DISCONNECTED @ https://de.xyz/api/eth-listings:0
[112813106ms] [ERROR] Failed to load resource: net::ERR_INTERNET_DISCONNECTED @ https://de.xyz/api/btc-listings:0
[112814415ms] [ERROR] Failed to load resource: net::ERR_INTERNET_DISCONNECTED @ https://de.xyz/api/activities:0
[112817516ms] [ERROR] Failed to load resource: net::ERR_INTERNET_DISCONNECTED @ https://de.xyz/api/activities:0
[112820546ms] [ERROR] Failed to load resource: net::ERR_INTERNET_DISCONNECTED @ https://de.xyz/api/activities:0
[112823584ms] [ERROR] Failed to load resource: net::ERR_INTERNET_DISCONNECTED @ https://de.xyz/api/activities:0
[112824300ms] [ERROR] Failed to load resource: net::ERR_INTERNET_DISCONNECTED @ https://de.xyz/api/activities:0
[112824300ms] [ERROR] Failed to load resource: net::ERR_INTERNET_DISCONNECTED @ https://de.xyz/api/y00ts-activities:0
[112826614ms] [ERROR] Failed to load resource: net::ERR_INTERNET_DISCONNECTED @ https://de.xyz/api/activities:0
[112829726ms] [ERROR] Failed to load resource: net::ERR_INTERNET_DISCONNECTED @ https://de.xyz/api/activities:0
[112832821ms] [ERROR] Failed to load resource: net::ERR_INTERNET_DISCONNECTED @ https://de.xyz/api/activities:0
[112839360ms] [ERROR] Failed to load resource: net::ERR_INTERNET_DISCONNECTED @ https://de.xyz/api/listings:0
[112839360ms] [ERROR] Failed to load resource: net::ERR_INTERNET_DISCONNECTED @ https://de.xyz/api/eth-listings:0
[112839360ms] [ERROR] Failed to load resource: net::ERR_INTERNET_DISCONNECTED @ https://de.xyz/api/activities:0
[112839360ms] [ERROR] Failed to load resource: net::ERR_INTERNET_DISCONNECTED @ https://de.xyz/api/btc-listings:0
[112842425ms] [ERROR] Failed to load resource: net::ERR_INTERNET_DISCONNECTED @ https://de.xyz/api/listings:0
[112842426ms] [ERROR] Failed to load resource: net::ERR_INTERNET_DISCONNECTED @ https://de.xyz/api/eth-listings:0
[112842426ms] [ERROR] Failed to load resource: net::ERR_INTERNET_DISCONNECTED @ https://de.xyz/api/activities:0
[112842426ms] [ERROR] Failed to load resource: net::ERR_INTERNET_DISCONNECTED @ https://de.xyz/api/btc-listings:0
[112845477ms] [ERROR] Failed to load resource: net::ERR_INTERNET_DISCONNECTED @ https://de.xyz/api/eth-listings:0
[112845477ms] [ERROR] Failed to load resource: net::ERR_INTERNET_DISCONNECTED @ https://de.xyz/api/listings:0
[112845477ms] [ERROR] Failed to load resource: net::ERR_INTERNET_DISCONNECTED @ https://de.xyz/api/activities:0
[112845478ms] [ERROR] Failed to load resource: net::ERR_INTERNET_DISCONNECTED @ https://de.xyz/api/btc-listings:0
[112848529ms] [ERROR] Failed to load resource: net::ERR_INTERNET_DISCONNECTED @ https://de.xyz/api/eth-listings:0
[112848529ms] [ERROR] Failed to load resource: net::ERR_INTERNET_DISCONNECTED @ https://de.xyz/api/listings:0
[112848530ms] [ERROR] Failed to load resource: net::ERR_INTERNET_DISCONNECTED @ https://de.xyz/api/activities:0
[112848530ms] [ERROR] Failed to load resource: net::ERR_INTERNET_DISCONNECTED @ https://de.xyz/api/btc-listings:0
[112851612ms] [ERROR] Failed to load resource: net::ERR_INTERNET_DISCONNECTED @ https://de.xyz/api/activities:0
[112851614ms] [ERROR] Failed to load resource: net::ERR_INTERNET_DISCONNECTED @ https://de.xyz/api/listings:0
[112851615ms] [ERROR] Failed to load resource: net::ERR_INTERNET_DISCONNECTED @ https://de.xyz/api/eth-listings:0
[112851615ms] [ERROR] Failed to load resource: net::ERR_INTERNET_DISCONNECTED @ https://de.xyz/api/btc-listings:0
[112854688ms] [ERROR] Failed to load resource: net::ERR_INTERNET_DISCONNECTED @ https://de.xyz/api/activities:0
[112854688ms] [ERROR] Failed to load resource: net::ERR_INTERNET_DISCONNECTED @ https://de.xyz/api/listings:0
[112854689ms] [ERROR] Failed to load resource: net::ERR_INTERNET_DISCONNECTED @ https://de.xyz/api/eth-listings:0
[112854689ms] [ERROR] Failed to load resource: net::ERR_INTERNET_DISCONNECTED @ https://de.xyz/api/btc-listings:0
[112857755ms] [ERROR] Failed to load resource: net::ERR_INTERNET_DISCONNECTED @ https://de.xyz/api/activities:0
[112857757ms] [ERROR] Failed to load resource: net::ERR_INTERNET_DISCONNECTED @ https://de.xyz/api/listings:0
[112857762ms] [ERROR] Failed to load resource: net::ERR_INTERNET_DISCONNECTED @ https://de.xyz/api/eth-listings:0
[112857763ms] [ERROR] Failed to load resource: net::ERR_INTERNET_DISCONNECTED @ https://de.xyz/api/btc-listings:0
[112864560ms] [ERROR] Failed to load resource: net::ERR_INTERNET_DISCONNECTED @ https://de.xyz/api/activities:0
[112867618ms] [ERROR] Failed to load resource: net::ERR_INTERNET_DISCONNECTED @ https://de.xyz/api/activities:0
[112870691ms] [ERROR] Failed to load resource: net::ERR_INTERNET_DISCONNECTED @ https://de.xyz/api/activities:0
[112873765ms] [ERROR] Failed to load resource: net::ERR_INTERNET_DISCONNECTED @ https://de.xyz/api/activities:0
[112876876ms] [ERROR] Failed to load resource: net::ERR_INTERNET_DISCONNECTED @ https://de.xyz/api/activities:0
[112879916ms] [ERROR] Failed to load resource: net::ERR_INTERNET_DISCONNECTED @ https://de.xyz/api/activities:0
[112882984ms] [ERROR] Failed to load resource: net::ERR_INTERNET_DISCONNECTED @ https://de.xyz/api/activities:0
[112884358ms] [ERROR] Failed to load resource: net::ERR_INTERNET_DISCONNECTED @ https://de.xyz/api/activities:0
[112884358ms] [ERROR] Failed to load resource: net::ERR_INTERNET_DISCONNECTED @ https://de.xyz/api/y00ts-activities:0
[112884358ms] [ERROR] Failed to load resource: net::ERR_INTERNET_DISCONNECTED @ https://de.xyz/api/listings:0
[112884358ms] [ERROR] Failed to load resource: net::ERR_INTERNET_DISCONNECTED @ https://de.xyz/api/eth-listings:0
[112884359ms] [ERROR] Failed to load resource: net::ERR_INTERNET_DISCONNECTED @ https://de.xyz/api/btc-listings:0
[112887402ms] [ERROR] Failed to load resource: net::ERR_INTERNET_DISCONNECTED @ https://de.xyz/api/btc-listings:0
[112887402ms] [ERROR] Failed to load resource: net::ERR_INTERNET_DISCONNECTED @ https://de.xyz/api/listings:0
[112887402ms] [ERROR] Failed to load resource: net::ERR_INTERNET_DISCONNECTED @ https://de.xyz/api/eth-listings:0
[112889394ms] [ERROR] Failed to load resource: net::ERR_INTERNET_DISCONNECTED @ https://de.xyz/api/activities:0
[112890435ms] [ERROR] Failed to load resource: net::ERR_INTERNET_DISCONNECTED @ https://de.xyz/api/btc-listings:0
[112890435ms] [ERROR] Failed to load resource: net::ERR_INTERNET_DISCONNECTED @ https://de.xyz/api/listings:0
[112890435ms] [ERROR] Failed to load resource: net::ERR_INTERNET_DISCONNECTED @ https://de.xyz/api/eth-listings:0
[112892439ms] [ERROR] Failed to load resource: net::ERR_INTERNET_DISCONNECTED @ https://de.xyz/api/activities:0
[112893549ms] [ERROR] Failed to load resource: net::ERR_INTERNET_DISCONNECTED @ https://de.xyz/api/btc-listings:0
[112893549ms] [ERROR] Failed to load resource: net::ERR_INTERNET_DISCONNECTED @ https://de.xyz/api/listings:0
[112893549ms] [ERROR] Failed to load resource: net::ERR_INTERNET_DISCONNECTED @ https://de.xyz/api/eth-listings:0
[112895486ms] [ERROR] Failed to load resource: net::ERR_INTERNET_DISCONNECTED @ https://de.xyz/api/activities:0
[112896598ms] [ERROR] Failed to load resource: net::ERR_INTERNET_DISCONNECTED @ https://de.xyz/api/btc-listings:0
[112896599ms] [ERROR] Failed to load resource: net::ERR_INTERNET_DISCONNECTED @ https://de.xyz/api/listings:0
[112896599ms] [ERROR] Failed to load resource: net::ERR_INTERNET_DISCONNECTED @ https://de.xyz/api/eth-listings:0
[112898515ms] [ERROR] Failed to load resource: net::ERR_INTERNET_DISCONNECTED @ https://de.xyz/api/activities:0
[112899637ms] [ERROR] Failed to load resource: net::ERR_INTERNET_DISCONNECTED @ https://de.xyz/api/btc-listings:0
[112899638ms] [ERROR] Failed to load resource: net::ERR_INTERNET_DISCONNECTED @ https://de.xyz/api/eth-listings:0
[112899638ms] [ERROR] Failed to load resource: net::ERR_INTERNET_DISCONNECTED @ https://de.xyz/api/listings:0
[112901544ms] [ERROR] Failed to load resource: net::ERR_INTERNET_DISCONNECTED @ https://de.xyz/api/activities:0
[112902781ms] [ERROR] Failed to load resource: net::ERR_INTERNET_DISCONNECTED @ https://de.xyz/api/btc-listings:0
[112902781ms] [ERROR] Failed to load resource: net::ERR_INTERNET_DISCONNECTED @ https://de.xyz/api/eth-listings:0
[112902781ms] [ERROR] Failed to load resource: net::ERR_INTERNET_DISCONNECTED @ https://de.xyz/api/listings:0
[112904612ms] [ERROR] Failed to load resource: net::ERR_INTERNET_DISCONNECTED @ https://de.xyz/api/activities:0
[112907632ms] [ERROR] Failed to load resource: net::ERR_INTERNET_DISCONNECTED @ https://de.xyz/api/activities:0
[112914321ms] [ERROR] Failed to load resource: net::ERR_INTERNET_DISCONNECTED @ https://de.xyz/api/activities:0
[112917348ms] [ERROR] Failed to load resource: net::ERR_INTERNET_DISCONNECTED @ https://de.xyz/api/activities:0
[112920371ms] [ERROR] Failed to load resource: net::ERR_INTERNET_DISCONNECTED @ https://de.xyz/api/activities:0
[112923398ms] [ERROR] Failed to load resource: net::ERR_INTERNET_DISCONNECTED @ https://de.xyz/api/activities:0
[112926489ms] [ERROR] Failed to load resource: net::ERR_INTERNET_DISCONNECTED @ https://de.xyz/api/activities:0
[112929342ms] [ERROR] Failed to load resource: net::ERR_INTERNET_DISCONNECTED @ https://de.xyz/api/listings:0
[112929342ms] [ERROR] Failed to load resource: net::ERR_INTERNET_DISCONNECTED @ https://de.xyz/api/eth-listings:0
[112929342ms] [ERROR] Failed to load resource: net::ERR_INTERNET_DISCONNECTED @ https://de.xyz/api/btc-listings:0
[112929530ms] [ERROR] Failed to load resource: net::ERR_INTERNET_DISCONNECTED @ https://de.xyz/api/activities:0
[112932380ms] [ERROR] Failed to load resource: net::ERR_INTERNET_DISCONNECTED @ https://de.xyz/api/listings:0
[112932380ms] [ERROR] Failed to load resource: net::ERR_INTERNET_DISCONNECTED @ https://de.xyz/api/eth-listings:0
[112932381ms] [ERROR] Failed to load resource: net::ERR_INTERNET_DISCONNECTED @ https://de.xyz/api/btc-listings:0
[112932589ms] [ERROR] Failed to load resource: net::ERR_INTERNET_DISCONNECTED @ https://de.xyz/api/activities:0
[112935431ms] [ERROR] Failed to load resource: net::ERR_INTERNET_DISCONNECTED @ https://de.xyz/api/listings:0
[112935431ms] [ERROR] Failed to load resource: net::ERR_INTERNET_DISCONNECTED @ https://de.xyz/api/eth-listings:0
[112935431ms] [ERROR] Failed to load resource: net::ERR_INTERNET_DISCONNECTED @ https://de.xyz/api/btc-listings:0
[112938478ms] [ERROR] Failed to load resource: net::ERR_INTERNET_DISCONNECTED @ https://de.xyz/api/listings:0
[112938478ms] [ERROR] Failed to load resource: net::ERR_INTERNET_DISCONNECTED @ https://de.xyz/api/eth-listings:0
[112938478ms] [ERROR] Failed to load resource: net::ERR_INTERNET_DISCONNECTED @ https://de.xyz/api/btc-listings:0
[112939345ms] [ERROR] Failed to load resource: net::ERR_INTERNET_DISCONNECTED @ https://de.xyz/api/activities:0
[112941517ms] [ERROR] Failed to load resource: net::ERR_INTERNET_DISCONNECTED @ https://de.xyz/api/listings:0
[112941517ms] [ERROR] Failed to load resource: net::ERR_INTERNET_DISCONNECTED @ https://de.xyz/api/eth-listings:0
[112941517ms] [ERROR] Failed to load resource: net::ERR_INTERNET_DISCONNECTED @ https://de.xyz/api/btc-listings:0
[112942405ms] [ERROR] Failed to load resource: net::ERR_INTERNET_DISCONNECTED @ https://de.xyz/api/activities:0
[112944373ms] [ERROR] Failed to load resource: net::ERR_INTERNET_DISCONNECTED @ https://de.xyz/api/activities:0
[112944373ms] [ERROR] Failed to load resource: net::ERR_INTERNET_DISCONNECTED @ https://de.xyz/api/y00ts-activities:0
[112944571ms] [ERROR] Failed to load resource: net::ERR_INTERNET_DISCONNECTED @ https://de.xyz/api/eth-listings:0
[112944571ms] [ERROR] Failed to load resource: net::ERR_INTERNET_DISCONNECTED @ https://de.xyz/api/listings:0
[112944571ms] [ERROR] Failed to load resource: net::ERR_INTERNET_DISCONNECTED @ https://de.xyz/api/btc-listings:0
[112945481ms] [ERROR] Failed to load resource: net::ERR_INTERNET_DISCONNECTED @ https://de.xyz/api/activities:0
[112947887ms] [ERROR] Failed to load resource: net::ERR_INTERNET_DISCONNECTED @ https://de.xyz/api/btc-listings:0
[112947887ms] [ERROR] Failed to load resource: net::ERR_INTERNET_DISCONNECTED @ https://de.xyz/api/eth-listings:0
[112947887ms] [ERROR] Failed to load resource: net::ERR_INTERNET_DISCONNECTED @ https://de.xyz/api/listings:0
[112948674ms] [ERROR] Failed to load resource: net::ERR_INTERNET_DISCONNECTED @ https://de.xyz/api/activities:0
[112951737ms] [ERROR] Failed to load resource: net::ERR_INTERNET_DISCONNECTED @ https://de.xyz/api/activities:0
[112954805ms] [ERROR] Failed to load resource: net::ERR_INTERNET_DISCONNECTED @ https://de.xyz/api/activities:0
[112957853ms] [ERROR] Failed to load resource: net::ERR_INTERNET_DISCONNECTED @ https://de.xyz/api/activities:0
[112964393ms] [ERROR] Failed to load resource: net::ERR_INTERNET_DISCONNECTED @ https://de.xyz/api/activities:0
[112967495ms] [ERROR] Failed to load resource: net::ERR_INTERNET_DISCONNECTED @ https://de.xyz/api/activities:0
[112970515ms] [ERROR] Failed to load resource: net::ERR_INTERNET_DISCONNECTED @ https://de.xyz/api/activities:0
[112973552ms] [ERROR] Failed to load resource: net::ERR_INTERNET_DISCONNECTED @ https://de.xyz/api/activities:0
[112974339ms] [ERROR] Failed to load resource: net::ERR_INTERNET_DISCONNECTED @ https://de.xyz/api/listings:0
[112974342ms] [ERROR] Failed to load resource: net::ERR_INTERNET_DISCONNECTED @ https://de.xyz/api/eth-listings:0
[112974342ms] [ERROR] Failed to load resource: net::ERR_INTERNET_DISCONNECTED @ https://de.xyz/api/btc-listings:0
[112976652ms] [ERROR] Failed to load resource: net::ERR_INTERNET_DISCONNECTED @ https://de.xyz/api/activities:0
[112977394ms] [ERROR] Failed to load resource: net::ERR_INTERNET_DISCONNECTED @ https://de.xyz/api/listings:0
[112977394ms] [ERROR] Failed to load resource: net::ERR_INTERNET_DISCONNECTED @ https://de.xyz/api/eth-listings:0
[112977394ms] [ERROR] Failed to load resource: net::ERR_INTERNET_DISCONNECTED @ https://de.xyz/api/btc-listings:0
[112979692ms] [ERROR] Failed to load resource: net::ERR_INTERNET_DISCONNECTED @ https://de.xyz/api/activities:0
[112980432ms] [ERROR] Failed to load resource: net::ERR_INTERNET_DISCONNECTED @ https://de.xyz/api/listings:0
[112980433ms] [ERROR] Failed to load resource: net::ERR_INTERNET_DISCONNECTED @ https://de.xyz/api/eth-listings:0
[112980433ms] [ERROR] Failed to load resource: net::ERR_INTERNET_DISCONNECTED @ https://de.xyz/api/btc-listings:0
[112982755ms] [ERROR] Failed to load resource: net::ERR_INTERNET_DISCONNECTED @ https://de.xyz/api/activities:0
[112983506ms] [ERROR] Failed to load resource: net::ERR_INTERNET_DISCONNECTED @ https://de.xyz/api/listings:0
[112983506ms] [ERROR] Failed to load resource: net::ERR_INTERNET_DISCONNECTED @ https://de.xyz/api/btc-listings:0
[112983506ms] [ERROR] Failed to load resource: net::ERR_INTERNET_DISCONNECTED @ https://de.xyz/api/eth-listings:0
[112986541ms] [ERROR] Failed to load resource: net::ERR_INTERNET_DISCONNECTED @ https://de.xyz/api/btc-listings:0
[112986541ms] [ERROR] Failed to load resource: net::ERR_INTERNET_DISCONNECTED @ https://de.xyz/api/listings:0
[112986541ms] [ERROR] Failed to load resource: net::ERR_INTERNET_DISCONNECTED @ https://de.xyz/api/eth-listings:0
[112989373ms] [ERROR] Failed to load resource: net::ERR_INTERNET_DISCONNECTED @ https://de.xyz/api/activities:0
[112989568ms] [ERROR] Failed to load resource: net::ERR_INTERNET_DISCONNECTED @ https://de.xyz/api/btc-listings:0
[112989568ms] [ERROR] Failed to load resource: net::ERR_INTERNET_DISCONNECTED @ https://de.xyz/api/listings:0
[112989568ms] [ERROR] Failed to load resource: net::ERR_INTERNET_DISCONNECTED @ https://de.xyz/api/eth-listings:0
[112992474ms] [ERROR] Failed to load resource: net::ERR_INTERNET_DISCONNECTED @ https://de.xyz/api/activities:0
[112992657ms] [ERROR] Failed to load resource: net::ERR_INTERNET_DISCONNECTED @ https://de.xyz/api/btc-listings:0
[112992657ms] [ERROR] Failed to load resource: net::ERR_INTERNET_DISCONNECTED @ https://de.xyz/api/listings:0
[112992657ms] [ERROR] Failed to load resource: net::ERR_INTERNET_DISCONNECTED @ https://de.xyz/api/eth-listings:0
[112995525ms] [ERROR] Failed to load resource: net::ERR_INTERNET_DISCONNECTED @ https://de.xyz/api/activities:0
[112998551ms] [ERROR] Failed to load resource: net::ERR_INTERNET_DISCONNECTED @ https://de.xyz/api/activities:0
[113001741ms] [ERROR] Failed to load resource: net::ERR_INTERNET_DISCONNECTED @ https://de.xyz/api/activities:0
[113004332ms] [ERROR] Failed to load resource: net::ERR_INTERNET_DISCONNECTED @ https://de.xyz/api/activities:0
[113004334ms] [ERROR] Failed to load resource: net::ERR_INTERNET_DISCONNECTED @ https://de.xyz/api/y00ts-activities:0
[113004971ms] [ERROR] Failed to load resource: net::ERR_INTERNET_DISCONNECTED @ https://de.xyz/api/activities:0
[113008014ms] [ERROR] Failed to load resource: net::ERR_INTERNET_DISCONNECTED @ https://de.xyz/api/activities:0
[113014349ms] [ERROR] Failed to load resource: net::ERR_INTERNET_DISCONNECTED @ https://de.xyz/api/activities:0
[113017385ms] [ERROR] Failed to load resource: net::ERR_INTERNET_DISCONNECTED @ https://de.xyz/api/activities:0
[113019367ms] [ERROR] Failed to load resource: net::ERR_INTERNET_DISCONNECTED @ https://de.xyz/api/eth-listings:0
[113019367ms] [ERROR] Failed to load resource: net::ERR_INTERNET_DISCONNECTED @ https://de.xyz/api/listings:0
[113019367ms] [ERROR] Failed to load resource: net::ERR_INTERNET_DISCONNECTED @ https://de.xyz/api/btc-listings:0
[113020579ms] [ERROR] Failed to load resource: net::ERR_INTERNET_DISCONNECTED @ https://de.xyz/api/activities:0
[113022416ms] [ERROR] Failed to load resource: net::ERR_INTERNET_DISCONNECTED @ https://de.xyz/api/eth-listings:0
[113022416ms] [ERROR] Failed to load resource: net::ERR_INTERNET_DISCONNECTED @ https://de.xyz/api/listings:0
[113022416ms] [ERROR] Failed to load resource: net::ERR_INTERNET_DISCONNECTED @ https://de.xyz/api/btc-listings:0
[113023604ms] [ERROR] Failed to load resource: net::ERR_INTERNET_DISCONNECTED @ https://de.xyz/api/activities:0
[113025506ms] [ERROR] Failed to load resource: net::ERR_INTERNET_DISCONNECTED @ https://de.xyz/api/eth-listings:0
[113025506ms] [ERROR] Failed to load resource: net::ERR_INTERNET_DISCONNECTED @ https://de.xyz/api/btc-listings:0
[113025506ms] [ERROR] Failed to load resource: net::ERR_INTERNET_DISCONNECTED @ https://de.xyz/api/listings:0
[113026638ms] [ERROR] Failed to load resource: net::ERR_INTERNET_DISCONNECTED @ https://de.xyz/api/activities:0
[113028544ms] [ERROR] Failed to load resource: net::ERR_INTERNET_DISCONNECTED @ https://de.xyz/api/eth-listings:0
[113028544ms] [ERROR] Failed to load resource: net::ERR_INTERNET_DISCONNECTED @ https://de.xyz/api/btc-listings:0
[113028545ms] [ERROR] Failed to load resource: net::ERR_INTERNET_DISCONNECTED @ https://de.xyz/api/listings:0
[113029725ms] [ERROR] Failed to load resource: net::ERR_INTERNET_DISCONNECTED @ https://de.xyz/api/activities:0
[113031588ms] [ERROR] Failed to load resource: net::ERR_INTERNET_DISCONNECTED @ https://de.xyz/api/btc-listings:0
[113031588ms] [ERROR] Failed to load resource: net::ERR_INTERNET_DISCONNECTED @ https://de.xyz/api/eth-listings:0
[113031588ms] [ERROR] Failed to load resource: net::ERR_INTERNET_DISCONNECTED @ https://de.xyz/api/listings:0
[113032775ms] [ERROR] Failed to load resource: net::ERR_INTERNET_DISCONNECTED @ https://de.xyz/api/activities:0
[113034651ms] [ERROR] Failed to load resource: net::ERR_INTERNET_DISCONNECTED @ https://de.xyz/api/btc-listings:0
[113034651ms] [ERROR] Failed to load resource: net::ERR_INTERNET_DISCONNECTED @ https://de.xyz/api/eth-listings:0
[113034651ms] [ERROR] Failed to load resource: net::ERR_INTERNET_DISCONNECTED @ https://de.xyz/api/listings:0
[113037707ms] [ERROR] Failed to load resource: net::ERR_INTERNET_DISCONNECTED @ https://de.xyz/api/btc-listings:0
[113037707ms] [ERROR] Failed to load resource: net::ERR_INTERNET_DISCONNECTED @ https://de.xyz/api/eth-listings:0
[113037707ms] [ERROR] Failed to load resource: net::ERR_INTERNET_DISCONNECTED @ https://de.xyz/api/listings:0
[113039479ms] [ERROR] Failed to load resource: net::ERR_INTERNET_DISCONNECTED @ https://de.xyz/api/activities:0
[113042530ms] [ERROR] Failed to load resource: net::ERR_INTERNET_DISCONNECTED @ https://de.xyz/api/activities:0
[113045568ms] [ERROR] Failed to load resource: net::ERR_INTERNET_DISCONNECTED @ https://de.xyz/api/activities:0
[113048618ms] [ERROR] Failed to load resource: net::ERR_INTERNET_DISCONNECTED @ https://de.xyz/api/activities:0
[113051655ms] [ERROR] Failed to load resource: net::ERR_INTERNET_DISCONNECTED @ https://de.xyz/api/activities:0
[113055118ms] [ERROR] Failed to load resource: net::ERR_INTERNET_DISCONNECTED @ https://de.xyz/api/activities:0
[113058181ms] [ERROR] Failed to load resource: net::ERR_INTERNET_DISCONNECTED @ https://de.xyz/api/activities:0
[113064435ms] [ERROR] Failed to load resource: net::ERR_INTERNET_DISCONNECTED @ https://de.xyz/api/activities:0
[113064502ms] [ERROR] Failed to load resource: net::ERR_INTERNET_DISCONNECTED @ https://de.xyz/api/y00ts-activities:0
[113064502ms] [ERROR] Failed to load resource: net::ERR_INTERNET_DISCONNECTED @ https://de.xyz/api/listings:0
[113064502ms] [ERROR] Failed to load resource: net::ERR_INTERNET_DISCONNECTED @ https://de.xyz/api/activities:0
[113064502ms] [ERROR] Failed to load resource: net::ERR_INTERNET_DISCONNECTED @ https://de.xyz/api/volume:0
[113064502ms] [ERROR] Failed to load resource: net::ERR_INTERNET_DISCONNECTED @ https://de.xyz/api/eth-listings:0
[113064503ms] [ERROR] Failed to load resource: net::ERR_INTERNET_DISCONNECTED @ https://de.xyz/api/btc-listings:0
[113067531ms] [ERROR] Failed to load resource: net::ERR_INTERNET_DISCONNECTED @ https://de.xyz/api/eth-listings:0
[113067531ms] [ERROR] Failed to load resource: net::ERR_INTERNET_DISCONNECTED @ https://de.xyz/api/listings:0
[113067531ms] [ERROR] Failed to load resource: net::ERR_INTERNET_DISCONNECTED @ https://de.xyz/api/activities:0
[113067531ms] [ERROR] Failed to load resource: net::ERR_INTERNET_DISCONNECTED @ https://de.xyz/api/btc-listings:0
[113070568ms] [ERROR] Failed to load resource: net::ERR_INTERNET_DISCONNECTED @ https://de.xyz/api/eth-listings:0
[113070568ms] [ERROR] Failed to load resource: net::ERR_INTERNET_DISCONNECTED @ https://de.xyz/api/listings:0
[113070568ms] [ERROR] Failed to load resource: net::ERR_INTERNET_DISCONNECTED @ https://de.xyz/api/activities:0
[113070568ms] [ERROR] Failed to load resource: net::ERR_INTERNET_DISCONNECTED @ https://de.xyz/api/btc-listings:0
[113073603ms] [ERROR] Failed to load resource: net::ERR_INTERNET_DISCONNECTED @ https://de.xyz/api/listings:0
[113073603ms] [ERROR] Failed to load resource: net::ERR_INTERNET_DISCONNECTED @ https://de.xyz/api/btc-listings:0
[113073603ms] [ERROR] Failed to load resource: net::ERR_INTERNET_DISCONNECTED @ https://de.xyz/api/eth-listings:0
[113073603ms] [ERROR] Failed to load resource: net::ERR_INTERNET_DISCONNECTED @ https://de.xyz/api/activities:0
[113076642ms] [ERROR] Failed to load resource: net::ERR_INTERNET_DISCONNECTED @ https://de.xyz/api/activities:0
[113076642ms] [ERROR] Failed to load resource: net::ERR_INTERNET_DISCONNECTED @ https://de.xyz/api/listings:0
[113076642ms] [ERROR] Failed to load resource: net::ERR_INTERNET_DISCONNECTED @ https://de.xyz/api/eth-listings:0
[113076642ms] [ERROR] Failed to load resource: net::ERR_INTERNET_DISCONNECTED @ https://de.xyz/api/btc-listings:0
[113079720ms] [ERROR] Failed to load resource: net::ERR_INTERNET_DISCONNECTED @ https://de.xyz/api/listings:0
[113079722ms] [ERROR] Failed to load resource: net::ERR_INTERNET_DISCONNECTED @ https://de.xyz/api/activities:0
[113079722ms] [ERROR] Failed to load resource: net::ERR_INTERNET_DISCONNECTED @ https://de.xyz/api/eth-listings:0
[113079723ms] [ERROR] Failed to load resource: net::ERR_INTERNET_DISCONNECTED @ https://de.xyz/api/btc-listings:0
[113082839ms] [ERROR] Failed to load resource: net::ERR_INTERNET_DISCONNECTED @ https://de.xyz/api/listings:0
[113082839ms] [ERROR] Failed to load resource: net::ERR_INTERNET_DISCONNECTED @ https://de.xyz/api/activities:0
[113082839ms] [ERROR] Failed to load resource: net::ERR_INTERNET_DISCONNECTED @ https://de.xyz/api/eth-listings:0
[113082839ms] [ERROR] Failed to load resource: net::ERR_INTERNET_DISCONNECTED @ https://de.xyz/api/btc-listings:0
[113089379ms] [ERROR] Failed to load resource: net::ERR_INTERNET_DISCONNECTED @ https://de.xyz/api/activities:0
[113092741ms] [ERROR] Failed to load resource: net::ERR_INTERNET_DISCONNECTED @ https://de.xyz/api/activities:0
[113095782ms] [ERROR] Failed to load resource: net::ERR_INTERNET_DISCONNECTED @ https://de.xyz/api/activities:0
[113098816ms] [ERROR] Failed to load resource: net::ERR_INTERNET_DISCONNECTED @ https://de.xyz/api/activities:0
[113101871ms] [ERROR] Failed to load resource: net::ERR_INTERNET_DISCONNECTED @ https://de.xyz/api/activities:0
[113104968ms] [ERROR] Failed to load resource: net::ERR_INTERNET_DISCONNECTED @ https://de.xyz/api/activities:0
[113107996ms] [ERROR] Failed to load resource: net::ERR_INTERNET_DISCONNECTED @ https://de.xyz/api/activities:0
[113109351ms] [ERROR] Failed to load resource: net::ERR_INTERNET_DISCONNECTED @ https://de.xyz/api/listings:0
[113109352ms] [ERROR] Failed to load resource: net::ERR_INTERNET_DISCONNECTED @ https://de.xyz/api/eth-listings:0
[113109352ms] [ERROR] Failed to load resource: net::ERR_INTERNET_DISCONNECTED @ https://de.xyz/api/btc-listings:0
[113112382ms] [ERROR] Failed to load resource: net::ERR_INTERNET_DISCONNECTED @ https://de.xyz/api/eth-listings:0
[113112383ms] [ERROR] Failed to load resource: net::ERR_INTERNET_DISCONNECTED @ https://de.xyz/api/listings:0
[113112383ms] [ERROR] Failed to load resource: net::ERR_INTERNET_DISCONNECTED @ https://de.xyz/api/btc-listings:0
[113114339ms] [ERROR] Failed to load resource: net::ERR_INTERNET_DISCONNECTED @ https://de.xyz/api/activities:0
[113115457ms] [ERROR] Failed to load resource: net::ERR_INTERNET_DISCONNECTED @ https://de.xyz/api/btc-listings:0
[113115458ms] [ERROR] Failed to load resource: net::ERR_INTERNET_DISCONNECTED @ https://de.xyz/api/listings:0
[113115458ms] [ERROR] Failed to load resource: net::ERR_INTERNET_DISCONNECTED @ https://de.xyz/api/eth-listings:0
[113117409ms] [ERROR] Failed to load resource: net::ERR_INTERNET_DISCONNECTED @ https://de.xyz/api/activities:0
[113118519ms] [ERROR] Failed to load resource: net::ERR_INTERNET_DISCONNECTED @ https://de.xyz/api/btc-listings:0
[113118519ms] [ERROR] Failed to load resource: net::ERR_INTERNET_DISCONNECTED @ https://de.xyz/api/listings:0
[113118519ms] [ERROR] Failed to load resource: net::ERR_INTERNET_DISCONNECTED @ https://de.xyz/api/eth-listings:0
[113120488ms] [ERROR] Failed to load resource: net::ERR_INTERNET_DISCONNECTED @ https://de.xyz/api/activities:0
[113121554ms] [ERROR] Failed to load resource: net::ERR_INTERNET_DISCONNECTED @ https://de.xyz/api/btc-listings:0
[113121554ms] [ERROR] Failed to load resource: net::ERR_INTERNET_DISCONNECTED @ https://de.xyz/api/listings:0
[113121556ms] [ERROR] Failed to load resource: net::ERR_INTERNET_DISCONNECTED @ https://de.xyz/api/eth-listings:0
[113123577ms] [ERROR] Failed to load resource: net::ERR_INTERNET_DISCONNECTED @ https://de.xyz/api/activities:0
[113124300ms] [ERROR] Failed to load resource: net::ERR_INTERNET_DISCONNECTED @ https://de.xyz/api/activities:0
[113124300ms] [ERROR] Failed to load resource: net::ERR_INTERNET_DISCONNECTED @ https://de.xyz/api/y00ts-activities:0
[113124603ms] [ERROR] Failed to load resource: net::ERR_INTERNET_DISCONNECTED @ https://de.xyz/api/btc-listings:0
[113124603ms] [ERROR] Failed to load resource: net::ERR_INTERNET_DISCONNECTED @ https://de.xyz/api/listings:0
[113124603ms] [ERROR] Failed to load resource: net::ERR_INTERNET_DISCONNECTED @ https://de.xyz/api/eth-listings:0
[113126633ms] [ERROR] Failed to load resource: net::ERR_INTERNET_DISCONNECTED @ https://de.xyz/api/activities:0
[113127627ms] [ERROR] Failed to load resource: net::ERR_INTERNET_DISCONNECTED @ https://de.xyz/api/listings:0
[113127628ms] [ERROR] Failed to load resource: net::ERR_INTERNET_DISCONNECTED @ https://de.xyz/api/btc-listings:0
[113127628ms] [ERROR] Failed to load resource: net::ERR_INTERNET_DISCONNECTED @ https://de.xyz/api/eth-listings:0
[113129682ms] [ERROR] Failed to load resource: net::ERR_INTERNET_DISCONNECTED @ https://de.xyz/api/activities:0
[113132755ms] [ERROR] Failed to load resource: net::ERR_INTERNET_DISCONNECTED @ https://de.xyz/api/activities:0
[113139357ms] [ERROR] Failed to load resource: net::ERR_INTERNET_DISCONNECTED @ https://de.xyz/api/activities:0
[113142400ms] [ERROR] Failed to load resource: net::ERR_INTERNET_DISCONNECTED @ https://de.xyz/api/activities:0
[113145456ms] [ERROR] Failed to load resource: net::ERR_INTERNET_DISCONNECTED @ https://de.xyz/api/activities:0
[113148523ms] [ERROR] Failed to load resource: net::ERR_INTERNET_DISCONNECTED @ https://de.xyz/api/activities:0
[113151550ms] [ERROR] Failed to load resource: net::ERR_INTERNET_DISCONNECTED @ https://de.xyz/api/activities:0
[113154428ms] [ERROR] Failed to load resource: net::ERR_INTERNET_DISCONNECTED @ https://de.xyz/api/listings:0
[113154429ms] [ERROR] Failed to load resource: net::ERR_INTERNET_DISCONNECTED @ https://de.xyz/api/eth-listings:0
[113154429ms] [ERROR] Failed to load resource: net::ERR_INTERNET_DISCONNECTED @ https://de.xyz/api/btc-listings:0
[113154580ms] [ERROR] Failed to load resource: net::ERR_INTERNET_DISCONNECTED @ https://de.xyz/api/activities:0
[113157501ms] [ERROR] Failed to load resource: net::ERR_INTERNET_DISCONNECTED @ https://de.xyz/api/listings:0
[113157501ms] [ERROR] Failed to load resource: net::ERR_INTERNET_DISCONNECTED @ https://de.xyz/api/eth-listings:0
[113157502ms] [ERROR] Failed to load resource: net::ERR_INTERNET_DISCONNECTED @ https://de.xyz/api/btc-listings:0
[113157653ms] [ERROR] Failed to load resource: net::ERR_INTERNET_DISCONNECTED @ https://de.xyz/api/activities:0
[113160552ms] [ERROR] Failed to load resource: net::ERR_INTERNET_DISCONNECTED @ https://de.xyz/api/listings:0
[113160553ms] [ERROR] Failed to load resource: net::ERR_INTERNET_DISCONNECTED @ https://de.xyz/api/eth-listings:0
[113160553ms] [ERROR] Failed to load resource: net::ERR_INTERNET_DISCONNECTED @ https://de.xyz/api/btc-listings:0
[113163643ms] [ERROR] Failed to load resource: net::ERR_INTERNET_DISCONNECTED @ https://de.xyz/api/listings:0
[113163644ms] [ERROR] Failed to load resource: net::ERR_INTERNET_DISCONNECTED @ https://de.xyz/api/eth-listings:0
[113163644ms] [ERROR] Failed to load resource: net::ERR_INTERNET_DISCONNECTED @ https://de.xyz/api/btc-listings:0
[113164460ms] [ERROR] Failed to load resource: net::ERR_INTERNET_DISCONNECTED @ https://de.xyz/api/activities:0
[113166666ms] [ERROR] Failed to load resource: net::ERR_INTERNET_DISCONNECTED @ https://de.xyz/api/eth-listings:0
[113166666ms] [ERROR] Failed to load resource: net::ERR_INTERNET_DISCONNECTED @ https://de.xyz/api/listings:0
[113166667ms] [ERROR] Failed to load resource: net::ERR_INTERNET_DISCONNECTED @ https://de.xyz/api/btc-listings:0
[113167854ms] [ERROR] Failed to load resource: net::ERR_INTERNET_DISCONNECTED @ https://de.xyz/api/activities:0
[113169731ms] [ERROR] Failed to load resource: net::ERR_INTERNET_DISCONNECTED @ https://de.xyz/api/eth-listings:0
[113169742ms] [ERROR] Failed to load resource: net::ERR_INTERNET_DISCONNECTED @ https://de.xyz/api/listings:0
[113169744ms] [ERROR] Failed to load resource: net::ERR_INTERNET_DISCONNECTED @ https://de.xyz/api/btc-listings:0
[113170919ms] [ERROR] Failed to load resource: net::ERR_INTERNET_DISCONNECTED @ https://de.xyz/api/activities:0
[113172837ms] [ERROR] Failed to load resource: net::ERR_INTERNET_DISCONNECTED @ https://de.xyz/api/listings:0
[113172837ms] [ERROR] Failed to load resource: net::ERR_INTERNET_DISCONNECTED @ https://de.xyz/api/eth-listings:0
[113172837ms] [ERROR] Failed to load resource: net::ERR_INTERNET_DISCONNECTED @ https://de.xyz/api/btc-listings:0
[113173964ms] [ERROR] Failed to load resource: net::ERR_INTERNET_DISCONNECTED @ https://de.xyz/api/activities:0
[113177002ms] [ERROR] Failed to load resource: net::ERR_INTERNET_DISCONNECTED @ https://de.xyz/api/activities:0
[113180060ms] [ERROR] Failed to load resource: net::ERR_INTERNET_DISCONNECTED @ https://de.xyz/api/activities:0
[113183107ms] [ERROR] Failed to load resource: net::ERR_INTERNET_DISCONNECTED @ https://de.xyz/api/activities:0
[113184347ms] [ERROR] Failed to load resource: net::ERR_INTERNET_DISCONNECTED @ https://de.xyz/api/activities:0
[113184347ms] [ERROR] Failed to load resource: net::ERR_INTERNET_DISCONNECTED @ https://de.xyz/api/y00ts-activities:0
[113189370ms] [ERROR] Failed to load resource: net::ERR_INTERNET_DISCONNECTED @ https://de.xyz/api/activities:0
[113192656ms] [ERROR] Failed to load resource: net::ERR_INTERNET_DISCONNECTED @ https://de.xyz/api/activities:0
[113195710ms] [ERROR] Failed to load resource: net::ERR_INTERNET_DISCONNECTED @ https://de.xyz/api/activities:0
[113198749ms] [ERROR] Failed to load resource: net::ERR_INTERNET_DISCONNECTED @ https://de.xyz/api/activities:0
[113199462ms] [ERROR] Failed to load resource: net::ERR_INTERNET_DISCONNECTED @ https://de.xyz/api/listings:0
[113199462ms] [ERROR] Failed to load resource: net::ERR_INTERNET_DISCONNECTED @ https://de.xyz/api/btc-listings:0
[113199462ms] [ERROR] Failed to load resource: net::ERR_INTERNET_DISCONNECTED @ https://de.xyz/api/eth-listings:0
[113201936ms] [ERROR] Failed to load resource: net::ERR_INTERNET_DISCONNECTED @ https://de.xyz/api/activities:0
[113202523ms] [ERROR] Failed to load resource: net::ERR_INTERNET_DISCONNECTED @ https://de.xyz/api/listings:0
[113202523ms] [ERROR] Failed to load resource: net::ERR_INTERNET_DISCONNECTED @ https://de.xyz/api/btc-listings:0
[113202523ms] [ERROR] Failed to load resource: net::ERR_INTERNET_DISCONNECTED @ https://de.xyz/api/eth-listings:0
[113205036ms] [ERROR] Failed to load resource: net::ERR_INTERNET_DISCONNECTED @ https://de.xyz/api/activities:0
[113205738ms] [ERROR] Failed to load resource: net::ERR_INTERNET_DISCONNECTED @ https://de.xyz/api/btc-listings:0
[113205738ms] [ERROR] Failed to load resource: net::ERR_INTERNET_DISCONNECTED @ https://de.xyz/api/listings:0
[113205738ms] [ERROR] Failed to load resource: net::ERR_INTERNET_DISCONNECTED @ https://de.xyz/api/eth-listings:0
[113208087ms] [ERROR] Failed to load resource: net::ERR_INTERNET_DISCONNECTED @ https://de.xyz/api/activities:0
[113208827ms] [ERROR] Failed to load resource: net::ERR_INTERNET_DISCONNECTED @ https://de.xyz/api/btc-listings:0
[113208831ms] [ERROR] Failed to load resource: net::ERR_INTERNET_DISCONNECTED @ https://de.xyz/api/listings:0
[113208831ms] [ERROR] Failed to load resource: net::ERR_INTERNET_DISCONNECTED @ https://de.xyz/api/eth-listings:0
[113211857ms] [ERROR] Failed to load resource: net::ERR_INTERNET_DISCONNECTED @ https://de.xyz/api/btc-listings:0
[113211857ms] [ERROR] Failed to load resource: net::ERR_INTERNET_DISCONNECTED @ https://de.xyz/api/listings:0
[113211857ms] [ERROR] Failed to load resource: net::ERR_INTERNET_DISCONNECTED @ https://de.xyz/api/eth-listings:0
[113214332ms] [ERROR] Failed to load resource: net::ERR_INTERNET_DISCONNECTED @ https://de.xyz/api/activities:0
[113214972ms] [ERROR] Failed to load resource: net::ERR_INTERNET_DISCONNECTED @ https://de.xyz/api/eth-listings:0
[113214972ms] [ERROR] Failed to load resource: net::ERR_INTERNET_DISCONNECTED @ https://de.xyz/api/btc-listings:0
[113214972ms] [ERROR] Failed to load resource: net::ERR_INTERNET_DISCONNECTED @ https://de.xyz/api/listings:0
[113217376ms] [ERROR] Failed to load resource: net::ERR_INTERNET_DISCONNECTED @ https://de.xyz/api/activities:0
[113218013ms] [ERROR] Failed to load resource: net::ERR_INTERNET_DISCONNECTED @ https://de.xyz/api/listings:0
[113218013ms] [ERROR] Failed to load resource: net::ERR_INTERNET_DISCONNECTED @ https://de.xyz/api/eth-listings:0
[113218013ms] [ERROR] Failed to load resource: net::ERR_INTERNET_DISCONNECTED @ https://de.xyz/api/btc-listings:0
[113220548ms] [ERROR] Failed to load resource: net::ERR_INTERNET_DISCONNECTED @ https://de.xyz/api/activities:0
[113223642ms] [ERROR] Failed to load resource: net::ERR_INTERNET_DISCONNECTED @ https://de.xyz/api/activities:0
[113226674ms] [ERROR] Failed to load resource: net::ERR_INTERNET_DISCONNECTED @ https://de.xyz/api/activities:0
[113229707ms] [ERROR] Failed to load resource: net::ERR_INTERNET_DISCONNECTED @ https://de.xyz/api/activities:0
[113232760ms] [ERROR] Failed to load resource: net::ERR_INTERNET_DISCONNECTED @ https://de.xyz/api/activities:0
[113239374ms] [ERROR] Failed to load resource: net::ERR_INTERNET_DISCONNECTED @ https://de.xyz/api/activities:0
[113242432ms] [ERROR] Failed to load resource: net::ERR_INTERNET_DISCONNECTED @ https://de.xyz/api/activities:0
[113244566ms] [ERROR] Failed to load resource: net::ERR_INTERNET_DISCONNECTED @ https://de.xyz/api/activities:0
[113244566ms] [ERROR] Failed to load resource: net::ERR_INTERNET_DISCONNECTED @ https://de.xyz/api/y00ts-activities:0
[113244566ms] [ERROR] Failed to load resource: net::ERR_INTERNET_DISCONNECTED @ https://de.xyz/api/listings:0
[113244566ms] [ERROR] Failed to load resource: net::ERR_INTERNET_DISCONNECTED @ https://de.xyz/api/eth-listings:0
[113244566ms] [ERROR] Failed to load resource: net::ERR_INTERNET_DISCONNECTED @ https://de.xyz/api/btc-listings:0
[113245699ms] [ERROR] Failed to load resource: net::ERR_INTERNET_DISCONNECTED @ https://de.xyz/api/activities:0
[113247598ms] [ERROR] Failed to load resource: net::ERR_INTERNET_DISCONNECTED @ https://de.xyz/api/btc-listings:0
[113247599ms] [ERROR] Failed to load resource: net::ERR_INTERNET_DISCONNECTED @ https://de.xyz/api/eth-listings:0
[113247599ms] [ERROR] Failed to load resource: net::ERR_INTERNET_DISCONNECTED @ https://de.xyz/api/listings:0
[113248727ms] [ERROR] Failed to load resource: net::ERR_INTERNET_DISCONNECTED @ https://de.xyz/api/activities:0
[113250624ms] [ERROR] Failed to load resource: net::ERR_INTERNET_DISCONNECTED @ https://de.xyz/api/btc-listings:0
[113250624ms] [ERROR] Failed to load resource: net::ERR_INTERNET_DISCONNECTED @ https://de.xyz/api/eth-listings:0
[113250625ms] [ERROR] Failed to load resource: net::ERR_INTERNET_DISCONNECTED @ https://de.xyz/api/listings:0
[113251765ms] [ERROR] Failed to load resource: net::ERR_INTERNET_DISCONNECTED @ https://de.xyz/api/activities:0
[113253729ms] [ERROR] Failed to load resource: net::ERR_INTERNET_DISCONNECTED @ https://de.xyz/api/listings:0
[113253735ms] [ERROR] Failed to load resource: net::ERR_INTERNET_DISCONNECTED @ https://de.xyz/api/btc-listings:0
[113253735ms] [ERROR] Failed to load resource: net::ERR_INTERNET_DISCONNECTED @ https://de.xyz/api/eth-listings:0
[113254862ms] [ERROR] Failed to load resource: net::ERR_INTERNET_DISCONNECTED @ https://de.xyz/api/activities:0
[113256776ms] [ERROR] Failed to load resource: net::ERR_INTERNET_DISCONNECTED @ https://de.xyz/api/listings:0
[113256776ms] [ERROR] Failed to load resource: net::ERR_INTERNET_DISCONNECTED @ https://de.xyz/api/btc-listings:0
[113256776ms] [ERROR] Failed to load resource: net::ERR_INTERNET_DISCONNECTED @ https://de.xyz/api/eth-listings:0
[113257955ms] [ERROR] Failed to load resource: net::ERR_INTERNET_DISCONNECTED @ https://de.xyz/api/activities:0
[113259921ms] [ERROR] Failed to load resource: net::ERR_INTERNET_DISCONNECTED @ https://de.xyz/api/listings:0
[113259921ms] [ERROR] Failed to load resource: net::ERR_INTERNET_DISCONNECTED @ https://de.xyz/api/btc-listings:0
[113259921ms] [ERROR] Failed to load resource: net::ERR_INTERNET_DISCONNECTED @ https://de.xyz/api/eth-listings:0
[113262988ms] [ERROR] Failed to load resource: net::ERR_INTERNET_DISCONNECTED @ https://de.xyz/api/btc-listings:0
[113262994ms] [ERROR] Failed to load resource: net::ERR_INTERNET_DISCONNECTED @ https://de.xyz/api/listings:0
[113262994ms] [ERROR] Failed to load resource: net::ERR_INTERNET_DISCONNECTED @ https://de.xyz/api/eth-listings:0
[113264357ms] [ERROR] Failed to load resource: net::ERR_INTERNET_DISCONNECTED @ https://de.xyz/api/activities:0
[113267410ms] [ERROR] Failed to load resource: net::ERR_INTERNET_DISCONNECTED @ https://de.xyz/api/activities:0
[113270451ms] [ERROR] Failed to load resource: net::ERR_INTERNET_DISCONNECTED @ https://de.xyz/api/activities:0
[113273601ms] [ERROR] Failed to load resource: net::ERR_INTERNET_DISCONNECTED @ https://de.xyz/api/activities:0
[113276640ms] [ERROR] Failed to load resource: net::ERR_INTERNET_DISCONNECTED @ https://de.xyz/api/activities:0
[113279697ms] [ERROR] Failed to load resource: net::ERR_INTERNET_DISCONNECTED @ https://de.xyz/api/activities:0
[113282775ms] [ERROR] Failed to load resource: net::ERR_INTERNET_DISCONNECTED @ https://de.xyz/api/activities:0
[113289349ms] [ERROR] Failed to load resource: net::ERR_INTERNET_DISCONNECTED @ https://de.xyz/api/listings:0
[113289349ms] [ERROR] Failed to load resource: net::ERR_INTERNET_DISCONNECTED @ https://de.xyz/api/activities:0
[113289349ms] [ERROR] Failed to load resource: net::ERR_INTERNET_DISCONNECTED @ https://de.xyz/api/eth-listings:0
[113289349ms] [ERROR] Failed to load resource: net::ERR_INTERNET_DISCONNECTED @ https://de.xyz/api/btc-listings:0
[113292402ms] [ERROR] Failed to load resource: net::ERR_INTERNET_DISCONNECTED @ https://de.xyz/api/listings:0
[113292402ms] [ERROR] Failed to load resource: net::ERR_INTERNET_DISCONNECTED @ https://de.xyz/api/eth-listings:0
[113292402ms] [ERROR] Failed to load resource: net::ERR_INTERNET_DISCONNECTED @ https://de.xyz/api/activities:0
[113292402ms] [ERROR] Failed to load resource: net::ERR_INTERNET_DISCONNECTED @ https://de.xyz/api/btc-listings:0
[113295441ms] [ERROR] Failed to load resource: net::ERR_INTERNET_DISCONNECTED @ https://de.xyz/api/btc-listings:0
[113295442ms] [ERROR] Failed to load resource: net::ERR_INTERNET_DISCONNECTED @ https://de.xyz/api/eth-listings:0
[113295442ms] [ERROR] Failed to load resource: net::ERR_INTERNET_DISCONNECTED @ https://de.xyz/api/listings:0
[113295442ms] [ERROR] Failed to load resource: net::ERR_INTERNET_DISCONNECTED @ https://de.xyz/api/activities:0
[113298559ms] [ERROR] Failed to load resource: net::ERR_INTERNET_DISCONNECTED @ https://de.xyz/api/eth-listings:0
[113298559ms] [ERROR] Failed to load resource: net::ERR_INTERNET_DISCONNECTED @ https://de.xyz/api/btc-listings:0
[113298559ms] [ERROR] Failed to load resource: net::ERR_INTERNET_DISCONNECTED @ https://de.xyz/api/listings:0
[113298559ms] [ERROR] Failed to load resource: net::ERR_INTERNET_DISCONNECTED @ https://de.xyz/api/activities:0
[113301599ms] [ERROR] Failed to load resource: net::ERR_INTERNET_DISCONNECTED @ https://de.xyz/api/eth-listings:0
[113301601ms] [ERROR] Failed to load resource: net::ERR_INTERNET_DISCONNECTED @ https://de.xyz/api/btc-listings:0
[113301603ms] [ERROR] Failed to load resource: net::ERR_INTERNET_DISCONNECTED @ https://de.xyz/api/listings:0
[113301603ms] [ERROR] Failed to load resource: net::ERR_INTERNET_DISCONNECTED @ https://de.xyz/api/activities:0
[113304315ms] [ERROR] Failed to load resource: net::ERR_INTERNET_DISCONNECTED @ https://de.xyz/api/activities:0
[113304315ms] [ERROR] Failed to load resource: net::ERR_INTERNET_DISCONNECTED @ https://de.xyz/api/y00ts-activities:0
[113304626ms] [ERROR] Failed to load resource: net::ERR_INTERNET_DISCONNECTED @ https://de.xyz/api/btc-listings:0
[113304626ms] [ERROR] Failed to load resource: net::ERR_INTERNET_DISCONNECTED @ https://de.xyz/api/listings:0
[113304626ms] [ERROR] Failed to load resource: net::ERR_INTERNET_DISCONNECTED @ https://de.xyz/api/eth-listings:0
[113304626ms] [ERROR] Failed to load resource: net::ERR_INTERNET_DISCONNECTED @ https://de.xyz/api/activities:0
[113307690ms] [ERROR] Failed to load resource: net::ERR_INTERNET_DISCONNECTED @ https://de.xyz/api/activities:0
[113307692ms] [ERROR] Failed to load resource: net::ERR_INTERNET_DISCONNECTED @ https://de.xyz/api/listings:0
[113307692ms] [ERROR] Failed to load resource: net::ERR_INTERNET_DISCONNECTED @ https://de.xyz/api/btc-listings:0
[113307692ms] [ERROR] Failed to load resource: net::ERR_INTERNET_DISCONNECTED @ https://de.xyz/api/eth-listings:0
[113314326ms] [ERROR] Failed to load resource: net::ERR_INTERNET_DISCONNECTED @ https://de.xyz/api/activities:0
[113317395ms] [ERROR] Failed to load resource: net::ERR_INTERNET_DISCONNECTED @ https://de.xyz/api/activities:0
[113320451ms] [ERROR] Failed to load resource: net::ERR_INTERNET_DISCONNECTED @ https://de.xyz/api/activities:0
[113323493ms] [ERROR] Failed to load resource: net::ERR_INTERNET_DISCONNECTED @ https://de.xyz/api/activities:0
[113326557ms] [ERROR] Failed to load resource: net::ERR_INTERNET_DISCONNECTED @ https://de.xyz/api/activities:0
[113329607ms] [ERROR] Failed to load resource: net::ERR_INTERNET_DISCONNECTED @ https://de.xyz/api/activities:0
[113332660ms] [ERROR] Failed to load resource: net::ERR_INTERNET_DISCONNECTED @ https://de.xyz/api/activities:0
[113334426ms] [ERROR] Failed to load resource: net::ERR_INTERNET_DISCONNECTED @ https://de.xyz/api/listings:0
[113334429ms] [ERROR] Failed to load resource: net::ERR_INTERNET_DISCONNECTED @ https://de.xyz/api/eth-listings:0
[113334432ms] [ERROR] Failed to load resource: net::ERR_INTERNET_DISCONNECTED @ https://de.xyz/api/btc-listings:0
[113337497ms] [ERROR] Failed to load resource: net::ERR_INTERNET_DISCONNECTED @ https://de.xyz/api/listings:0
[113337498ms] [ERROR] Failed to load resource: net::ERR_INTERNET_DISCONNECTED @ https://de.xyz/api/eth-listings:0
[113337530ms] [ERROR] Failed to load resource: net::ERR_INTERNET_DISCONNECTED @ https://de.xyz/api/btc-listings:0
[113339339ms] [ERROR] Failed to load resource: net::ERR_INTERNET_DISCONNECTED @ https://de.xyz/api/activities:0
[113340552ms] [ERROR] Failed to load resource: net::ERR_INTERNET_DISCONNECTED @ https://de.xyz/api/listings:0
[113340552ms] [ERROR] Failed to load resource: net::ERR_INTERNET_DISCONNECTED @ https://de.xyz/api/eth-listings:0
[113340586ms] [ERROR] Failed to load resource: net::ERR_INTERNET_DISCONNECTED @ https://de.xyz/api/btc-listings:0
[113342394ms] [ERROR] Failed to load resource: net::ERR_INTERNET_DISCONNECTED @ https://de.xyz/api/activities:0
[113343578ms] [ERROR] Failed to load resource: net::ERR_INTERNET_DISCONNECTED @ https://de.xyz/api/listings:0
[113343578ms] [ERROR] Failed to load resource: net::ERR_INTERNET_DISCONNECTED @ https://de.xyz/api/eth-listings:0
[113343617ms] [ERROR] Failed to load resource: net::ERR_INTERNET_DISCONNECTED @ https://de.xyz/api/btc-listings:0
[113345462ms] [ERROR] Failed to load resource: net::ERR_INTERNET_DISCONNECTED @ https://de.xyz/api/activities:0
[113346609ms] [ERROR] Failed to load resource: net::ERR_INTERNET_DISCONNECTED @ https://de.xyz/api/eth-listings:0
[113346609ms] [ERROR] Failed to load resource: net::ERR_INTERNET_DISCONNECTED @ https://de.xyz/api/listings:0
[113346640ms] [ERROR] Failed to load resource: net::ERR_INTERNET_DISCONNECTED @ https://de.xyz/api/btc-listings:0
[113348516ms] [ERROR] Failed to load resource: net::ERR_INTERNET_DISCONNECTED @ https://de.xyz/api/activities:0
[113349697ms] [ERROR] Failed to load resource: net::ERR_INTERNET_DISCONNECTED @ https://de.xyz/api/eth-listings:0
[113349697ms] [ERROR] Failed to load resource: net::ERR_INTERNET_DISCONNECTED @ https://de.xyz/api/listings:0
[113349759ms] [ERROR] Failed to load resource: net::ERR_INTERNET_DISCONNECTED @ https://de.xyz/api/btc-listings:0
[113351541ms] [ERROR] Failed to load resource: net::ERR_INTERNET_DISCONNECTED @ https://de.xyz/api/activities:0
[113352831ms] [ERROR] Failed to load resource: net::ERR_INTERNET_DISCONNECTED @ https://de.xyz/api/eth-listings:0
[113352832ms] [ERROR] Failed to load resource: net::ERR_INTERNET_DISCONNECTED @ https://de.xyz/api/listings:0
[113352832ms] [ERROR] Failed to load resource: net::ERR_INTERNET_DISCONNECTED @ https://de.xyz/api/btc-listings:0
[113354634ms] [ERROR] Failed to load resource: net::ERR_INTERNET_DISCONNECTED @ https://de.xyz/api/activities:0
[113357715ms] [ERROR] Failed to load resource: net::ERR_INTERNET_DISCONNECTED @ https://de.xyz/api/activities:0
[113364799ms] [ERROR] Failed to load resource: net::ERR_INTERNET_DISCONNECTED @ https://de.xyz/api/activities:0
[113364804ms] [ERROR] Failed to load resource: net::ERR_INTERNET_DISCONNECTED @ https://de.xyz/api/y00ts-activities:0
[113364805ms] [ERROR] Failed to load resource: net::ERR_INTERNET_DISCONNECTED @ https://de.xyz/api/activities:0
[113364822ms] [ERROR] Failed to load resource: net::ERR_INTERNET_DISCONNECTED @ https://de.xyz/api/volume:0
[113367868ms] [ERROR] Failed to load resource: net::ERR_INTERNET_DISCONNECTED @ https://de.xyz/api/activities:0
[113370929ms] [ERROR] Failed to load resource: net::ERR_INTERNET_DISCONNECTED @ https://de.xyz/api/activities:0
[113374042ms] [ERROR] Failed to load resource: net::ERR_INTERNET_DISCONNECTED @ https://de.xyz/api/activities:0
[113377098ms] [ERROR] Failed to load resource: net::ERR_INTERNET_DISCONNECTED @ https://de.xyz/api/activities:0
[113379584ms] [ERROR] Failed to load resource: net::ERR_INTERNET_DISCONNECTED @ https://de.xyz/api/listings:0
[113379584ms] [ERROR] Failed to load resource: net::ERR_INTERNET_DISCONNECTED @ https://de.xyz/api/eth-listings:0
[113379584ms] [ERROR] Failed to load resource: net::ERR_INTERNET_DISCONNECTED @ https://de.xyz/api/btc-listings:0
[113380169ms] [ERROR] Failed to load resource: net::ERR_INTERNET_DISCONNECTED @ https://de.xyz/api/activities:0
[113383110ms] [ERROR] Failed to load resource: net::ERR_INTERNET_DISCONNECTED @ https://de.xyz/api/listings:0
[113383111ms] [ERROR] Failed to load resource: net::ERR_INTERNET_DISCONNECTED @ https://de.xyz/api/eth-listings:0
[113383111ms] [ERROR] Failed to load resource: net::ERR_INTERNET_DISCONNECTED @ https://de.xyz/api/btc-listings:0
[113383274ms] [ERROR] Failed to load resource: net::ERR_INTERNET_DISCONNECTED @ https://de.xyz/api/activities:0
[113386165ms] [ERROR] Failed to load resource: net::ERR_INTERNET_DISCONNECTED @ https://de.xyz/api/eth-listings:0
[113386165ms] [ERROR] Failed to load resource: net::ERR_INTERNET_DISCONNECTED @ https://de.xyz/api/listings:0
[113386165ms] [ERROR] Failed to load resource: net::ERR_INTERNET_DISCONNECTED @ https://de.xyz/api/btc-listings:0
[113389247ms] [ERROR] Failed to load resource: net::ERR_INTERNET_DISCONNECTED @ https://de.xyz/api/eth-listings:0
[113389247ms] [ERROR] Failed to load resource: net::ERR_INTERNET_DISCONNECTED @ https://de.xyz/api/listings:0
[113389247ms] [ERROR] Failed to load resource: net::ERR_INTERNET_DISCONNECTED @ https://de.xyz/api/btc-listings:0
[113389340ms] [ERROR] Failed to load resource: net::ERR_INTERNET_DISCONNECTED @ https://de.xyz/api/activities:0
[113392271ms] [ERROR] Failed to load resource: net::ERR_INTERNET_DISCONNECTED @ https://de.xyz/api/eth-listings:0
[113392271ms] [ERROR] Failed to load resource: net::ERR_INTERNET_DISCONNECTED @ https://de.xyz/api/listings:0
[113392271ms] [ERROR] Failed to load resource: net::ERR_INTERNET_DISCONNECTED @ https://de.xyz/api/btc-listings:0
[113392451ms] [ERROR] Failed to load resource: net::ERR_INTERNET_DISCONNECTED @ https://de.xyz/api/activities:0
[113395307ms] [ERROR] Failed to load resource: net::ERR_INTERNET_DISCONNECTED @ https://de.xyz/api/btc-listings:0
[113395307ms] [ERROR] Failed to load resource: net::ERR_INTERNET_DISCONNECTED @ https://de.xyz/api/eth-listings:0
[113395308ms] [ERROR] Failed to load resource: net::ERR_INTERNET_DISCONNECTED @ https://de.xyz/api/listings:0
[113395525ms] [ERROR] Failed to load resource: net::ERR_INTERNET_DISCONNECTED @ https://de.xyz/api/activities:0
[113398351ms] [ERROR] Failed to load resource: net::ERR_INTERNET_DISCONNECTED @ https://de.xyz/api/btc-listings:0
[113398351ms] [ERROR] Failed to load resource: net::ERR_INTERNET_DISCONNECTED @ https://de.xyz/api/eth-listings:0
[113398351ms] [ERROR] Failed to load resource: net::ERR_INTERNET_DISCONNECTED @ https://de.xyz/api/listings:0
[113398567ms] [ERROR] Failed to load resource: net::ERR_INTERNET_DISCONNECTED @ https://de.xyz/api/activities:0
[113401590ms] [ERROR] Failed to load resource: net::ERR_INTERNET_DISCONNECTED @ https://de.xyz/api/activities:0
[113404633ms] [ERROR] Failed to load resource: net::ERR_INTERNET_DISCONNECTED @ https://de.xyz/api/activities:0
[113407665ms] [ERROR] Failed to load resource: net::ERR_INTERNET_DISCONNECTED @ https://de.xyz/api/activities:0
[113414355ms] [ERROR] Failed to load resource: net::ERR_INTERNET_DISCONNECTED @ https://de.xyz/api/activities:0
[113417394ms] [ERROR] Failed to load resource: net::ERR_INTERNET_DISCONNECTED @ https://de.xyz/api/activities:0
[113420438ms] [ERROR] Failed to load resource: net::ERR_INTERNET_DISCONNECTED @ https://de.xyz/api/activities:0
[113423465ms] [ERROR] Failed to load resource: net::ERR_INTERNET_DISCONNECTED @ https://de.xyz/api/activities:0
[113424455ms] [ERROR] Failed to load resource: net::ERR_INTERNET_DISCONNECTED @ https://de.xyz/api/activities:0
[113424455ms] [ERROR] Failed to load resource: net::ERR_INTERNET_DISCONNECTED @ https://de.xyz/api/y00ts-activities:0
[113424455ms] [ERROR] Failed to load resource: net::ERR_INTERNET_DISCONNECTED @ https://de.xyz/api/listings:0
[113424455ms] [ERROR] Failed to load resource: net::ERR_INTERNET_DISCONNECTED @ https://de.xyz/api/btc-listings:0
[113424455ms] [ERROR] Failed to load resource: net::ERR_INTERNET_DISCONNECTED @ https://de.xyz/api/eth-listings:0
[113426489ms] [ERROR] Failed to load resource: net::ERR_INTERNET_DISCONNECTED @ https://de.xyz/api/activities:0
[113427498ms] [ERROR] Failed to load resource: net::ERR_INTERNET_DISCONNECTED @ https://de.xyz/api/listings:0
[113427498ms] [ERROR] Failed to load resource: net::ERR_INTERNET_DISCONNECTED @ https://de.xyz/api/btc-listings:0
[113427498ms] [ERROR] Failed to load resource: net::ERR_INTERNET_DISCONNECTED @ https://de.xyz/api/eth-listings:0
[113429552ms] [ERROR] Failed to load resource: net::ERR_INTERNET_DISCONNECTED @ https://de.xyz/api/activities:0
[113430545ms] [ERROR] Failed to load resource: net::ERR_INTERNET_DISCONNECTED @ https://de.xyz/api/listings:0
[113430545ms] [ERROR] Failed to load resource: net::ERR_INTERNET_DISCONNECTED @ https://de.xyz/api/btc-listings:0
[113430545ms] [ERROR] Failed to load resource: net::ERR_INTERNET_DISCONNECTED @ https://de.xyz/api/eth-listings:0
[113432577ms] [ERROR] Failed to load resource: net::ERR_INTERNET_DISCONNECTED @ https://de.xyz/api/activities:0
[113433571ms] [ERROR] Failed to load resource: net::ERR_INTERNET_DISCONNECTED @ https://de.xyz/api/listings:0
[113433571ms] [ERROR] Failed to load resource: net::ERR_INTERNET_DISCONNECTED @ https://de.xyz/api/btc-listings:0
[113433571ms] [ERROR] Failed to load resource: net::ERR_INTERNET_DISCONNECTED @ https://de.xyz/api/eth-listings:0
[113436607ms] [ERROR] Failed to load resource: net::ERR_INTERNET_DISCONNECTED @ https://de.xyz/api/listings:0
[113436607ms] [ERROR] Failed to load resource: net::ERR_INTERNET_DISCONNECTED @ https://de.xyz/api/btc-listings:0
[113436607ms] [ERROR] Failed to load resource: net::ERR_INTERNET_DISCONNECTED @ https://de.xyz/api/eth-listings:0
[113439355ms] [ERROR] Failed to load resource: net::ERR_INTERNET_DISCONNECTED @ https://de.xyz/api/activities:0
[113439642ms] [ERROR] Failed to load resource: net::ERR_INTERNET_DISCONNECTED @ https://de.xyz/api/btc-listings:0
[113439642ms] [ERROR] Failed to load resource: net::ERR_INTERNET_DISCONNECTED @ https://de.xyz/api/listings:0
[113439642ms] [ERROR] Failed to load resource: net::ERR_INTERNET_DISCONNECTED @ https://de.xyz/api/eth-listings:0
[113442406ms] [ERROR] Failed to load resource: net::ERR_INTERNET_DISCONNECTED @ https://de.xyz/api/activities:0
[113442775ms] [ERROR] Failed to load resource: net::ERR_INTERNET_DISCONNECTED @ https://de.xyz/api/btc-listings:0
[113442776ms] [ERROR] Failed to load resource: net::ERR_INTERNET_DISCONNECTED @ https://de.xyz/api/listings:0
[113442776ms] [ERROR] Failed to load resource: net::ERR_INTERNET_DISCONNECTED @ https://de.xyz/api/eth-listings:0
[113445442ms] [ERROR] Failed to load resource: net::ERR_INTERNET_DISCONNECTED @ https://de.xyz/api/activities:0
[113448511ms] [ERROR] Failed to load resource: net::ERR_INTERNET_DISCONNECTED @ https://de.xyz/api/activities:0
[113451542ms] [ERROR] Failed to load resource: net::ERR_INTERNET_DISCONNECTED @ https://de.xyz/api/activities:0
[113454588ms] [ERROR] Failed to load resource: net::ERR_INTERNET_DISCONNECTED @ https://de.xyz/api/activities:0
[113457668ms] [ERROR] Failed to load resource: net::ERR_INTERNET_DISCONNECTED @ https://de.xyz/api/activities:0
[113464348ms] [ERROR] Failed to load resource: net::ERR_INTERNET_DISCONNECTED @ https://de.xyz/api/activities:0
[113467395ms] [ERROR] Failed to load resource: net::ERR_INTERNET_DISCONNECTED @ https://de.xyz/api/activities:0
[113469357ms] [ERROR] Failed to load resource: net::ERR_INTERNET_DISCONNECTED @ https://de.xyz/api/listings:0
[113469357ms] [ERROR] Failed to load resource: net::ERR_INTERNET_DISCONNECTED @ https://de.xyz/api/eth-listings:0
[113469357ms] [ERROR] Failed to load resource: net::ERR_INTERNET_DISCONNECTED @ https://de.xyz/api/btc-listings:0
[113470572ms] [ERROR] Failed to load resource: net::ERR_INTERNET_DISCONNECTED @ https://de.xyz/api/activities:0
[113472459ms] [ERROR] Failed to load resource: net::ERR_INTERNET_DISCONNECTED @ https://de.xyz/api/listings:0
[113472459ms] [ERROR] Failed to load resource: net::ERR_INTERNET_DISCONNECTED @ https://de.xyz/api/eth-listings:0
[113472460ms] [ERROR] Failed to load resource: net::ERR_INTERNET_DISCONNECTED @ https://de.xyz/api/btc-listings:0
[113473629ms] [ERROR] Failed to load resource: net::ERR_INTERNET_DISCONNECTED @ https://de.xyz/api/activities:0
[113475559ms] [ERROR] Failed to load resource: net::ERR_INTERNET_DISCONNECTED @ https://de.xyz/api/listings:0
[113475560ms] [ERROR] Failed to load resource: net::ERR_INTERNET_DISCONNECTED @ https://de.xyz/api/btc-listings:0
[113475560ms] [ERROR] Failed to load resource: net::ERR_INTERNET_DISCONNECTED @ https://de.xyz/api/eth-listings:0
[113476728ms] [ERROR] Failed to load resource: net::ERR_INTERNET_DISCONNECTED @ https://de.xyz/api/activities:0
[113479025ms] [ERROR] Failed to load resource: net::ERR_INTERNET_DISCONNECTED @ https://de.xyz/api/listings:0
[113479025ms] [ERROR] Failed to load resource: net::ERR_INTERNET_DISCONNECTED @ https://de.xyz/api/btc-listings:0
[113479025ms] [ERROR] Failed to load resource: net::ERR_INTERNET_DISCONNECTED @ https://de.xyz/api/eth-listings:0
[113479800ms] [ERROR] Failed to load resource: net::ERR_INTERNET_DISCONNECTED @ https://de.xyz/api/activities:0
[113482120ms] [ERROR] Failed to load resource: net::ERR_INTERNET_DISCONNECTED @ https://de.xyz/api/listings:0
[113482120ms] [ERROR] Failed to load resource: net::ERR_INTERNET_DISCONNECTED @ https://de.xyz/api/btc-listings:0
[113482120ms] [ERROR] Failed to load resource: net::ERR_INTERNET_DISCONNECTED @ https://de.xyz/api/eth-listings:0
[113482836ms] [ERROR] Failed to load resource: net::ERR_INTERNET_DISCONNECTED @ https://de.xyz/api/activities:0
[113484307ms] [ERROR] Failed to load resource: net::ERR_INTERNET_DISCONNECTED @ https://de.xyz/api/activities:0
[113484307ms] [ERROR] Failed to load resource: net::ERR_INTERNET_DISCONNECTED @ https://de.xyz/api/y00ts-activities:0
[113485232ms] [ERROR] Failed to load resource: net::ERR_INTERNET_DISCONNECTED @ https://de.xyz/api/listings:0
[113485232ms] [ERROR] Failed to load resource: net::ERR_INTERNET_DISCONNECTED @ https://de.xyz/api/btc-listings:0
[113485232ms] [ERROR] Failed to load resource: net::ERR_INTERNET_DISCONNECTED @ https://de.xyz/api/eth-listings:0
[113488269ms] [ERROR] Failed to load resource: net::ERR_INTERNET_DISCONNECTED @ https://de.xyz/api/listings:0
[113488273ms] [ERROR] Failed to load resource: net::ERR_INTERNET_DISCONNECTED @ https://de.xyz/api/btc-listings:0
[113488273ms] [ERROR] Failed to load resource: net::ERR_INTERNET_DISCONNECTED @ https://de.xyz/api/eth-listings:0
[113489387ms] [ERROR] Failed to load resource: net::ERR_INTERNET_DISCONNECTED @ https://de.xyz/api/activities:0
[113492430ms] [ERROR] Failed to load resource: net::ERR_INTERNET_DISCONNECTED @ https://de.xyz/api/activities:0
[113495462ms] [ERROR] Failed to load resource: net::ERR_INTERNET_DISCONNECTED @ https://de.xyz/api/activities:0
[113498487ms] [ERROR] Failed to load resource: net::ERR_INTERNET_DISCONNECTED @ https://de.xyz/api/activities:0
[113501557ms] [ERROR] Failed to load resource: net::ERR_INTERNET_DISCONNECTED @ https://de.xyz/api/activities:0
[113505107ms] [ERROR] Failed to load resource: net::ERR_INTERNET_DISCONNECTED @ https://de.xyz/api/activities:0
[113508144ms] [ERROR] Failed to load resource: net::ERR_INTERNET_DISCONNECTED @ https://de.xyz/api/activities:0
[113514378ms] [ERROR] Failed to load resource: net::ERR_INTERNET_DISCONNECTED @ https://de.xyz/api/listings:0
[113514378ms] [ERROR] Failed to load resource: net::ERR_INTERNET_DISCONNECTED @ https://de.xyz/api/activities:0
[113514378ms] [ERROR] Failed to load resource: net::ERR_INTERNET_DISCONNECTED @ https://de.xyz/api/eth-listings:0
[113514380ms] [ERROR] Failed to load resource: net::ERR_INTERNET_DISCONNECTED @ https://de.xyz/api/btc-listings:0
[113517454ms] [ERROR] Failed to load resource: net::ERR_INTERNET_DISCONNECTED @ https://de.xyz/api/listings:0
[113517454ms] [ERROR] Failed to load resource: net::ERR_INTERNET_DISCONNECTED @ https://de.xyz/api/activities:0
[113517454ms] [ERROR] Failed to load resource: net::ERR_INTERNET_DISCONNECTED @ https://de.xyz/api/eth-listings:0
[113517454ms] [ERROR] Failed to load resource: net::ERR_INTERNET_DISCONNECTED @ https://de.xyz/api/btc-listings:0
[113520485ms] [ERROR] Failed to load resource: net::ERR_INTERNET_DISCONNECTED @ https://de.xyz/api/activities:0
[113520485ms] [ERROR] Failed to load resource: net::ERR_INTERNET_DISCONNECTED @ https://de.xyz/api/eth-listings:0
[113520485ms] [ERROR] Failed to load resource: net::ERR_INTERNET_DISCONNECTED @ https://de.xyz/api/listings:0
[113520514ms] [ERROR] Failed to load resource: net::ERR_INTERNET_DISCONNECTED @ https://de.xyz/api/btc-listings:0
[113523550ms] [ERROR] Failed to load resource: net::ERR_INTERNET_DISCONNECTED @ https://de.xyz/api/activities:0
[113523550ms] [ERROR] Failed to load resource: net::ERR_INTERNET_DISCONNECTED @ https://de.xyz/api/eth-listings:0
[113523550ms] [ERROR] Failed to load resource: net::ERR_INTERNET_DISCONNECTED @ https://de.xyz/api/listings:0
[113523593ms] [ERROR] Failed to load resource: net::ERR_INTERNET_DISCONNECTED @ https://de.xyz/api/btc-listings:0
[113526611ms] [ERROR] Failed to load resource: net::ERR_INTERNET_DISCONNECTED @ https://de.xyz/api/activities:0
[113526640ms] [ERROR] Failed to load resource: net::ERR_INTERNET_DISCONNECTED @ https://de.xyz/api/eth-listings:0
[113526640ms] [ERROR] Failed to load resource: net::ERR_INTERNET_DISCONNECTED @ https://de.xyz/api/listings:0
[113526669ms] [ERROR] Failed to load resource: net::ERR_INTERNET_DISCONNECTED @ https://de.xyz/api/btc-listings:0
[113529704ms] [ERROR] Failed to load resource: net::ERR_INTERNET_DISCONNECTED @ https://de.xyz/api/activities:0
[113529707ms] [ERROR] Failed to load resource: net::ERR_INTERNET_DISCONNECTED @ https://de.xyz/api/eth-listings:0
[113529708ms] [ERROR] Failed to load resource: net::ERR_INTERNET_DISCONNECTED @ https://de.xyz/api/listings:0
[113529737ms] [ERROR] Failed to load resource: net::ERR_INTERNET_DISCONNECTED @ https://de.xyz/api/btc-listings:0
[113532820ms] [ERROR] Failed to load resource: net::ERR_INTERNET_DISCONNECTED @ https://de.xyz/api/activities:0
[113532821ms] [ERROR] Failed to load resource: net::ERR_INTERNET_DISCONNECTED @ https://de.xyz/api/eth-listings:0
[113532826ms] [ERROR] Failed to load resource: net::ERR_INTERNET_DISCONNECTED @ https://de.xyz/api/listings:0
[113532826ms] [ERROR] Failed to load resource: net::ERR_INTERNET_DISCONNECTED @ https://de.xyz/api/btc-listings:0
[113539365ms] [ERROR] Failed to load resource: net::ERR_INTERNET_DISCONNECTED @ https://de.xyz/api/activities:0
[113542423ms] [ERROR] Failed to load resource: net::ERR_INTERNET_DISCONNECTED @ https://de.xyz/api/activities:0
[113544313ms] [ERROR] Failed to load resource: net::ERR_INTERNET_DISCONNECTED @ https://de.xyz/api/activities:0
[113544313ms] [ERROR] Failed to load resource: net::ERR_INTERNET_DISCONNECTED @ https://de.xyz/api/y00ts-activities:0
[113545469ms] [ERROR] Failed to load resource: net::ERR_INTERNET_DISCONNECTED @ https://de.xyz/api/activities:0
[113548551ms] [ERROR] Failed to load resource: net::ERR_INTERNET_DISCONNECTED @ https://de.xyz/api/activities:0
[113551596ms] [ERROR] Failed to load resource: net::ERR_INTERNET_DISCONNECTED @ https://de.xyz/api/activities:0
[113554627ms] [ERROR] Failed to load resource: net::ERR_INTERNET_DISCONNECTED @ https://de.xyz/api/activities:0
[113557691ms] [ERROR] Failed to load resource: net::ERR_INTERNET_DISCONNECTED @ https://de.xyz/api/activities:0
[113559334ms] [ERROR] Failed to load resource: net::ERR_INTERNET_DISCONNECTED @ https://de.xyz/api/listings:0
[113559334ms] [ERROR] Failed to load resource: net::ERR_INTERNET_DISCONNECTED @ https://de.xyz/api/eth-listings:0
[113559334ms] [ERROR] Failed to load resource: net::ERR_INTERNET_DISCONNECTED @ https://de.xyz/api/btc-listings:0
[113562714ms] [ERROR] Failed to load resource: net::ERR_INTERNET_DISCONNECTED @ https://de.xyz/api/listings:0
[113562714ms] [ERROR] Failed to load resource: net::ERR_INTERNET_DISCONNECTED @ https://de.xyz/api/eth-listings:0
[113562721ms] [ERROR] Failed to load resource: net::ERR_INTERNET_DISCONNECTED @ https://de.xyz/api/btc-listings:0
[113564383ms] [ERROR] Failed to load resource: net::ERR_INTERNET_DISCONNECTED @ https://de.xyz/api/activities:0
[113565804ms] [ERROR] Failed to load resource: net::ERR_INTERNET_DISCONNECTED @ https://de.xyz/api/eth-listings:0
[113565804ms] [ERROR] Failed to load resource: net::ERR_INTERNET_DISCONNECTED @ https://de.xyz/api/listings:0
[113565804ms] [ERROR] Failed to load resource: net::ERR_INTERNET_DISCONNECTED @ https://de.xyz/api/btc-listings:0
[113567411ms] [ERROR] Failed to load resource: net::ERR_INTERNET_DISCONNECTED @ https://de.xyz/api/activities:0
[113568863ms] [ERROR] Failed to load resource: net::ERR_INTERNET_DISCONNECTED @ https://de.xyz/api/eth-listings:0
[113568863ms] [ERROR] Failed to load resource: net::ERR_INTERNET_DISCONNECTED @ https://de.xyz/api/listings:0
[113568863ms] [ERROR] Failed to load resource: net::ERR_INTERNET_DISCONNECTED @ https://de.xyz/api/btc-listings:0
[113570444ms] [ERROR] Failed to load resource: net::ERR_INTERNET_DISCONNECTED @ https://de.xyz/api/activities:0
[113571893ms] [ERROR] Failed to load resource: net::ERR_INTERNET_DISCONNECTED @ https://de.xyz/api/eth-listings:0
[113571893ms] [ERROR] Failed to load resource: net::ERR_INTERNET_DISCONNECTED @ https://de.xyz/api/listings:0
[113571893ms] [ERROR] Failed to load resource: net::ERR_INTERNET_DISCONNECTED @ https://de.xyz/api/btc-listings:0
[113573509ms] [ERROR] Failed to load resource: net::ERR_INTERNET_DISCONNECTED @ https://de.xyz/api/activities:0
[113575071ms] [ERROR] Failed to load resource: net::ERR_INTERNET_DISCONNECTED @ https://de.xyz/api/listings:0
[113575071ms] [ERROR] Failed to load resource: net::ERR_INTERNET_DISCONNECTED @ https://de.xyz/api/eth-listings:0
[113575071ms] [ERROR] Failed to load resource: net::ERR_INTERNET_DISCONNECTED @ https://de.xyz/api/btc-listings:0
[113576553ms] [ERROR] Failed to load resource: net::ERR_INTERNET_DISCONNECTED @ https://de.xyz/api/activities:0
[113578170ms] [ERROR] Failed to load resource: net::ERR_INTERNET_DISCONNECTED @ https://de.xyz/api/listings:0
[113578172ms] [ERROR] Failed to load resource: net::ERR_INTERNET_DISCONNECTED @ https://de.xyz/api/eth-listings:0
[113578173ms] [ERROR] Failed to load resource: net::ERR_INTERNET_DISCONNECTED @ https://de.xyz/api/btc-listings:0
[113579593ms] [ERROR] Failed to load resource: net::ERR_INTERNET_DISCONNECTED @ https://de.xyz/api/activities:0
[113582625ms] [ERROR] Failed to load resource: net::ERR_INTERNET_DISCONNECTED @ https://de.xyz/api/activities:0
[113589388ms] [ERROR] Failed to load resource: net::ERR_INTERNET_DISCONNECTED @ https://de.xyz/api/activities:0
[113592681ms] [ERROR] Failed to load resource: net::ERR_INTERNET_DISCONNECTED @ https://de.xyz/api/activities:0
[113595733ms] [ERROR] Failed to load resource: net::ERR_INTERNET_DISCONNECTED @ https://de.xyz/api/activities:0
[113598792ms] [ERROR] Failed to load resource: net::ERR_INTERNET_DISCONNECTED @ https://de.xyz/api/activities:0
[113601883ms] [ERROR] Failed to load resource: net::ERR_INTERNET_DISCONNECTED @ https://de.xyz/api/activities:0
[113604538ms] [ERROR] Failed to load resource: net::ERR_INTERNET_DISCONNECTED @ https://de.xyz/api/activities:0
[113604539ms] [ERROR] Failed to load resource: net::ERR_INTERNET_DISCONNECTED @ https://de.xyz/api/y00ts-activities:0
[113604539ms] [ERROR] Failed to load resource: net::ERR_INTERNET_DISCONNECTED @ https://de.xyz/api/listings:0
[113604539ms] [ERROR] Failed to load resource: net::ERR_INTERNET_DISCONNECTED @ https://de.xyz/api/eth-listings:0
[113604539ms] [ERROR] Failed to load resource: net::ERR_INTERNET_DISCONNECTED @ https://de.xyz/api/btc-listings:0
[113605158ms] [ERROR] Failed to load resource: net::ERR_INTERNET_DISCONNECTED @ https://de.xyz/api/activities:0
[113607585ms] [ERROR] Failed to load resource: net::ERR_INTERNET_DISCONNECTED @ https://de.xyz/api/listings:0
[113607586ms] [ERROR] Failed to load resource: net::ERR_INTERNET_DISCONNECTED @ https://de.xyz/api/btc-listings:0
[113607586ms] [ERROR] Failed to load resource: net::ERR_INTERNET_DISCONNECTED @ https://de.xyz/api/eth-listings:0
[113608202ms] [ERROR] Failed to load resource: net::ERR_INTERNET_DISCONNECTED @ https://de.xyz/api/activities:0
[113610628ms] [ERROR] Failed to load resource: net::ERR_INTERNET_DISCONNECTED @ https://de.xyz/api/eth-listings:0
[113610628ms] [ERROR] Failed to load resource: net::ERR_INTERNET_DISCONNECTED @ https://de.xyz/api/btc-listings:0
[113610628ms] [ERROR] Failed to load resource: net::ERR_INTERNET_DISCONNECTED @ https://de.xyz/api/listings:0
[113613661ms] [ERROR] Failed to load resource: net::ERR_INTERNET_DISCONNECTED @ https://de.xyz/api/eth-listings:0
[113613661ms] [ERROR] Failed to load resource: net::ERR_INTERNET_DISCONNECTED @ https://de.xyz/api/btc-listings:0
[113613661ms] [ERROR] Failed to load resource: net::ERR_INTERNET_DISCONNECTED @ https://de.xyz/api/listings:0
[113614689ms] [ERROR] Failed to load resource: net::ERR_INTERNET_DISCONNECTED @ https://de.xyz/api/activities:0
[113616755ms] [ERROR] Failed to load resource: net::ERR_INTERNET_DISCONNECTED @ https://de.xyz/api/eth-listings:0
[113616755ms] [ERROR] Failed to load resource: net::ERR_INTERNET_DISCONNECTED @ https://de.xyz/api/btc-listings:0
[113616755ms] [ERROR] Failed to load resource: net::ERR_INTERNET_DISCONNECTED @ https://de.xyz/api/listings:0
[113617722ms] [ERROR] Failed to load resource: net::ERR_INTERNET_DISCONNECTED @ https://de.xyz/api/activities:0
[113619855ms] [ERROR] Failed to load resource: net::ERR_INTERNET_DISCONNECTED @ https://de.xyz/api/eth-listings:0
[113619856ms] [ERROR] Failed to load resource: net::ERR_INTERNET_DISCONNECTED @ https://de.xyz/api/btc-listings:0
[113619856ms] [ERROR] Failed to load resource: net::ERR_INTERNET_DISCONNECTED @ https://de.xyz/api/listings:0
[113620826ms] [ERROR] Failed to load resource: net::ERR_INTERNET_DISCONNECTED @ https://de.xyz/api/activities:0
[113623585ms] [ERROR] Failed to load resource: net::ERR_INTERNET_DISCONNECTED @ https://de.xyz/api/eth-listings:0
[113623585ms] [ERROR] Failed to load resource: net::ERR_INTERNET_DISCONNECTED @ https://de.xyz/api/btc-listings:0
[113623585ms] [ERROR] Failed to load resource: net::ERR_INTERNET_DISCONNECTED @ https://de.xyz/api/listings:0
[113623875ms] [ERROR] Failed to load resource: net::ERR_INTERNET_DISCONNECTED @ https://de.xyz/api/activities:0
[113626916ms] [ERROR] Failed to load resource: net::ERR_INTERNET_DISCONNECTED @ https://de.xyz/api/activities:0
[113629999ms] [ERROR] Failed to load resource: net::ERR_INTERNET_DISCONNECTED @ https://de.xyz/api/activities:0
[113633165ms] [ERROR] Failed to load resource: net::ERR_INTERNET_DISCONNECTED @ https://de.xyz/api/activities:0
[113639353ms] [ERROR] Failed to load resource: net::ERR_INTERNET_DISCONNECTED @ https://de.xyz/api/activities:0
[113642390ms] [ERROR] Failed to load resource: net::ERR_INTERNET_DISCONNECTED @ https://de.xyz/api/activities:0
[113645438ms] [ERROR] Failed to load resource: net::ERR_INTERNET_DISCONNECTED @ https://de.xyz/api/activities:0
[113648459ms] [ERROR] Failed to load resource: net::ERR_INTERNET_DISCONNECTED @ https://de.xyz/api/activities:0
[113649344ms] [ERROR] Failed to load resource: net::ERR_INTERNET_DISCONNECTED @ https://de.xyz/api/listings:0
[113649344ms] [ERROR] Failed to load resource: net::ERR_INTERNET_DISCONNECTED @ https://de.xyz/api/eth-listings:0
[113649344ms] [ERROR] Failed to load resource: net::ERR_INTERNET_DISCONNECTED @ https://de.xyz/api/btc-listings:0
[113651492ms] [ERROR] Failed to load resource: net::ERR_INTERNET_DISCONNECTED @ https://de.xyz/api/activities:0
[113652388ms] [ERROR] Failed to load resource: net::ERR_INTERNET_DISCONNECTED @ https://de.xyz/api/btc-listings:0
[113652389ms] [ERROR] Failed to load resource: net::ERR_INTERNET_DISCONNECTED @ https://de.xyz/api/listings:0
[113652389ms] [ERROR] Failed to load resource: net::ERR_INTERNET_DISCONNECTED @ https://de.xyz/api/eth-listings:0
[113654567ms] [ERROR] Failed to load resource: net::ERR_INTERNET_DISCONNECTED @ https://de.xyz/api/activities:0
[113655423ms] [ERROR] Failed to load resource: net::ERR_INTERNET_DISCONNECTED @ https://de.xyz/api/btc-listings:0
[113655424ms] [ERROR] Failed to load resource: net::ERR_INTERNET_DISCONNECTED @ https://de.xyz/api/listings:0
[113655424ms] [ERROR] Failed to load resource: net::ERR_INTERNET_DISCONNECTED @ https://de.xyz/api/eth-listings:0
[113657639ms] [ERROR] Failed to load resource: net::ERR_INTERNET_DISCONNECTED @ https://de.xyz/api/activities:0
[113658481ms] [ERROR] Failed to load resource: net::ERR_INTERNET_DISCONNECTED @ https://de.xyz/api/btc-listings:0
[113658481ms] [ERROR] Failed to load resource: net::ERR_INTERNET_DISCONNECTED @ https://de.xyz/api/listings:0
[113658481ms] [ERROR] Failed to load resource: net::ERR_INTERNET_DISCONNECTED @ https://de.xyz/api/eth-listings:0
[113661551ms] [ERROR] Failed to load resource: net::ERR_INTERNET_DISCONNECTED @ https://de.xyz/api/btc-listings:0
[113661552ms] [ERROR] Failed to load resource: net::ERR_INTERNET_DISCONNECTED @ https://de.xyz/api/listings:0
[113661552ms] [ERROR] Failed to load resource: net::ERR_INTERNET_DISCONNECTED @ https://de.xyz/api/eth-listings:0
[113664347ms] [ERROR] Failed to load resource: net::ERR_INTERNET_DISCONNECTED @ https://de.xyz/api/activities:0
[113664383ms] [ERROR] Failed to load resource: net::ERR_INTERNET_DISCONNECTED @ https://de.xyz/api/y00ts-activities:0
[113664383ms] [ERROR] Failed to load resource: net::ERR_INTERNET_DISCONNECTED @ https://de.xyz/api/activities:0
[113664383ms] [ERROR] Failed to load resource: net::ERR_INTERNET_DISCONNECTED @ https://de.xyz/api/volume:0
[113664605ms] [ERROR] Failed to load resource: net::ERR_INTERNET_DISCONNECTED @ https://de.xyz/api/btc-listings:0
[113664605ms] [ERROR] Failed to load resource: net::ERR_INTERNET_DISCONNECTED @ https://de.xyz/api/listings:0
[113664605ms] [ERROR] Failed to load resource: net::ERR_INTERNET_DISCONNECTED @ https://de.xyz/api/eth-listings:0
[113667439ms] [ERROR] Failed to load resource: net::ERR_INTERNET_DISCONNECTED @ https://de.xyz/api/activities:0
[113667621ms] [ERROR] Failed to load resource: net::ERR_INTERNET_DISCONNECTED @ https://de.xyz/api/btc-listings:0
[113667621ms] [ERROR] Failed to load resource: net::ERR_INTERNET_DISCONNECTED @ https://de.xyz/api/eth-listings:0
[113667621ms] [ERROR] Failed to load resource: net::ERR_INTERNET_DISCONNECTED @ https://de.xyz/api/listings:0
[113670504ms] [ERROR] Failed to load resource: net::ERR_INTERNET_DISCONNECTED @ https://de.xyz/api/activities:0
[113673546ms] [ERROR] Failed to load resource: net::ERR_INTERNET_DISCONNECTED @ https://de.xyz/api/activities:0
[113676612ms] [ERROR] Failed to load resource: net::ERR_INTERNET_DISCONNECTED @ https://de.xyz/api/activities:0
[113679648ms] [ERROR] Failed to load resource: net::ERR_INTERNET_DISCONNECTED @ https://de.xyz/api/activities:0
[113682770ms] [ERROR] Failed to load resource: net::ERR_INTERNET_DISCONNECTED @ https://de.xyz/api/activities:0
[113689338ms] [ERROR] Failed to load resource: net::ERR_INTERNET_DISCONNECTED @ https://de.xyz/api/activities:0
[113692358ms] [ERROR] Failed to load resource: net::ERR_INTERNET_DISCONNECTED @ https://de.xyz/api/activities:0
[113694342ms] [ERROR] Failed to load resource: net::ERR_INTERNET_DISCONNECTED @ https://de.xyz/api/listings:0
[113694342ms] [ERROR] Failed to load resource: net::ERR_INTERNET_DISCONNECTED @ https://de.xyz/api/eth-listings:0
[113694342ms] [ERROR] Failed to load resource: net::ERR_INTERNET_DISCONNECTED @ https://de.xyz/api/btc-listings:0
[113695450ms] [ERROR] Failed to load resource: net::ERR_INTERNET_DISCONNECTED @ https://de.xyz/api/activities:0
[113697424ms] [ERROR] Failed to load resource: net::ERR_INTERNET_DISCONNECTED @ https://de.xyz/api/btc-listings:0
[113697424ms] [ERROR] Failed to load resource: net::ERR_INTERNET_DISCONNECTED @ https://de.xyz/api/listings:0
[113697425ms] [ERROR] Failed to load resource: net::ERR_INTERNET_DISCONNECTED @ https://de.xyz/api/eth-listings:0
[113698474ms] [ERROR] Failed to load resource: net::ERR_INTERNET_DISCONNECTED @ https://de.xyz/api/activities:0
[113700604ms] [ERROR] Failed to load resource: net::ERR_INTERNET_DISCONNECTED @ https://de.xyz/api/eth-listings:0
[113700604ms] [ERROR] Failed to load resource: net::ERR_INTERNET_DISCONNECTED @ https://de.xyz/api/btc-listings:0
[113700604ms] [ERROR] Failed to load resource: net::ERR_INTERNET_DISCONNECTED @ https://de.xyz/api/listings:0
[113701547ms] [ERROR] Failed to load resource: net::ERR_INTERNET_DISCONNECTED @ https://de.xyz/api/activities:0
[113703647ms] [ERROR] Failed to load resource: net::ERR_INTERNET_DISCONNECTED @ https://de.xyz/api/listings:0
[113703647ms] [ERROR] Failed to load resource: net::ERR_INTERNET_DISCONNECTED @ https://de.xyz/api/eth-listings:0
[113703647ms] [ERROR] Failed to load resource: net::ERR_INTERNET_DISCONNECTED @ https://de.xyz/api/btc-listings:0
[113705109ms] [ERROR] Failed to load resource: net::ERR_INTERNET_DISCONNECTED @ https://de.xyz/api/activities:0
[113706730ms] [ERROR] Failed to load resource: net::ERR_INTERNET_DISCONNECTED @ https://de.xyz/api/listings:0
[113706734ms] [ERROR] Failed to load resource: net::ERR_INTERNET_DISCONNECTED @ https://de.xyz/api/eth-listings:0
[113706734ms] [ERROR] Failed to load resource: net::ERR_INTERNET_DISCONNECTED @ https://de.xyz/api/btc-listings:0
[113708163ms] [ERROR] Failed to load resource: net::ERR_INTERNET_DISCONNECTED @ https://de.xyz/api/activities:0
[113709766ms] [ERROR] Failed to load resource: net::ERR_INTERNET_DISCONNECTED @ https://de.xyz/api/listings:0
[113709766ms] [ERROR] Failed to load resource: net::ERR_INTERNET_DISCONNECTED @ https://de.xyz/api/eth-listings:0
[113709766ms] [ERROR] Failed to load resource: net::ERR_INTERNET_DISCONNECTED @ https://de.xyz/api/btc-listings:0
[113712845ms] [ERROR] Failed to load resource: net::ERR_INTERNET_DISCONNECTED @ https://de.xyz/api/listings:0
[113712846ms] [ERROR] Failed to load resource: net::ERR_INTERNET_DISCONNECTED @ https://de.xyz/api/eth-listings:0
[113712846ms] [ERROR] Failed to load resource: net::ERR_INTERNET_DISCONNECTED @ https://de.xyz/api/btc-listings:0
[113714417ms] [ERROR] Failed to load resource: net::ERR_INTERNET_DISCONNECTED @ https://de.xyz/api/activities:0
[113717533ms] [ERROR] Failed to load resource: net::ERR_INTERNET_DISCONNECTED @ https://de.xyz/api/activities:0
[113720578ms] [ERROR] Failed to load resource: net::ERR_INTERNET_DISCONNECTED @ https://de.xyz/api/activities:0
[113723614ms] [ERROR] Failed to load resource: net::ERR_INTERNET_DISCONNECTED @ https://de.xyz/api/activities:0
[113724329ms] [ERROR] Failed to load resource: net::ERR_INTERNET_DISCONNECTED @ https://de.xyz/api/activities:0
[113724329ms] [ERROR] Failed to load resource: net::ERR_INTERNET_DISCONNECTED @ https://de.xyz/api/y00ts-activities:0
[113726639ms] [ERROR] Failed to load resource: net::ERR_INTERNET_DISCONNECTED @ https://de.xyz/api/activities:0
[113729699ms] [ERROR] Failed to load resource: net::ERR_INTERNET_DISCONNECTED @ https://de.xyz/api/activities:0
[113732736ms] [ERROR] Failed to load resource: net::ERR_INTERNET_DISCONNECTED @ https://de.xyz/api/activities:0
[113739405ms] [ERROR] Failed to load resource: net::ERR_INTERNET_DISCONNECTED @ https://de.xyz/api/listings:0
[113739405ms] [ERROR] Failed to load resource: net::ERR_INTERNET_DISCONNECTED @ https://de.xyz/api/activities:0
[113739405ms] [ERROR] Failed to load resource: net::ERR_INTERNET_DISCONNECTED @ https://de.xyz/api/eth-listings:0
[113739405ms] [ERROR] Failed to load resource: net::ERR_INTERNET_DISCONNECTED @ https://de.xyz/api/btc-listings:0
[113742442ms] [ERROR] Failed to load resource: net::ERR_INTERNET_DISCONNECTED @ https://de.xyz/api/listings:0
[113742446ms] [ERROR] Failed to load resource: net::ERR_INTERNET_DISCONNECTED @ https://de.xyz/api/activities:0
[113742446ms] [ERROR] Failed to load resource: net::ERR_INTERNET_DISCONNECTED @ https://de.xyz/api/eth-listings:0
[113742446ms] [ERROR] Failed to load resource: net::ERR_INTERNET_DISCONNECTED @ https://de.xyz/api/btc-listings:0
[113745531ms] [ERROR] Failed to load resource: net::ERR_INTERNET_DISCONNECTED @ https://de.xyz/api/listings:0
[113745533ms] [ERROR] Failed to load resource: net::ERR_INTERNET_DISCONNECTED @ https://de.xyz/api/activities:0
[113745535ms] [ERROR] Failed to load resource: net::ERR_INTERNET_DISCONNECTED @ https://de.xyz/api/eth-listings:0
[113745556ms] [ERROR] Failed to load resource: net::ERR_INTERNET_DISCONNECTED @ https://de.xyz/api/btc-listings:0
[113748581ms] [ERROR] Failed to load resource: net::ERR_INTERNET_DISCONNECTED @ https://de.xyz/api/listings:0
[113748581ms] [ERROR] Failed to load resource: net::ERR_INTERNET_DISCONNECTED @ https://de.xyz/api/activities:0
[113748581ms] [ERROR] Failed to load resource: net::ERR_INTERNET_DISCONNECTED @ https://de.xyz/api/eth-listings:0
[113748581ms] [ERROR] Failed to load resource: net::ERR_INTERNET_DISCONNECTED @ https://de.xyz/api/btc-listings:0
[113751609ms] [ERROR] Failed to load resource: net::ERR_INTERNET_DISCONNECTED @ https://de.xyz/api/listings:0
[113751609ms] [ERROR] Failed to load resource: net::ERR_INTERNET_DISCONNECTED @ https://de.xyz/api/eth-listings:0
[113751609ms] [ERROR] Failed to load resource: net::ERR_INTERNET_DISCONNECTED @ https://de.xyz/api/activities:0
[113751609ms] [ERROR] Failed to load resource: net::ERR_INTERNET_DISCONNECTED @ https://de.xyz/api/btc-listings:0
[113754676ms] [ERROR] Failed to load resource: net::ERR_INTERNET_DISCONNECTED @ https://de.xyz/api/listings:0
[113754676ms] [ERROR] Failed to load resource: net::ERR_INTERNET_DISCONNECTED @ https://de.xyz/api/eth-listings:0
[113754676ms] [ERROR] Failed to load resource: net::ERR_INTERNET_DISCONNECTED @ https://de.xyz/api/activities:0
[113754676ms] [ERROR] Failed to load resource: net::ERR_INTERNET_DISCONNECTED @ https://de.xyz/api/btc-listings:0
[113757758ms] [ERROR] Failed to load resource: net::ERR_INTERNET_DISCONNECTED @ https://de.xyz/api/listings:0
[113757765ms] [ERROR] Failed to load resource: net::ERR_INTERNET_DISCONNECTED @ https://de.xyz/api/eth-listings:0
[113757765ms] [ERROR] Failed to load resource: net::ERR_INTERNET_DISCONNECTED @ https://de.xyz/api/activities:0
[113757765ms] [ERROR] Failed to load resource: net::ERR_INTERNET_DISCONNECTED @ https://de.xyz/api/btc-listings:0
[113764364ms] [ERROR] Failed to load resource: net::ERR_INTERNET_DISCONNECTED @ https://de.xyz/api/activities:0
[113767506ms] [ERROR] Failed to load resource: net::ERR_INTERNET_DISCONNECTED @ https://de.xyz/api/activities:0
[113770582ms] [ERROR] Failed to load resource: net::ERR_INTERNET_DISCONNECTED @ https://de.xyz/api/activities:0
[113773628ms] [ERROR] Failed to load resource: net::ERR_INTERNET_DISCONNECTED @ https://de.xyz/api/activities:0
[113776674ms] [ERROR] Failed to load resource: net::ERR_INTERNET_DISCONNECTED @ https://de.xyz/api/activities:0
[113779954ms] [ERROR] Failed to load resource: net::ERR_INTERNET_DISCONNECTED @ https://de.xyz/api/activities:0
[113783058ms] [ERROR] Failed to load resource: net::ERR_INTERNET_DISCONNECTED @ https://de.xyz/api/activities:0
[113784344ms] [ERROR] Failed to load resource: net::ERR_INTERNET_DISCONNECTED @ https://de.xyz/api/activities:0
[113784344ms] [ERROR] Failed to load resource: net::ERR_INTERNET_DISCONNECTED @ https://de.xyz/api/btc-listings:0
[113784344ms] [ERROR] Failed to load resource: net::ERR_INTERNET_DISCONNECTED @ https://de.xyz/api/y00ts-activities:0
[113784344ms] [ERROR] Failed to load resource: net::ERR_INTERNET_DISCONNECTED @ https://de.xyz/api/listings:0
[113784344ms] [ERROR] Failed to load resource: net::ERR_INTERNET_DISCONNECTED @ https://de.xyz/api/eth-listings:0
[113787382ms] [ERROR] Failed to load resource: net::ERR_INTERNET_DISCONNECTED @ https://de.xyz/api/btc-listings:0
[113787383ms] [ERROR] Failed to load resource: net::ERR_INTERNET_DISCONNECTED @ https://de.xyz/api/listings:0
[113787383ms] [ERROR] Failed to load resource: net::ERR_INTERNET_DISCONNECTED @ https://de.xyz/api/eth-listings:0
[113789346ms] [ERROR] Failed to load resource: net::ERR_INTERNET_DISCONNECTED @ https://de.xyz/api/activities:0
[113790474ms] [ERROR] Failed to load resource: net::ERR_INTERNET_DISCONNECTED @ https://de.xyz/api/btc-listings:0
[113790475ms] [ERROR] Failed to load resource: net::ERR_INTERNET_DISCONNECTED @ https://de.xyz/api/listings:0
[113790475ms] [ERROR] Failed to load resource: net::ERR_INTERNET_DISCONNECTED @ https://de.xyz/api/eth-listings:0
[113792423ms] [ERROR] Failed to load resource: net::ERR_INTERNET_DISCONNECTED @ https://de.xyz/api/activities:0
[113793569ms] [ERROR] Failed to load resource: net::ERR_INTERNET_DISCONNECTED @ https://de.xyz/api/btc-listings:0
[113793570ms] [ERROR] Failed to load resource: net::ERR_INTERNET_DISCONNECTED @ https://de.xyz/api/listings:0
[113793571ms] [ERROR] Failed to load resource: net::ERR_INTERNET_DISCONNECTED @ https://de.xyz/api/eth-listings:0
[113795496ms] [ERROR] Failed to load resource: net::ERR_INTERNET_DISCONNECTED @ https://de.xyz/api/activities:0
[113796604ms] [ERROR] Failed to load resource: net::ERR_INTERNET_DISCONNECTED @ https://de.xyz/api/btc-listings:0
[113796605ms] [ERROR] Failed to load resource: net::ERR_INTERNET_DISCONNECTED @ https://de.xyz/api/listings:0
[113796605ms] [ERROR] Failed to load resource: net::ERR_INTERNET_DISCONNECTED @ https://de.xyz/api/eth-listings:0
[113798584ms] [ERROR] Failed to load resource: net::ERR_INTERNET_DISCONNECTED @ https://de.xyz/api/activities:0
[113799634ms] [ERROR] Failed to load resource: net::ERR_INTERNET_DISCONNECTED @ https://de.xyz/api/btc-listings:0
[113799634ms] [ERROR] Failed to load resource: net::ERR_INTERNET_DISCONNECTED @ https://de.xyz/api/eth-listings:0
[113799634ms] [ERROR] Failed to load resource: net::ERR_INTERNET_DISCONNECTED @ https://de.xyz/api/listings:0
[113801637ms] [ERROR] Failed to load resource: net::ERR_INTERNET_DISCONNECTED @ https://de.xyz/api/activities:0
[113802856ms] [ERROR] Failed to load resource: net::ERR_INTERNET_DISCONNECTED @ https://de.xyz/api/btc-listings:0
[113802856ms] [ERROR] Failed to load resource: net::ERR_INTERNET_DISCONNECTED @ https://de.xyz/api/eth-listings:0
[113802856ms] [ERROR] Failed to load resource: net::ERR_INTERNET_DISCONNECTED @ https://de.xyz/api/listings:0
[113804710ms] [ERROR] Failed to load resource: net::ERR_INTERNET_DISCONNECTED @ https://de.xyz/api/activities:0
[113807867ms] [ERROR] Failed to load resource: net::ERR_INTERNET_DISCONNECTED @ https://de.xyz/api/activities:0
[113814323ms] [ERROR] Failed to load resource: net::ERR_INTERNET_DISCONNECTED @ https://de.xyz/api/activities:0
[113817463ms] [ERROR] Failed to load resource: net::ERR_INTERNET_DISCONNECTED @ https://de.xyz/api/activities:0
[113820518ms] [ERROR] Failed to load resource: net::ERR_INTERNET_DISCONNECTED @ https://de.xyz/api/activities:0
[113823540ms] [ERROR] Failed to load resource: net::ERR_INTERNET_DISCONNECTED @ https://de.xyz/api/activities:0
[113826595ms] [ERROR] Failed to load resource: net::ERR_INTERNET_DISCONNECTED @ https://de.xyz/api/activities:0
[113829507ms] [ERROR] Failed to load resource: net::ERR_INTERNET_DISCONNECTED @ https://de.xyz/api/listings:0
[113829512ms] [ERROR] Failed to load resource: net::ERR_INTERNET_DISCONNECTED @ https://de.xyz/api/eth-listings:0
[113829512ms] [ERROR] Failed to load resource: net::ERR_INTERNET_DISCONNECTED @ https://de.xyz/api/btc-listings:0
[113829629ms] [ERROR] Failed to load resource: net::ERR_INTERNET_DISCONNECTED @ https://de.xyz/api/activities:0
[113832555ms] [ERROR] Failed to load resource: net::ERR_INTERNET_DISCONNECTED @ https://de.xyz/api/eth-listings:0
[113832555ms] [ERROR] Failed to load resource: net::ERR_INTERNET_DISCONNECTED @ https://de.xyz/api/btc-listings:0
[113832555ms] [ERROR] Failed to load resource: net::ERR_INTERNET_DISCONNECTED @ https://de.xyz/api/listings:0
[113832660ms] [ERROR] Failed to load resource: net::ERR_INTERNET_DISCONNECTED @ https://de.xyz/api/activities:0
[113835606ms] [ERROR] Failed to load resource: net::ERR_INTERNET_DISCONNECTED @ https://de.xyz/api/eth-listings:0
[113835607ms] [ERROR] Failed to load resource: net::ERR_INTERNET_DISCONNECTED @ https://de.xyz/api/listings:0
[113835607ms] [ERROR] Failed to load resource: net::ERR_INTERNET_DISCONNECTED @ https://de.xyz/api/btc-listings:0
[113838665ms] [ERROR] Failed to load resource: net::ERR_INTERNET_DISCONNECTED @ https://de.xyz/api/btc-listings:0
[113838669ms] [ERROR] Failed to load resource: net::ERR_INTERNET_DISCONNECTED @ https://de.xyz/api/eth-listings:0
[113838669ms] [ERROR] Failed to load resource: net::ERR_INTERNET_DISCONNECTED @ https://de.xyz/api/listings:0
[113839469ms] [ERROR] Failed to load resource: net::ERR_INTERNET_DISCONNECTED @ https://de.xyz/api/activities:0
[113841694ms] [ERROR] Failed to load resource: net::ERR_INTERNET_DISCONNECTED @ https://de.xyz/api/eth-listings:0
[113841694ms] [ERROR] Failed to load resource: net::ERR_INTERNET_DISCONNECTED @ https://de.xyz/api/btc-listings:0
[113841695ms] [ERROR] Failed to load resource: net::ERR_INTERNET_DISCONNECTED @ https://de.xyz/api/listings:0
[113842519ms] [ERROR] Failed to load resource: net::ERR_INTERNET_DISCONNECTED @ https://de.xyz/api/activities:0
[113844300ms] [ERROR] Failed to load resource: net::ERR_INTERNET_DISCONNECTED @ https://de.xyz/api/activities:0
[113844300ms] [ERROR] Failed to load resource: net::ERR_INTERNET_DISCONNECTED @ https://de.xyz/api/y00ts-activities:0
[113844764ms] [ERROR] Failed to load resource: net::ERR_INTERNET_DISCONNECTED @ https://de.xyz/api/eth-listings:0
[113844764ms] [ERROR] Failed to load resource: net::ERR_INTERNET_DISCONNECTED @ https://de.xyz/api/btc-listings:0
[113844764ms] [ERROR] Failed to load resource: net::ERR_INTERNET_DISCONNECTED @ https://de.xyz/api/listings:0
[113845611ms] [ERROR] Failed to load resource: net::ERR_INTERNET_DISCONNECTED @ https://de.xyz/api/activities:0
[113847844ms] [ERROR] Failed to load resource: net::ERR_INTERNET_DISCONNECTED @ https://de.xyz/api/listings:0
[113847848ms] [ERROR] Failed to load resource: net::ERR_INTERNET_DISCONNECTED @ https://de.xyz/api/eth-listings:0
[113847848ms] [ERROR] Failed to load resource: net::ERR_INTERNET_DISCONNECTED @ https://de.xyz/api/btc-listings:0
[113848646ms] [ERROR] Failed to load resource: net::ERR_INTERNET_DISCONNECTED @ https://de.xyz/api/activities:0
[113851666ms] [ERROR] Failed to load resource: net::ERR_INTERNET_DISCONNECTED @ https://de.xyz/api/activities:0
[113854729ms] [ERROR] Failed to load resource: net::ERR_INTERNET_DISCONNECTED @ https://de.xyz/api/activities:0
[113857767ms] [ERROR] Failed to load resource: net::ERR_INTERNET_DISCONNECTED @ https://de.xyz/api/activities:0
[113864362ms] [ERROR] Failed to load resource: net::ERR_INTERNET_DISCONNECTED @ https://de.xyz/api/activities:0
[113867430ms] [ERROR] Failed to load resource: net::ERR_INTERNET_DISCONNECTED @ https://de.xyz/api/activities:0
[113870462ms] [ERROR] Failed to load resource: net::ERR_INTERNET_DISCONNECTED @ https://de.xyz/api/activities:0
[113873542ms] [ERROR] Failed to load resource: net::ERR_INTERNET_DISCONNECTED @ https://de.xyz/api/activities:0
[113874330ms] [ERROR] Failed to load resource: net::ERR_INTERNET_DISCONNECTED @ https://de.xyz/api/listings:0
[113874330ms] [ERROR] Failed to load resource: net::ERR_INTERNET_DISCONNECTED @ https://de.xyz/api/eth-listings:0
[113874330ms] [ERROR] Failed to load resource: net::ERR_INTERNET_DISCONNECTED @ https://de.xyz/api/btc-listings:0
[113876574ms] [ERROR] Failed to load resource: net::ERR_INTERNET_DISCONNECTED @ https://de.xyz/api/activities:0
[113877487ms] [ERROR] Failed to load resource: net::ERR_INTERNET_DISCONNECTED @ https://de.xyz/api/listings:0
[113877487ms] [ERROR] Failed to load resource: net::ERR_INTERNET_DISCONNECTED @ https://de.xyz/api/eth-listings:0
[113877487ms] [ERROR] Failed to load resource: net::ERR_INTERNET_DISCONNECTED @ https://de.xyz/api/btc-listings:0
[113879617ms] [ERROR] Failed to load resource: net::ERR_INTERNET_DISCONNECTED @ https://de.xyz/api/activities:0
[113880539ms] [ERROR] Failed to load resource: net::ERR_INTERNET_DISCONNECTED @ https://de.xyz/api/btc-listings:0
[113880541ms] [ERROR] Failed to load resource: net::ERR_INTERNET_DISCONNECTED @ https://de.xyz/api/listings:0
[113880542ms] [ERROR] Failed to load resource: net::ERR_INTERNET_DISCONNECTED @ https://de.xyz/api/eth-listings:0
[113882639ms] [ERROR] Failed to load resource: net::ERR_INTERNET_DISCONNECTED @ https://de.xyz/api/activities:0
[113883572ms] [ERROR] Failed to load resource: net::ERR_INTERNET_DISCONNECTED @ https://de.xyz/api/btc-listings:0
[113883572ms] [ERROR] Failed to load resource: net::ERR_INTERNET_DISCONNECTED @ https://de.xyz/api/eth-listings:0
[113883572ms] [ERROR] Failed to load resource: net::ERR_INTERNET_DISCONNECTED @ https://de.xyz/api/listings:0
[113886598ms] [ERROR] Failed to load resource: net::ERR_INTERNET_DISCONNECTED @ https://de.xyz/api/eth-listings:0
[113886598ms] [ERROR] Failed to load resource: net::ERR_INTERNET_DISCONNECTED @ https://de.xyz/api/btc-listings:0
[113886598ms] [ERROR] Failed to load resource: net::ERR_INTERNET_DISCONNECTED @ https://de.xyz/api/listings:0
[113889352ms] [ERROR] Failed to load resource: net::ERR_INTERNET_DISCONNECTED @ https://de.xyz/api/activities:0
[113889662ms] [ERROR] Failed to load resource: net::ERR_INTERNET_DISCONNECTED @ https://de.xyz/api/eth-listings:0
[113889662ms] [ERROR] Failed to load resource: net::ERR_INTERNET_DISCONNECTED @ https://de.xyz/api/btc-listings:0
[113889662ms] [ERROR] Failed to load resource: net::ERR_INTERNET_DISCONNECTED @ https://de.xyz/api/listings:0
[113892407ms] [ERROR] Failed to load resource: net::ERR_INTERNET_DISCONNECTED @ https://de.xyz/api/activities:0
[113892711ms] [ERROR] Failed to load resource: net::ERR_INTERNET_DISCONNECTED @ https://de.xyz/api/eth-listings:0
[113892711ms] [ERROR] Failed to load resource: net::ERR_INTERNET_DISCONNECTED @ https://de.xyz/api/btc-listings:0
[113892711ms] [ERROR] Failed to load resource: net::ERR_INTERNET_DISCONNECTED @ https://de.xyz/api/listings:0
[113895471ms] [ERROR] Failed to load resource: net::ERR_INTERNET_DISCONNECTED @ https://de.xyz/api/activities:0
[113898741ms] [ERROR] Failed to load resource: net::ERR_INTERNET_DISCONNECTED @ https://de.xyz/api/activities:0
[113901857ms] [ERROR] Failed to load resource: net::ERR_INTERNET_DISCONNECTED @ https://de.xyz/api/activities:0
[113904320ms] [ERROR] Failed to load resource: net::ERR_INTERNET_DISCONNECTED @ https://de.xyz/api/activities:0
[113904320ms] [ERROR] Failed to load resource: net::ERR_INTERNET_DISCONNECTED @ https://de.xyz/api/y00ts-activities:0
[113904910ms] [ERROR] Failed to load resource: net::ERR_INTERNET_DISCONNECTED @ https://de.xyz/api/activities:0
[113907977ms] [ERROR] Failed to load resource: net::ERR_INTERNET_DISCONNECTED @ https://de.xyz/api/activities:0
[113914336ms] [ERROR] Failed to load resource: net::ERR_INTERNET_DISCONNECTED @ https://de.xyz/api/activities:0
[113917372ms] [ERROR] Failed to load resource: net::ERR_INTERNET_DISCONNECTED @ https://de.xyz/api/activities:0
[113919412ms] [ERROR] Failed to load resource: net::ERR_INTERNET_DISCONNECTED @ https://de.xyz/api/listings:0
[113919412ms] [ERROR] Failed to load resource: net::ERR_INTERNET_DISCONNECTED @ https://de.xyz/api/eth-listings:0
[113919432ms] [ERROR] Failed to load resource: net::ERR_INTERNET_DISCONNECTED @ https://de.xyz/api/btc-listings:0
[113920469ms] [ERROR] Failed to load resource: net::ERR_INTERNET_DISCONNECTED @ https://de.xyz/api/activities:0
[113922910ms] [ERROR] Failed to load resource: net::ERR_INTERNET_DISCONNECTED @ https://de.xyz/api/listings:0
[113922955ms] [ERROR] Failed to load resource: net::ERR_INTERNET_DISCONNECTED @ https://de.xyz/api/eth-listings:0
[113922955ms] [ERROR] Failed to load resource: net::ERR_INTERNET_DISCONNECTED @ https://de.xyz/api/btc-listings:0
[113923508ms] [ERROR] Failed to load resource: net::ERR_INTERNET_DISCONNECTED @ https://de.xyz/api/activities:0
[113926101ms] [ERROR] Failed to load resource: net::ERR_INTERNET_DISCONNECTED @ https://de.xyz/api/listings:0
[113926101ms] [ERROR] Failed to load resource: net::ERR_INTERNET_DISCONNECTED @ https://de.xyz/api/btc-listings:0
[113926101ms] [ERROR] Failed to load resource: net::ERR_INTERNET_DISCONNECTED @ https://de.xyz/api/eth-listings:0
[113926596ms] [ERROR] Failed to load resource: net::ERR_INTERNET_DISCONNECTED @ https://de.xyz/api/activities:0
[113929157ms] [ERROR] Failed to load resource: net::ERR_INTERNET_DISCONNECTED @ https://de.xyz/api/listings:0
[113929158ms] [ERROR] Failed to load resource: net::ERR_INTERNET_DISCONNECTED @ https://de.xyz/api/btc-listings:0
[113929158ms] [ERROR] Failed to load resource: net::ERR_INTERNET_DISCONNECTED @ https://de.xyz/api/eth-listings:0
[113929706ms] [ERROR] Failed to load resource: net::ERR_INTERNET_DISCONNECTED @ https://de.xyz/api/activities:0
[113932186ms] [ERROR] Failed to load resource: net::ERR_INTERNET_DISCONNECTED @ https://de.xyz/api/btc-listings:0
[113932186ms] [ERROR] Failed to load resource: net::ERR_INTERNET_DISCONNECTED @ https://de.xyz/api/listings:0
[113932186ms] [ERROR] Failed to load resource: net::ERR_INTERNET_DISCONNECTED @ https://de.xyz/api/eth-listings:0
[113932745ms] [ERROR] Failed to load resource: net::ERR_INTERNET_DISCONNECTED @ https://de.xyz/api/activities:0
[113935337ms] [ERROR] Failed to load resource: net::ERR_INTERNET_DISCONNECTED @ https://de.xyz/api/eth-listings:0
[113935337ms] [ERROR] Failed to load resource: net::ERR_INTERNET_DISCONNECTED @ https://de.xyz/api/btc-listings:0
[113935338ms] [ERROR] Failed to load resource: net::ERR_INTERNET_DISCONNECTED @ https://de.xyz/api/listings:0
[113938377ms] [ERROR] Failed to load resource: net::ERR_INTERNET_DISCONNECTED @ https://de.xyz/api/eth-listings:0
[113938377ms] [ERROR] Failed to load resource: net::ERR_INTERNET_DISCONNECTED @ https://de.xyz/api/btc-listings:0
[113938377ms] [ERROR] Failed to load resource: net::ERR_INTERNET_DISCONNECTED @ https://de.xyz/api/listings:0
[113939404ms] [ERROR] Failed to load resource: net::ERR_INTERNET_DISCONNECTED @ https://de.xyz/api/activities:0
[113942466ms] [ERROR] Failed to load resource: net::ERR_INTERNET_DISCONNECTED @ https://de.xyz/api/activities:0
[113945530ms] [ERROR] Failed to load resource: net::ERR_INTERNET_DISCONNECTED @ https://de.xyz/api/activities:0
[113948563ms] [ERROR] Failed to load resource: net::ERR_INTERNET_DISCONNECTED @ https://de.xyz/api/activities:0
[113951617ms] [ERROR] Failed to load resource: net::ERR_INTERNET_DISCONNECTED @ https://de.xyz/api/activities:0
[113954704ms] [ERROR] Failed to load resource: net::ERR_INTERNET_DISCONNECTED @ https://de.xyz/api/activities:0
[113957833ms] [ERROR] Failed to load resource: net::ERR_INTERNET_DISCONNECTED @ https://de.xyz/api/activities:0
[113964357ms] [ERROR] Failed to load resource: net::ERR_INTERNET_DISCONNECTED @ https://de.xyz/api/activities:0
[113964357ms] [ERROR] Failed to load resource: net::ERR_INTERNET_DISCONNECTED @ https://de.xyz/api/y00ts-activities:0
[113964358ms] [ERROR] Failed to load resource: net::ERR_INTERNET_DISCONNECTED @ https://de.xyz/api/listings:0
[113964434ms] [ERROR] Failed to load resource: net::ERR_INTERNET_DISCONNECTED @ https://de.xyz/api/activities:0
[113964434ms] [ERROR] Failed to load resource: net::ERR_INTERNET_DISCONNECTED @ https://de.xyz/api/volume:0
[113964434ms] [ERROR] Failed to load resource: net::ERR_INTERNET_DISCONNECTED @ https://de.xyz/api/btc-listings:0
[113964435ms] [ERROR] Failed to load resource: net::ERR_INTERNET_DISCONNECTED @ https://de.xyz/api/eth-listings:0
[113967401ms] [ERROR] Failed to load resource: net::ERR_INTERNET_DISCONNECTED @ https://de.xyz/api/listings:0
[113967498ms] [ERROR] Failed to load resource: net::ERR_INTERNET_DISCONNECTED @ https://de.xyz/api/activities:0
[113967536ms] [ERROR] Failed to load resource: net::ERR_INTERNET_DISCONNECTED @ https://de.xyz/api/btc-listings:0
[113967537ms] [ERROR] Failed to load resource: net::ERR_INTERNET_DISCONNECTED @ https://de.xyz/api/eth-listings:0
[113970436ms] [ERROR] Failed to load resource: net::ERR_INTERNET_DISCONNECTED @ https://de.xyz/api/listings:0
[113970606ms] [ERROR] Failed to load resource: net::ERR_INTERNET_DISCONNECTED @ https://de.xyz/api/activities:0
[113970607ms] [ERROR] Failed to load resource: net::ERR_INTERNET_DISCONNECTED @ https://de.xyz/api/btc-listings:0
[113970607ms] [ERROR] Failed to load resource: net::ERR_INTERNET_DISCONNECTED @ https://de.xyz/api/eth-listings:0
[113973500ms] [ERROR] Failed to load resource: net::ERR_INTERNET_DISCONNECTED @ https://de.xyz/api/listings:0
[113973644ms] [ERROR] Failed to load resource: net::ERR_INTERNET_DISCONNECTED @ https://de.xyz/api/activities:0
[113973644ms] [ERROR] Failed to load resource: net::ERR_INTERNET_DISCONNECTED @ https://de.xyz/api/btc-listings:0
[113973644ms] [ERROR] Failed to load resource: net::ERR_INTERNET_DISCONNECTED @ https://de.xyz/api/eth-listings:0
[113976567ms] [ERROR] Failed to load resource: net::ERR_INTERNET_DISCONNECTED @ https://de.xyz/api/listings:0
[113976678ms] [ERROR] Failed to load resource: net::ERR_INTERNET_DISCONNECTED @ https://de.xyz/api/activities:0
[113976679ms] [ERROR] Failed to load resource: net::ERR_INTERNET_DISCONNECTED @ https://de.xyz/api/btc-listings:0
[113976679ms] [ERROR] Failed to load resource: net::ERR_INTERNET_DISCONNECTED @ https://de.xyz/api/eth-listings:0
[113979628ms] [ERROR] Failed to load resource: net::ERR_INTERNET_DISCONNECTED @ https://de.xyz/api/listings:0
[113979747ms] [ERROR] Failed to load resource: net::ERR_INTERNET_DISCONNECTED @ https://de.xyz/api/activities:0
[113979747ms] [ERROR] Failed to load resource: net::ERR_INTERNET_DISCONNECTED @ https://de.xyz/api/eth-listings:0
[113979747ms] [ERROR] Failed to load resource: net::ERR_INTERNET_DISCONNECTED @ https://de.xyz/api/btc-listings:0
[113982705ms] [ERROR] Failed to load resource: net::ERR_INTERNET_DISCONNECTED @ https://de.xyz/api/listings:0
[113983309ms] [ERROR] Failed to load resource: net::ERR_INTERNET_DISCONNECTED @ https://de.xyz/api/activities:0
[113983310ms] [ERROR] Failed to load resource: net::ERR_INTERNET_DISCONNECTED @ https://de.xyz/api/eth-listings:0
[113983310ms] [ERROR] Failed to load resource: net::ERR_INTERNET_DISCONNECTED @ https://de.xyz/api/btc-listings:0
[113989342ms] [ERROR] Failed to load resource: net::ERR_INTERNET_DISCONNECTED @ https://de.xyz/api/activities:0
[113992364ms] [ERROR] Failed to load resource: net::ERR_INTERNET_DISCONNECTED @ https://de.xyz/api/activities:0
[113995416ms] [ERROR] Failed to load resource: net::ERR_INTERNET_DISCONNECTED @ https://de.xyz/api/activities:0
[113998467ms] [ERROR] Failed to load resource: net::ERR_INTERNET_DISCONNECTED @ https://de.xyz/api/activities:0
[114001518ms] [ERROR] Failed to load resource: net::ERR_INTERNET_DISCONNECTED @ https://de.xyz/api/activities:0
[114004578ms] [ERROR] Failed to load resource: net::ERR_INTERNET_DISCONNECTED @ https://de.xyz/api/activities:0
[114007623ms] [ERROR] Failed to load resource: net::ERR_INTERNET_DISCONNECTED @ https://de.xyz/api/activities:0
[114009329ms] [ERROR] Failed to load resource: net::ERR_INTERNET_DISCONNECTED @ https://de.xyz/api/listings:0
[114009329ms] [ERROR] Failed to load resource: net::ERR_INTERNET_DISCONNECTED @ https://de.xyz/api/eth-listings:0
[114009329ms] [ERROR] Failed to load resource: net::ERR_INTERNET_DISCONNECTED @ https://de.xyz/api/btc-listings:0
[114012362ms] [ERROR] Failed to load resource: net::ERR_INTERNET_DISCONNECTED @ https://de.xyz/api/eth-listings:0
[114012362ms] [ERROR] Failed to load resource: net::ERR_INTERNET_DISCONNECTED @ https://de.xyz/api/listings:0
[114012362ms] [ERROR] Failed to load resource: net::ERR_INTERNET_DISCONNECTED @ https://de.xyz/api/btc-listings:0
[114014822ms] [ERROR] Failed to load resource: net::ERR_INTERNET_DISCONNECTED @ https://de.xyz/api/activities:0
[114015504ms] [ERROR] Failed to load resource: net::ERR_INTERNET_DISCONNECTED @ https://de.xyz/api/eth-listings:0
[114015504ms] [ERROR] Failed to load resource: net::ERR_INTERNET_DISCONNECTED @ https://de.xyz/api/listings:0
[114015505ms] [ERROR] Failed to load resource: net::ERR_INTERNET_DISCONNECTED @ https://de.xyz/api/btc-listings:0
[114017859ms] [ERROR] Failed to load resource: net::ERR_INTERNET_DISCONNECTED @ https://de.xyz/api/activities:0
[114018542ms] [ERROR] Failed to load resource: net::ERR_INTERNET_DISCONNECTED @ https://de.xyz/api/eth-listings:0
[114018542ms] [ERROR] Failed to load resource: net::ERR_INTERNET_DISCONNECTED @ https://de.xyz/api/listings:0
[114018547ms] [ERROR] Failed to load resource: net::ERR_INTERNET_DISCONNECTED @ https://de.xyz/api/btc-listings:0
[114020959ms] [ERROR] Failed to load resource: net::ERR_INTERNET_DISCONNECTED @ https://de.xyz/api/activities:0
[114021582ms] [ERROR] Failed to load resource: net::ERR_INTERNET_DISCONNECTED @ https://de.xyz/api/eth-listings:0
[114021582ms] [ERROR] Failed to load resource: net::ERR_INTERNET_DISCONNECTED @ https://de.xyz/api/listings:0
[114021582ms] [ERROR] Failed to load resource: net::ERR_INTERNET_DISCONNECTED @ https://de.xyz/api/btc-listings:0
[114024021ms] [ERROR] Failed to load resource: net::ERR_INTERNET_DISCONNECTED @ https://de.xyz/api/activities:0
[114024308ms] [ERROR] Failed to load resource: net::ERR_INTERNET_DISCONNECTED @ https://de.xyz/api/activities:0
[114024308ms] [ERROR] Failed to load resource: net::ERR_INTERNET_DISCONNECTED @ https://de.xyz/api/y00ts-activities:0
[114024611ms] [ERROR] Failed to load resource: net::ERR_INTERNET_DISCONNECTED @ https://de.xyz/api/eth-listings:0
[114024611ms] [ERROR] Failed to load resource: net::ERR_INTERNET_DISCONNECTED @ https://de.xyz/api/listings:0
[114024611ms] [ERROR] Failed to load resource: net::ERR_INTERNET_DISCONNECTED @ https://de.xyz/api/btc-listings:0
[114027110ms] [ERROR] Failed to load resource: net::ERR_INTERNET_DISCONNECTED @ https://de.xyz/api/activities:0
[114027643ms] [ERROR] Failed to load resource: net::ERR_INTERNET_DISCONNECTED @ https://de.xyz/api/btc-listings:0
[114027646ms] [ERROR] Failed to load resource: net::ERR_INTERNET_DISCONNECTED @ https://de.xyz/api/eth-listings:0
[114027646ms] [ERROR] Failed to load resource: net::ERR_INTERNET_DISCONNECTED @ https://de.xyz/api/listings:0
[114030166ms] [ERROR] Failed to load resource: net::ERR_INTERNET_DISCONNECTED @ https://de.xyz/api/activities:0
[114033233ms] [ERROR] Failed to load resource: net::ERR_INTERNET_DISCONNECTED @ https://de.xyz/api/activities:0
[114039341ms] [ERROR] Failed to load resource: net::ERR_INTERNET_DISCONNECTED @ https://de.xyz/api/activities:0
[114042422ms] [ERROR] Failed to load resource: net::ERR_INTERNET_DISCONNECTED @ https://de.xyz/api/activities:0
[114045473ms] [ERROR] Failed to load resource: net::ERR_INTERNET_DISCONNECTED @ https://de.xyz/api/activities:0
[114048527ms] [ERROR] Failed to load resource: net::ERR_INTERNET_DISCONNECTED @ https://de.xyz/api/activities:0
[114051555ms] [ERROR] Failed to load resource: net::ERR_INTERNET_DISCONNECTED @ https://de.xyz/api/activities:0
[114054360ms] [ERROR] Failed to load resource: net::ERR_INTERNET_DISCONNECTED @ https://de.xyz/api/listings:0
[114054360ms] [ERROR] Failed to load resource: net::ERR_INTERNET_DISCONNECTED @ https://de.xyz/api/eth-listings:0
[114054360ms] [ERROR] Failed to load resource: net::ERR_INTERNET_DISCONNECTED @ https://de.xyz/api/btc-listings:0
[114054609ms] [ERROR] Failed to load resource: net::ERR_INTERNET_DISCONNECTED @ https://de.xyz/api/activities:0
[114057448ms] [ERROR] Failed to load resource: net::ERR_INTERNET_DISCONNECTED @ https://de.xyz/api/listings:0
[114057448ms] [ERROR] Failed to load resource: net::ERR_INTERNET_DISCONNECTED @ https://de.xyz/api/eth-listings:0
[114057448ms] [ERROR] Failed to load resource: net::ERR_INTERNET_DISCONNECTED @ https://de.xyz/api/btc-listings:0
[114057645ms] [ERROR] Failed to load resource: net::ERR_INTERNET_DISCONNECTED @ https://de.xyz/api/activities:0
[114060565ms] [ERROR] Failed to load resource: net::ERR_INTERNET_DISCONNECTED @ https://de.xyz/api/listings:0
[114060566ms] [ERROR] Failed to load resource: net::ERR_INTERNET_DISCONNECTED @ https://de.xyz/api/btc-listings:0
[114060566ms] [ERROR] Failed to load resource: net::ERR_INTERNET_DISCONNECTED @ https://de.xyz/api/eth-listings:0
[114063624ms] [ERROR] Failed to load resource: net::ERR_INTERNET_DISCONNECTED @ https://de.xyz/api/listings:0
[114063624ms] [ERROR] Failed to load resource: net::ERR_INTERNET_DISCONNECTED @ https://de.xyz/api/btc-listings:0
[114063624ms] [ERROR] Failed to load resource: net::ERR_INTERNET_DISCONNECTED @ https://de.xyz/api/eth-listings:0
[114064340ms] [ERROR] Failed to load resource: net::ERR_INTERNET_DISCONNECTED @ https://de.xyz/api/activities:0
[114066695ms] [ERROR] Failed to load resource: net::ERR_INTERNET_DISCONNECTED @ https://de.xyz/api/listings:0
[114066695ms] [ERROR] Failed to load resource: net::ERR_INTERNET_DISCONNECTED @ https://de.xyz/api/btc-listings:0
[114066695ms] [ERROR] Failed to load resource: net::ERR_INTERNET_DISCONNECTED @ https://de.xyz/api/eth-listings:0
[114067376ms] [ERROR] Failed to load resource: net::ERR_INTERNET_DISCONNECTED @ https://de.xyz/api/activities:0
[114069810ms] [ERROR] Failed to load resource: net::ERR_INTERNET_DISCONNECTED @ https://de.xyz/api/listings:0
[114069810ms] [ERROR] Failed to load resource: net::ERR_INTERNET_DISCONNECTED @ https://de.xyz/api/btc-listings:0
[114069810ms] [ERROR] Failed to load resource: net::ERR_INTERNET_DISCONNECTED @ https://de.xyz/api/eth-listings:0
[114070482ms] [ERROR] Failed to load resource: net::ERR_INTERNET_DISCONNECTED @ https://de.xyz/api/activities:0
[114072871ms] [ERROR] Failed to load resource: net::ERR_INTERNET_DISCONNECTED @ https://de.xyz/api/listings:0
[114072872ms] [ERROR] Failed to load resource: net::ERR_INTERNET_DISCONNECTED @ https://de.xyz/api/btc-listings:0
[114072872ms] [ERROR] Failed to load resource: net::ERR_INTERNET_DISCONNECTED @ https://de.xyz/api/eth-listings:0
[114073530ms] [ERROR] Failed to load resource: net::ERR_INTERNET_DISCONNECTED @ https://de.xyz/api/activities:0
[114076570ms] [ERROR] Failed to load resource: net::ERR_INTERNET_DISCONNECTED @ https://de.xyz/api/activities:0
[114079578ms] [ERROR] Failed to load resource: net::ERR_INTERNET_DISCONNECTED @ https://de.xyz/api/activities:0
[114082615ms] [ERROR] Failed to load resource: net::ERR_INTERNET_DISCONNECTED @ https://de.xyz/api/activities:0
[114084355ms] [ERROR] Failed to load resource: net::ERR_INTERNET_DISCONNECTED @ https://de.xyz/api/activities:0
[114084355ms] [ERROR] Failed to load resource: net::ERR_INTERNET_DISCONNECTED @ https://de.xyz/api/y00ts-activities:0
[114089416ms] [ERROR] Failed to load resource: net::ERR_INTERNET_DISCONNECTED @ https://de.xyz/api/activities:0
[114092495ms] [ERROR] Failed to load resource: net::ERR_INTERNET_DISCONNECTED @ https://de.xyz/api/activities:0
[114095523ms] [ERROR] Failed to load resource: net::ERR_INTERNET_DISCONNECTED @ https://de.xyz/api/activities:0
[114098581ms] [ERROR] Failed to load resource: net::ERR_INTERNET_DISCONNECTED @ https://de.xyz/api/activities:0
[114099356ms] [ERROR] Failed to load resource: net::ERR_INTERNET_DISCONNECTED @ https://de.xyz/api/listings:0
[114099356ms] [ERROR] Failed to load resource: net::ERR_INTERNET_DISCONNECTED @ https://de.xyz/api/eth-listings:0
[114099356ms] [ERROR] Failed to load resource: net::ERR_INTERNET_DISCONNECTED @ https://de.xyz/api/btc-listings:0
[114101639ms] [ERROR] Failed to load resource: net::ERR_INTERNET_DISCONNECTED @ https://de.xyz/api/activities:0
[114102421ms] [ERROR] Failed to load resource: net::ERR_INTERNET_DISCONNECTED @ https://de.xyz/api/eth-listings:0
[114102421ms] [ERROR] Failed to load resource: net::ERR_INTERNET_DISCONNECTED @ https://de.xyz/api/listings:0
[114102421ms] [ERROR] Failed to load resource: net::ERR_INTERNET_DISCONNECTED @ https://de.xyz/api/btc-listings:0
[114104669ms] [ERROR] Failed to load resource: net::ERR_INTERNET_DISCONNECTED @ https://de.xyz/api/activities:0
[114105523ms] [ERROR] Failed to load resource: net::ERR_INTERNET_DISCONNECTED @ https://de.xyz/api/listings:0
[114105523ms] [ERROR] Failed to load resource: net::ERR_INTERNET_DISCONNECTED @ https://de.xyz/api/btc-listings:0
[114105523ms] [ERROR] Failed to load resource: net::ERR_INTERNET_DISCONNECTED @ https://de.xyz/api/eth-listings:0
[114107768ms] [ERROR] Failed to load resource: net::ERR_INTERNET_DISCONNECTED @ https://de.xyz/api/activities:0
[114108557ms] [ERROR] Failed to load resource: net::ERR_INTERNET_DISCONNECTED @ https://de.xyz/api/eth-listings:0
[114108557ms] [ERROR] Failed to load resource: net::ERR_INTERNET_DISCONNECTED @ https://de.xyz/api/listings:0
[114108557ms] [ERROR] Failed to load resource: net::ERR_INTERNET_DISCONNECTED @ https://de.xyz/api/btc-listings:0
[114111583ms] [ERROR] Failed to load resource: net::ERR_INTERNET_DISCONNECTED @ https://de.xyz/api/eth-listings:0
[114111583ms] [ERROR] Failed to load resource: net::ERR_INTERNET_DISCONNECTED @ https://de.xyz/api/listings:0
[114111584ms] [ERROR] Failed to load resource: net::ERR_INTERNET_DISCONNECTED @ https://de.xyz/api/btc-listings:0
[114114361ms] [ERROR] Failed to load resource: net::ERR_INTERNET_DISCONNECTED @ https://de.xyz/api/activities:0
[114114806ms] [ERROR] Failed to load resource: net::ERR_INTERNET_DISCONNECTED @ https://de.xyz/api/eth-listings:0
[114114811ms] [ERROR] Failed to load resource: net::ERR_INTERNET_DISCONNECTED @ https://de.xyz/api/listings:0
[114114812ms] [ERROR] Failed to load resource: net::ERR_INTERNET_DISCONNECTED @ https://de.xyz/api/btc-listings:0
[114117453ms] [ERROR] Failed to load resource: net::ERR_INTERNET_DISCONNECTED @ https://de.xyz/api/activities:0
[114118168ms] [ERROR] Failed to load resource: net::ERR_INTERNET_DISCONNECTED @ https://de.xyz/api/eth-listings:0
[114118168ms] [ERROR] Failed to load resource: net::ERR_INTERNET_DISCONNECTED @ https://de.xyz/api/listings:0
[114118171ms] [ERROR] Failed to load resource: net::ERR_INTERNET_DISCONNECTED @ https://de.xyz/api/btc-listings:0
[114120560ms] [ERROR] Failed to load resource: net::ERR_INTERNET_DISCONNECTED @ https://de.xyz/api/activities:0
[114123589ms] [ERROR] Failed to load resource: net::ERR_INTERNET_DISCONNECTED @ https://de.xyz/api/activities:0
[114126630ms] [ERROR] Failed to load resource: net::ERR_INTERNET_DISCONNECTED @ https://de.xyz/api/activities:0
[114129685ms] [ERROR] Failed to load resource: net::ERR_INTERNET_DISCONNECTED @ https://de.xyz/api/activities:0
[114132907ms] [ERROR] Failed to load resource: net::ERR_INTERNET_DISCONNECTED @ https://de.xyz/api/activities:0
[114139427ms] [ERROR] Failed to load resource: net::ERR_INTERNET_DISCONNECTED @ https://de.xyz/api/activities:0
[114142485ms] [ERROR] Failed to load resource: net::ERR_INTERNET_DISCONNECTED @ https://de.xyz/api/activities:0
[114144423ms] [ERROR] Failed to load resource: net::ERR_INTERNET_DISCONNECTED @ https://de.xyz/api/activities:0
[114144424ms] [ERROR] Failed to load resource: net::ERR_INTERNET_DISCONNECTED @ https://de.xyz/api/eth-listings:0
[114144424ms] [ERROR] Failed to load resource: net::ERR_INTERNET_DISCONNECTED @ https://de.xyz/api/y00ts-activities:0
[114144424ms] [ERROR] Failed to load resource: net::ERR_INTERNET_DISCONNECTED @ https://de.xyz/api/listings:0
[114144482ms] [ERROR] Failed to load resource: net::ERR_INTERNET_DISCONNECTED @ https://de.xyz/api/btc-listings:0
[114145655ms] [ERROR] Failed to load resource: net::ERR_INTERNET_DISCONNECTED @ https://de.xyz/api/activities:0
[114147497ms] [ERROR] Failed to load resource: net::ERR_INTERNET_DISCONNECTED @ https://de.xyz/api/eth-listings:0
[114147500ms] [ERROR] Failed to load resource: net::ERR_INTERNET_DISCONNECTED @ https://de.xyz/api/listings:0
[114147552ms] [ERROR] Failed to load resource: net::ERR_INTERNET_DISCONNECTED @ https://de.xyz/api/btc-listings:0
[114148731ms] [ERROR] Failed to load resource: net::ERR_INTERNET_DISCONNECTED @ https://de.xyz/api/activities:0
[114150536ms] [ERROR] Failed to load resource: net::ERR_INTERNET_DISCONNECTED @ https://de.xyz/api/eth-listings:0
[114150626ms] [ERROR] Failed to load resource: net::ERR_INTERNET_DISCONNECTED @ https://de.xyz/api/listings:0
[114150626ms] [ERROR] Failed to load resource: net::ERR_INTERNET_DISCONNECTED @ https://de.xyz/api/btc-listings:0
[114151819ms] [ERROR] Failed to load resource: net::ERR_INTERNET_DISCONNECTED @ https://de.xyz/api/activities:0
[114153593ms] [ERROR] Failed to load resource: net::ERR_INTERNET_DISCONNECTED @ https://de.xyz/api/eth-listings:0
[114153692ms] [ERROR] Failed to load resource: net::ERR_INTERNET_DISCONNECTED @ https://de.xyz/api/listings:0
[114153692ms] [ERROR] Failed to load resource: net::ERR_INTERNET_DISCONNECTED @ https://de.xyz/api/btc-listings:0
[114154951ms] [ERROR] Failed to load resource: net::ERR_INTERNET_DISCONNECTED @ https://de.xyz/api/activities:0
[114156683ms] [ERROR] Failed to load resource: net::ERR_INTERNET_DISCONNECTED @ https://de.xyz/api/eth-listings:0
[114156727ms] [ERROR] Failed to load resource: net::ERR_INTERNET_DISCONNECTED @ https://de.xyz/api/listings:0
[114156729ms] [ERROR] Failed to load resource: net::ERR_INTERNET_DISCONNECTED @ https://de.xyz/api/btc-listings:0
[114158025ms] [ERROR] Failed to load resource: net::ERR_INTERNET_DISCONNECTED @ https://de.xyz/api/activities:0
[114159746ms] [ERROR] Failed to load resource: net::ERR_INTERNET_DISCONNECTED @ https://de.xyz/api/eth-listings:0
[114159773ms] [ERROR] Failed to load resource: net::ERR_INTERNET_DISCONNECTED @ https://de.xyz/api/btc-listings:0
[114159774ms] [ERROR] Failed to load resource: net::ERR_INTERNET_DISCONNECTED @ https://de.xyz/api/listings:0
[114162881ms] [ERROR] Failed to load resource: net::ERR_INTERNET_DISCONNECTED @ https://de.xyz/api/eth-listings:0
[114162896ms] [ERROR] Failed to load resource: net::ERR_INTERNET_DISCONNECTED @ https://de.xyz/api/btc-listings:0
[114162896ms] [ERROR] Failed to load resource: net::ERR_INTERNET_DISCONNECTED @ https://de.xyz/api/listings:0
[114164358ms] [ERROR] Failed to load resource: net::ERR_INTERNET_DISCONNECTED @ https://de.xyz/api/activities:0
[114167391ms] [ERROR] Failed to load resource: net::ERR_INTERNET_DISCONNECTED @ https://de.xyz/api/activities:0
[114170440ms] [ERROR] Failed to load resource: net::ERR_INTERNET_DISCONNECTED @ https://de.xyz/api/activities:0
[114173492ms] [ERROR] Failed to load resource: net::ERR_INTERNET_DISCONNECTED @ https://de.xyz/api/activities:0
[114176544ms] [ERROR] Failed to load resource: net::ERR_INTERNET_DISCONNECTED @ https://de.xyz/api/activities:0
[114180287ms] [ERROR] Failed to load resource: net::ERR_INTERNET_DISCONNECTED @ https://de.xyz/api/activities:0
[114183355ms] [ERROR] Failed to load resource: net::ERR_INTERNET_DISCONNECTED @ https://de.xyz/api/activities:0
[114189432ms] [ERROR] Failed to load resource: net::ERR_INTERNET_DISCONNECTED @ https://de.xyz/api/listings:0
[114189433ms] [ERROR] Failed to load resource: net::ERR_INTERNET_DISCONNECTED @ https://de.xyz/api/activities:0
[114189433ms] [ERROR] Failed to load resource: net::ERR_INTERNET_DISCONNECTED @ https://de.xyz/api/eth-listings:0
[114189433ms] [ERROR] Failed to load resource: net::ERR_INTERNET_DISCONNECTED @ https://de.xyz/api/btc-listings:0
[114193169ms] [ERROR] Failed to load resource: net::ERR_INTERNET_DISCONNECTED @ https://de.xyz/api/listings:0
[114193169ms] [ERROR] Failed to load resource: net::ERR_INTERNET_DISCONNECTED @ https://de.xyz/api/activities:0
[114193175ms] [ERROR] Failed to load resource: net::ERR_INTERNET_DISCONNECTED @ https://de.xyz/api/eth-listings:0
[114193218ms] [ERROR] Failed to load resource: net::ERR_INTERNET_DISCONNECTED @ https://de.xyz/api/btc-listings:0
[114196209ms] [ERROR] Failed to load resource: net::ERR_INTERNET_DISCONNECTED @ https://de.xyz/api/listings:0
[114196210ms] [ERROR] Failed to load resource: net::ERR_INTERNET_DISCONNECTED @ https://de.xyz/api/activities:0
[114196210ms] [ERROR] Failed to load resource: net::ERR_INTERNET_DISCONNECTED @ https://de.xyz/api/eth-listings:0
[114196258ms] [ERROR] Failed to load resource: net::ERR_INTERNET_DISCONNECTED @ https://de.xyz/api/btc-listings:0
[114199304ms] [ERROR] Failed to load resource: net::ERR_INTERNET_DISCONNECTED @ https://de.xyz/api/listings:0
[114199304ms] [ERROR] Failed to load resource: net::ERR_INTERNET_DISCONNECTED @ https://de.xyz/api/activities:0
[114199304ms] [ERROR] Failed to load resource: net::ERR_INTERNET_DISCONNECTED @ https://de.xyz/api/eth-listings:0
[114199304ms] [ERROR] Failed to load resource: net::ERR_INTERNET_DISCONNECTED @ https://de.xyz/api/btc-listings:0
[114202438ms] [ERROR] Failed to load resource: net::ERR_INTERNET_DISCONNECTED @ https://de.xyz/api/listings:0
[114202439ms] [ERROR] Failed to load resource: net::ERR_INTERNET_DISCONNECTED @ https://de.xyz/api/activities:0
[114202442ms] [ERROR] Failed to load resource: net::ERR_INTERNET_DISCONNECTED @ https://de.xyz/api/eth-listings:0
[114202444ms] [ERROR] Failed to load resource: net::ERR_INTERNET_DISCONNECTED @ https://de.xyz/api/btc-listings:0
[114204304ms] [ERROR] Failed to load resource: net::ERR_INTERNET_DISCONNECTED @ https://de.xyz/api/y00ts-activities:0
[114204304ms] [ERROR] Failed to load resource: net::ERR_INTERNET_DISCONNECTED @ https://de.xyz/api/activities:0
[114205541ms] [ERROR] Failed to load resource: net::ERR_INTERNET_DISCONNECTED @ https://de.xyz/api/listings:0
[114205544ms] [ERROR] Failed to load resource: net::ERR_INTERNET_DISCONNECTED @ https://de.xyz/api/activities:0
[114205544ms] [ERROR] Failed to load resource: net::ERR_INTERNET_DISCONNECTED @ https://de.xyz/api/eth-listings:0
[114205544ms] [ERROR] Failed to load resource: net::ERR_INTERNET_DISCONNECTED @ https://de.xyz/api/btc-listings:0
[114208633ms] [ERROR] Failed to load resource: net::ERR_INTERNET_DISCONNECTED @ https://de.xyz/api/listings:0
[114208634ms] [ERROR] Failed to load resource: net::ERR_INTERNET_DISCONNECTED @ https://de.xyz/api/btc-listings:0
[114208635ms] [ERROR] Failed to load resource: net::ERR_INTERNET_DISCONNECTED @ https://de.xyz/api/activities:0
[114208635ms] [ERROR] Failed to load resource: net::ERR_INTERNET_DISCONNECTED @ https://de.xyz/api/eth-listings:0
[114214444ms] [ERROR] Failed to load resource: net::ERR_INTERNET_DISCONNECTED @ https://de.xyz/api/activities:0
[114217468ms] [ERROR] Failed to load resource: net::ERR_INTERNET_DISCONNECTED @ https://de.xyz/api/activities:0
[114220566ms] [ERROR] Failed to load resource: net::ERR_INTERNET_DISCONNECTED @ https://de.xyz/api/activities:0
[114223866ms] [ERROR] Failed to load resource: net::ERR_INTERNET_DISCONNECTED @ https://de.xyz/api/activities:0
[114227319ms] [ERROR] Failed to load resource: net::ERR_INTERNET_DISCONNECTED @ https://de.xyz/api/activities:0
[114230341ms] [ERROR] Failed to load resource: net::ERR_INTERNET_DISCONNECTED @ https://de.xyz/api/activities:0
[114233383ms] [ERROR] Failed to load resource: net::ERR_INTERNET_DISCONNECTED @ https://de.xyz/api/activities:0
[114234345ms] [ERROR] Failed to load resource: net::ERR_INTERNET_DISCONNECTED @ https://de.xyz/api/listings:0
[114234345ms] [ERROR] Failed to load resource: net::ERR_INTERNET_DISCONNECTED @ https://de.xyz/api/eth-listings:0
[114234345ms] [ERROR] Failed to load resource: net::ERR_INTERNET_DISCONNECTED @ https://de.xyz/api/btc-listings:0
[114237401ms] [ERROR] Failed to load resource: net::ERR_INTERNET_DISCONNECTED @ https://de.xyz/api/btc-listings:0
[114237402ms] [ERROR] Failed to load resource: net::ERR_INTERNET_DISCONNECTED @ https://de.xyz/api/listings:0
[114237402ms] [ERROR] Failed to load resource: net::ERR_INTERNET_DISCONNECTED @ https://de.xyz/api/eth-listings:0
[114239730ms] [ERROR] Failed to load resource: net::ERR_INTERNET_DISCONNECTED @ https://de.xyz/api/activities:0
[114240429ms] [ERROR] Failed to load resource: net::ERR_INTERNET_DISCONNECTED @ https://de.xyz/api/eth-listings:0
[114240430ms] [ERROR] Failed to load resource: net::ERR_INTERNET_DISCONNECTED @ https://de.xyz/api/btc-listings:0
[114240430ms] [ERROR] Failed to load resource: net::ERR_INTERNET_DISCONNECTED @ https://de.xyz/api/listings:0
[114242783ms] [ERROR] Failed to load resource: net::ERR_INTERNET_DISCONNECTED @ https://de.xyz/api/activities:0
[114243476ms] [ERROR] Failed to load resource: net::ERR_INTERNET_DISCONNECTED @ https://de.xyz/api/eth-listings:0
[114243476ms] [ERROR] Failed to load resource: net::ERR_INTERNET_DISCONNECTED @ https://de.xyz/api/btc-listings:0
[114243477ms] [ERROR] Failed to load resource: net::ERR_INTERNET_DISCONNECTED @ https://de.xyz/api/listings:0
[114245836ms] [ERROR] Failed to load resource: net::ERR_INTERNET_DISCONNECTED @ https://de.xyz/api/activities:0
[114246518ms] [ERROR] Failed to load resource: net::ERR_INTERNET_DISCONNECTED @ https://de.xyz/api/btc-listings:0
[114246518ms] [ERROR] Failed to load resource: net::ERR_INTERNET_DISCONNECTED @ https://de.xyz/api/eth-listings:0
[114246518ms] [ERROR] Failed to load resource: net::ERR_INTERNET_DISCONNECTED @ https://de.xyz/api/listings:0
[114248894ms] [ERROR] Failed to load resource: net::ERR_INTERNET_DISCONNECTED @ https://de.xyz/api/activities:0
[114249551ms] [ERROR] Failed to load resource: net::ERR_INTERNET_DISCONNECTED @ https://de.xyz/api/listings:0
[114249551ms] [ERROR] Failed to load resource: net::ERR_INTERNET_DISCONNECTED @ https://de.xyz/api/btc-listings:0
[114249551ms] [ERROR] Failed to load resource: net::ERR_INTERNET_DISCONNECTED @ https://de.xyz/api/eth-listings:0
[114251920ms] [ERROR] Failed to load resource: net::ERR_INTERNET_DISCONNECTED @ https://de.xyz/api/activities:0
[114252581ms] [ERROR] Failed to load resource: net::ERR_INTERNET_DISCONNECTED @ https://de.xyz/api/eth-listings:0
[114252581ms] [ERROR] Failed to load resource: net::ERR_INTERNET_DISCONNECTED @ https://de.xyz/api/listings:0
[114252583ms] [ERROR] Failed to load resource: net::ERR_INTERNET_DISCONNECTED @ https://de.xyz/api/btc-listings:0
[114254977ms] [ERROR] Failed to load resource: net::ERR_INTERNET_DISCONNECTED @ https://de.xyz/api/activities:0
[114258083ms] [ERROR] Failed to load resource: net::ERR_INTERNET_DISCONNECTED @ https://de.xyz/api/activities:0
[114264387ms] [ERROR] Failed to load resource: net::ERR_INTERNET_DISCONNECTED @ https://de.xyz/api/activities:0
[114264387ms] [ERROR] Failed to load resource: net::ERR_INTERNET_DISCONNECTED @ https://de.xyz/api/y00ts-activities:0
[114264392ms] [ERROR] Failed to load resource: net::ERR_INTERNET_DISCONNECTED @ https://de.xyz/api/activities:0
[114264598ms] [ERROR] Failed to load resource: net::ERR_INTERNET_DISCONNECTED @ https://de.xyz/api/volume:0
[114267426ms] [ERROR] Failed to load resource: net::ERR_INTERNET_DISCONNECTED @ https://de.xyz/api/activities:0
[114270503ms] [ERROR] Failed to load resource: net::ERR_INTERNET_DISCONNECTED @ https://de.xyz/api/activities:0
[114273561ms] [ERROR] Failed to load resource: net::ERR_INTERNET_DISCONNECTED @ https://de.xyz/api/activities:0
[114276616ms] [ERROR] Failed to load resource: net::ERR_INTERNET_DISCONNECTED @ https://de.xyz/api/activities:0
[114279447ms] [ERROR] Failed to load resource: net::ERR_INTERNET_DISCONNECTED @ https://de.xyz/api/listings:0
[114279447ms] [ERROR] Failed to load resource: net::ERR_INTERNET_DISCONNECTED @ https://de.xyz/api/eth-listings:0
[114279447ms] [ERROR] Failed to load resource: net::ERR_INTERNET_DISCONNECTED @ https://de.xyz/api/btc-listings:0
[114279696ms] [ERROR] Failed to load resource: net::ERR_INTERNET_DISCONNECTED @ https://de.xyz/api/activities:0
[114282519ms] [ERROR] Failed to load resource: net::ERR_INTERNET_DISCONNECTED @ https://de.xyz/api/listings:0
[114282520ms] [ERROR] Failed to load resource: net::ERR_INTERNET_DISCONNECTED @ https://de.xyz/api/eth-listings:0
[114282520ms] [ERROR] Failed to load resource: net::ERR_INTERNET_DISCONNECTED @ https://de.xyz/api/btc-listings:0
[114282727ms] [ERROR] Failed to load resource: net::ERR_INTERNET_DISCONNECTED @ https://de.xyz/api/activities:0
[114285588ms] [ERROR] Failed to load resource: net::ERR_INTERNET_DISCONNECTED @ https://de.xyz/api/eth-listings:0
[114285590ms] [ERROR] Failed to load resource: net::ERR_INTERNET_DISCONNECTED @ https://de.xyz/api/listings:0
[114285597ms] [ERROR] Failed to load resource: net::ERR_INTERNET_DISCONNECTED @ https://de.xyz/api/btc-listings:0
[114288681ms] [ERROR] Failed to load resource: net::ERR_INTERNET_DISCONNECTED @ https://de.xyz/api/btc-listings:0
[114288681ms] [ERROR] Failed to load resource: net::ERR_INTERNET_DISCONNECTED @ https://de.xyz/api/eth-listings:0
[114288681ms] [ERROR] Failed to load resource: net::ERR_INTERNET_DISCONNECTED @ https://de.xyz/api/listings:0
[114289510ms] [ERROR] Failed to load resource: net::ERR_INTERNET_DISCONNECTED @ https://de.xyz/api/activities:0
[114291750ms] [ERROR] Failed to load resource: net::ERR_INTERNET_DISCONNECTED @ https://de.xyz/api/btc-listings:0
[114291753ms] [ERROR] Failed to load resource: net::ERR_INTERNET_DISCONNECTED @ https://de.xyz/api/eth-listings:0
[114291753ms] [ERROR] Failed to load resource: net::ERR_INTERNET_DISCONNECTED @ https://de.xyz/api/listings:0
[114292661ms] [ERROR] Failed to load resource: net::ERR_INTERNET_DISCONNECTED @ https://de.xyz/api/activities:0
[114294843ms] [ERROR] Failed to load resource: net::ERR_INTERNET_DISCONNECTED @ https://de.xyz/api/btc-listings:0
[114294847ms] [ERROR] Failed to load resource: net::ERR_INTERNET_DISCONNECTED @ https://de.xyz/api/eth-listings:0
[114294847ms] [ERROR] Failed to load resource: net::ERR_INTERNET_DISCONNECTED @ https://de.xyz/api/listings:0
[114295745ms] [ERROR] Failed to load resource: net::ERR_INTERNET_DISCONNECTED @ https://de.xyz/api/activities:0
[114297912ms] [ERROR] Failed to load resource: net::ERR_INTERNET_DISCONNECTED @ https://de.xyz/api/btc-listings:0
[114297912ms] [ERROR] Failed to load resource: net::ERR_INTERNET_DISCONNECTED @ https://de.xyz/api/eth-listings:0
[114297912ms] [ERROR] Failed to load resource: net::ERR_INTERNET_DISCONNECTED @ https://de.xyz/api/listings:0
[114298778ms] [ERROR] Failed to load resource: net::ERR_INTERNET_DISCONNECTED @ https://de.xyz/api/activities:0
[114301824ms] [ERROR] Failed to load resource: net::ERR_INTERNET_DISCONNECTED @ https://de.xyz/api/activities:0
[114305376ms] [ERROR] Failed to load resource: net::ERR_INTERNET_DISCONNECTED @ https://de.xyz/api/activities:0
[114308481ms] [ERROR] Failed to load resource: net::ERR_INTERNET_DISCONNECTED @ https://de.xyz/api/activities:0
[114314410ms] [ERROR] Failed to load resource: net::ERR_INTERNET_DISCONNECTED @ https://de.xyz/api/activities:0
[114317470ms] [ERROR] Failed to load resource: net::ERR_INTERNET_DISCONNECTED @ https://de.xyz/api/activities:0
[114320493ms] [ERROR] Failed to load resource: net::ERR_INTERNET_DISCONNECTED @ https://de.xyz/api/activities:0
[114324703ms] [ERROR] Failed to load resource: net::ERR_INTERNET_DISCONNECTED @ https://de.xyz/api/activities:0
[114325205ms] [ERROR] Failed to load resource: net::ERR_INTERNET_DISCONNECTED @ https://de.xyz/api/activities:0
[114326378ms] [ERROR] Failed to load resource: net::ERR_INTERNET_DISCONNECTED @ https://de.xyz/api/y00ts-activities:0
[114326395ms] [ERROR] Failed to load resource: net::ERR_INTERNET_DISCONNECTED @ https://de.xyz/api/eth-listings:0
[114326395ms] [ERROR] Failed to load resource: net::ERR_INTERNET_DISCONNECTED @ https://de.xyz/api/listings:0
[114326412ms] [ERROR] Failed to load resource: net::ERR_INTERNET_DISCONNECTED @ https://de.xyz/api/btc-listings:0
[114328948ms] [ERROR] Failed to load resource: net::ERR_INTERNET_DISCONNECTED @ https://de.xyz/api/activities:0
[114329489ms] [ERROR] Failed to load resource: net::ERR_INTERNET_DISCONNECTED @ https://de.xyz/api/btc-listings:0
[114329490ms] [ERROR] Failed to load resource: net::ERR_INTERNET_DISCONNECTED @ https://de.xyz/api/listings:0
[114329490ms] [ERROR] Failed to load resource: net::ERR_INTERNET_DISCONNECTED @ https://de.xyz/api/eth-listings:0
[114332030ms] [ERROR] Failed to load resource: net::ERR_INTERNET_DISCONNECTED @ https://de.xyz/api/activities:0
[114332531ms] [ERROR] Failed to load resource: net::ERR_INTERNET_DISCONNECTED @ https://de.xyz/api/eth-listings:0
[114332531ms] [ERROR] Failed to load resource: net::ERR_INTERNET_DISCONNECTED @ https://de.xyz/api/btc-listings:0
[114332531ms] [ERROR] Failed to load resource: net::ERR_INTERNET_DISCONNECTED @ https://de.xyz/api/listings:0
[114335050ms] [ERROR] Failed to load resource: net::ERR_INTERNET_DISCONNECTED @ https://de.xyz/api/activities:0
[114335590ms] [ERROR] Failed to load resource: net::ERR_INTERNET_DISCONNECTED @ https://de.xyz/api/eth-listings:0
[114335590ms] [ERROR] Failed to load resource: net::ERR_INTERNET_DISCONNECTED @ https://de.xyz/api/btc-listings:0
[114335590ms] [ERROR] Failed to load resource: net::ERR_INTERNET_DISCONNECTED @ https://de.xyz/api/listings:0
[114338620ms] [ERROR] Failed to load resource: net::ERR_INTERNET_DISCONNECTED @ https://de.xyz/api/eth-listings:0
[114338620ms] [ERROR] Failed to load resource: net::ERR_INTERNET_DISCONNECTED @ https://de.xyz/api/btc-listings:0
[114338620ms] [ERROR] Failed to load resource: net::ERR_INTERNET_DISCONNECTED @ https://de.xyz/api/listings:0
[114339326ms] [ERROR] Failed to load resource: net::ERR_INTERNET_DISCONNECTED @ https://de.xyz/api/activities:0
[114341664ms] [ERROR] Failed to load resource: net::ERR_INTERNET_DISCONNECTED @ https://de.xyz/api/eth-listings:0
[114341664ms] [ERROR] Failed to load resource: net::ERR_INTERNET_DISCONNECTED @ https://de.xyz/api/btc-listings:0
[114341664ms] [ERROR] Failed to load resource: net::ERR_INTERNET_DISCONNECTED @ https://de.xyz/api/listings:0
[114342353ms] [ERROR] Failed to load resource: net::ERR_INTERNET_DISCONNECTED @ https://de.xyz/api/activities:0
[114344730ms] [ERROR] Failed to load resource: net::ERR_INTERNET_DISCONNECTED @ https://de.xyz/api/eth-listings:0
[114344730ms] [ERROR] Failed to load resource: net::ERR_INTERNET_DISCONNECTED @ https://de.xyz/api/btc-listings:0
[114344730ms] [ERROR] Failed to load resource: net::ERR_INTERNET_DISCONNECTED @ https://de.xyz/api/listings:0
[114345413ms] [ERROR] Failed to load resource: net::ERR_INTERNET_DISCONNECTED @ https://de.xyz/api/activities:0
[114348461ms] [ERROR] Failed to load resource: net::ERR_INTERNET_DISCONNECTED @ https://de.xyz/api/activities:0
[114351488ms] [ERROR] Failed to load resource: net::ERR_INTERNET_DISCONNECTED @ https://de.xyz/api/activities:0
[114354516ms] [ERROR] Failed to load resource: net::ERR_INTERNET_DISCONNECTED @ https://de.xyz/api/activities:0
[114357583ms] [ERROR] Failed to load resource: net::ERR_INTERNET_DISCONNECTED @ https://de.xyz/api/activities:0
[114364535ms] [ERROR] Failed to load resource: net::ERR_INTERNET_DISCONNECTED @ https://de.xyz/api/activities:0
[114367571ms] [ERROR] Failed to load resource: net::ERR_INTERNET_DISCONNECTED @ https://de.xyz/api/activities:0
[114369344ms] [ERROR] Failed to load resource: net::ERR_INTERNET_DISCONNECTED @ https://de.xyz/api/listings:0
[114369344ms] [ERROR] Failed to load resource: net::ERR_INTERNET_DISCONNECTED @ https://de.xyz/api/eth-listings:0
[114369344ms] [ERROR] Failed to load resource: net::ERR_INTERNET_DISCONNECTED @ https://de.xyz/api/btc-listings:0
[114370602ms] [ERROR] Failed to load resource: net::ERR_INTERNET_DISCONNECTED @ https://de.xyz/api/activities:0
[114372371ms] [ERROR] Failed to load resource: net::ERR_INTERNET_DISCONNECTED @ https://de.xyz/api/listings:0
[114372374ms] [ERROR] Failed to load resource: net::ERR_INTERNET_DISCONNECTED @ https://de.xyz/api/eth-listings:0
[114372375ms] [ERROR] Failed to load resource: net::ERR_INTERNET_DISCONNECTED @ https://de.xyz/api/btc-listings:0
[114373640ms] [ERROR] Failed to load resource: net::ERR_INTERNET_DISCONNECTED @ https://de.xyz/api/activities:0
[114375463ms] [ERROR] Failed to load resource: net::ERR_INTERNET_DISCONNECTED @ https://de.xyz/api/listings:0
[114375466ms] [ERROR] Failed to load resource: net::ERR_INTERNET_DISCONNECTED @ https://de.xyz/api/eth-listings:0
[114375466ms] [ERROR] Failed to load resource: net::ERR_INTERNET_DISCONNECTED @ https://de.xyz/api/btc-listings:0
[114376723ms] [ERROR] Failed to load resource: net::ERR_INTERNET_DISCONNECTED @ https://de.xyz/api/activities:0
[114378518ms] [ERROR] Failed to load resource: net::ERR_INTERNET_DISCONNECTED @ https://de.xyz/api/listings:0
[114378518ms] [ERROR] Failed to load resource: net::ERR_INTERNET_DISCONNECTED @ https://de.xyz/api/eth-listings:0
[114378518ms] [ERROR] Failed to load resource: net::ERR_INTERNET_DISCONNECTED @ https://de.xyz/api/btc-listings:0
[114379753ms] [ERROR] Failed to load resource: net::ERR_INTERNET_DISCONNECTED @ https://de.xyz/api/activities:0
[114381544ms] [ERROR] Failed to load resource: net::ERR_INTERNET_DISCONNECTED @ https://de.xyz/api/listings:0
[114381545ms] [ERROR] Failed to load resource: net::ERR_INTERNET_DISCONNECTED @ https://de.xyz/api/eth-listings:0
[114381545ms] [ERROR] Failed to load resource: net::ERR_INTERNET_DISCONNECTED @ https://de.xyz/api/btc-listings:0
[114382787ms] [ERROR] Failed to load resource: net::ERR_INTERNET_DISCONNECTED @ https://de.xyz/api/activities:0
[114384311ms] [ERROR] Failed to load resource: net::ERR_INTERNET_DISCONNECTED @ https://de.xyz/api/activities:0
[114384311ms] [ERROR] Failed to load resource: net::ERR_INTERNET_DISCONNECTED @ https://de.xyz/api/y00ts-activities:0
[114384566ms] [ERROR] Failed to load resource: net::ERR_INTERNET_DISCONNECTED @ https://de.xyz/api/listings:0
[114384566ms] [ERROR] Failed to load resource: net::ERR_INTERNET_DISCONNECTED @ https://de.xyz/api/btc-listings:0
[114384566ms] [ERROR] Failed to load resource: net::ERR_INTERNET_DISCONNECTED @ https://de.xyz/api/eth-listings:0
[114387628ms] [ERROR] Failed to load resource: net::ERR_INTERNET_DISCONNECTED @ https://de.xyz/api/listings:0
[114387628ms] [ERROR] Failed to load resource: net::ERR_INTERNET_DISCONNECTED @ https://de.xyz/api/eth-listings:0
[114387628ms] [ERROR] Failed to load resource: net::ERR_INTERNET_DISCONNECTED @ https://de.xyz/api/btc-listings:0
[114389412ms] [ERROR] Failed to load resource: net::ERR_INTERNET_DISCONNECTED @ https://de.xyz/api/activities:0
[114392533ms] [ERROR] Failed to load resource: net::ERR_INTERNET_DISCONNECTED @ https://de.xyz/api/activities:0
[114395553ms] [ERROR] Failed to load resource: net::ERR_INTERNET_DISCONNECTED @ https://de.xyz/api/activities:0
[114398586ms] [ERROR] Failed to load resource: net::ERR_INTERNET_DISCONNECTED @ https://de.xyz/api/activities:0
[114401954ms] [ERROR] Failed to load resource: net::ERR_INTERNET_DISCONNECTED @ https://de.xyz/api/activities:0
[114405027ms] [ERROR] Failed to load resource: net::ERR_INTERNET_DISCONNECTED @ https://de.xyz/api/activities:0
[114408062ms] [ERROR] Failed to load resource: net::ERR_INTERNET_DISCONNECTED @ https://de.xyz/api/activities:0
[114414347ms] [ERROR] Failed to load resource: net::ERR_INTERNET_DISCONNECTED @ https://de.xyz/api/listings:0
[114414348ms] [ERROR] Failed to load resource: net::ERR_INTERNET_DISCONNECTED @ https://de.xyz/api/activities:0
[114414348ms] [ERROR] Failed to load resource: net::ERR_INTERNET_DISCONNECTED @ https://de.xyz/api/eth-listings:0
[114414349ms] [ERROR] Failed to load resource: net::ERR_INTERNET_DISCONNECTED @ https://de.xyz/api/btc-listings:0
[114417381ms] [ERROR] Failed to load resource: net::ERR_INTERNET_DISCONNECTED @ https://de.xyz/api/listings:0
[114417381ms] [ERROR] Failed to load resource: net::ERR_INTERNET_DISCONNECTED @ https://de.xyz/api/activities:0
[114417381ms] [ERROR] Failed to load resource: net::ERR_INTERNET_DISCONNECTED @ https://de.xyz/api/eth-listings:0
[114417381ms] [ERROR] Failed to load resource: net::ERR_INTERNET_DISCONNECTED @ https://de.xyz/api/btc-listings:0
[114420446ms] [ERROR] Failed to load resource: net::ERR_INTERNET_DISCONNECTED @ https://de.xyz/api/listings:0
[114420447ms] [ERROR] Failed to load resource: net::ERR_INTERNET_DISCONNECTED @ https://de.xyz/api/activities:0
[114420447ms] [ERROR] Failed to load resource: net::ERR_INTERNET_DISCONNECTED @ https://de.xyz/api/btc-listings:0
[114420447ms] [ERROR] Failed to load resource: net::ERR_INTERNET_DISCONNECTED @ https://de.xyz/api/eth-listings:0
[114423473ms] [ERROR] Failed to load resource: net::ERR_INTERNET_DISCONNECTED @ https://de.xyz/api/listings:0
[114423473ms] [ERROR] Failed to load resource: net::ERR_INTERNET_DISCONNECTED @ https://de.xyz/api/activities:0
[114423473ms] [ERROR] Failed to load resource: net::ERR_INTERNET_DISCONNECTED @ https://de.xyz/api/btc-listings:0
[114423473ms] [ERROR] Failed to load resource: net::ERR_INTERNET_DISCONNECTED @ https://de.xyz/api/eth-listings:0
[114426524ms] [ERROR] Failed to load resource: net::ERR_INTERNET_DISCONNECTED @ https://de.xyz/api/listings:0
[114426524ms] [ERROR] Failed to load resource: net::ERR_INTERNET_DISCONNECTED @ https://de.xyz/api/activities:0
[114426524ms] [ERROR] Failed to load resource: net::ERR_INTERNET_DISCONNECTED @ https://de.xyz/api/btc-listings:0
[114426524ms] [ERROR] Failed to load resource: net::ERR_INTERNET_DISCONNECTED @ https://de.xyz/api/eth-listings:0
[114429584ms] [ERROR] Failed to load resource: net::ERR_INTERNET_DISCONNECTED @ https://de.xyz/api/listings:0
[114429584ms] [ERROR] Failed to load resource: net::ERR_INTERNET_DISCONNECTED @ https://de.xyz/api/activities:0
[114429584ms] [ERROR] Failed to load resource: net::ERR_INTERNET_DISCONNECTED @ https://de.xyz/api/btc-listings:0
[114429585ms] [ERROR] Failed to load resource: net::ERR_INTERNET_DISCONNECTED @ https://de.xyz/api/eth-listings:0
[114432709ms] [ERROR] Failed to load resource: net::ERR_INTERNET_DISCONNECTED @ https://de.xyz/api/activities:0
[114432710ms] [ERROR] Failed to load resource: net::ERR_INTERNET_DISCONNECTED @ https://de.xyz/api/eth-listings:0
[114432710ms] [ERROR] Failed to load resource: net::ERR_INTERNET_DISCONNECTED @ https://de.xyz/api/listings:0
[114432718ms] [ERROR] Failed to load resource: net::ERR_INTERNET_DISCONNECTED @ https://de.xyz/api/btc-listings:0
[114439335ms] [ERROR] Failed to load resource: net::ERR_INTERNET_DISCONNECTED @ https://de.xyz/api/activities:0
[114442378ms] [ERROR] Failed to load resource: net::ERR_INTERNET_DISCONNECTED @ https://de.xyz/api/activities:0
[114444348ms] [ERROR] Failed to load resource: net::ERR_INTERNET_DISCONNECTED @ https://de.xyz/api/activities:0
[114444348ms] [ERROR] Failed to load resource: net::ERR_INTERNET_DISCONNECTED @ https://de.xyz/api/y00ts-activities:0
[114445554ms] [ERROR] Failed to load resource: net::ERR_INTERNET_DISCONNECTED @ https://de.xyz/api/activities:0
[114448600ms] [ERROR] Failed to load resource: net::ERR_INTERNET_DISCONNECTED @ https://de.xyz/api/activities:0
[114451770ms] [ERROR] Failed to load resource: net::ERR_INTERNET_DISCONNECTED @ https://de.xyz/api/activities:0
[114454857ms] [ERROR] Failed to load resource: net::ERR_INTERNET_DISCONNECTED @ https://de.xyz/api/activities:0
[114457890ms] [ERROR] Failed to load resource: net::ERR_INTERNET_DISCONNECTED @ https://de.xyz/api/activities:0
[114459368ms] [ERROR] Failed to load resource: net::ERR_INTERNET_DISCONNECTED @ https://de.xyz/api/listings:0
[114459369ms] [ERROR] Failed to load resource: net::ERR_INTERNET_DISCONNECTED @ https://de.xyz/api/eth-listings:0
[114459369ms] [ERROR] Failed to load resource: net::ERR_INTERNET_DISCONNECTED @ https://de.xyz/api/btc-listings:0
[114462406ms] [ERROR] Failed to load resource: net::ERR_INTERNET_DISCONNECTED @ https://de.xyz/api/listings:0
[114462406ms] [ERROR] Failed to load resource: net::ERR_INTERNET_DISCONNECTED @ https://de.xyz/api/eth-listings:0
[114462407ms] [ERROR] Failed to load resource: net::ERR_INTERNET_DISCONNECTED @ https://de.xyz/api/btc-listings:0
[114464670ms] [ERROR] Failed to load resource: net::ERR_INTERNET_DISCONNECTED @ https://de.xyz/api/activities:0
[114465521ms] [ERROR] Failed to load resource: net::ERR_INTERNET_DISCONNECTED @ https://de.xyz/api/listings:0
[114465521ms] [ERROR] Failed to load resource: net::ERR_INTERNET_DISCONNECTED @ https://de.xyz/api/eth-listings:0
[114465521ms] [ERROR] Failed to load resource: net::ERR_INTERNET_DISCONNECTED @ https://de.xyz/api/btc-listings:0
[114467692ms] [ERROR] Failed to load resource: net::ERR_INTERNET_DISCONNECTED @ https://de.xyz/api/activities:0
[114468588ms] [ERROR] Failed to load resource: net::ERR_INTERNET_DISCONNECTED @ https://de.xyz/api/listings:0
[114468589ms] [ERROR] Failed to load resource: net::ERR_INTERNET_DISCONNECTED @ https://de.xyz/api/btc-listings:0
[114468589ms] [ERROR] Failed to load resource: net::ERR_INTERNET_DISCONNECTED @ https://de.xyz/api/eth-listings:0
[114470730ms] [ERROR] Failed to load resource: net::ERR_INTERNET_DISCONNECTED @ https://de.xyz/api/activities:0
[114471617ms] [ERROR] Failed to load resource: net::ERR_INTERNET_DISCONNECTED @ https://de.xyz/api/eth-listings:0
[114471617ms] [ERROR] Failed to load resource: net::ERR_INTERNET_DISCONNECTED @ https://de.xyz/api/listings:0
[114471617ms] [ERROR] Failed to load resource: net::ERR_INTERNET_DISCONNECTED @ https://de.xyz/api/btc-listings:0
[114473805ms] [ERROR] Failed to load resource: net::ERR_INTERNET_DISCONNECTED @ https://de.xyz/api/activities:0
[114474694ms] [ERROR] Failed to load resource: net::ERR_INTERNET_DISCONNECTED @ https://de.xyz/api/eth-listings:0
[114474694ms] [ERROR] Failed to load resource: net::ERR_INTERNET_DISCONNECTED @ https://de.xyz/api/listings:0
[114474695ms] [ERROR] Failed to load resource: net::ERR_INTERNET_DISCONNECTED @ https://de.xyz/api/btc-listings:0
[114477049ms] [ERROR] Failed to load resource: net::ERR_INTERNET_DISCONNECTED @ https://de.xyz/api/activities:0
[114477804ms] [ERROR] Failed to load resource: net::ERR_INTERNET_DISCONNECTED @ https://de.xyz/api/eth-listings:0
[114477804ms] [ERROR] Failed to load resource: net::ERR_INTERNET_DISCONNECTED @ https://de.xyz/api/listings:0
[114477805ms] [ERROR] Failed to load resource: net::ERR_INTERNET_DISCONNECTED @ https://de.xyz/api/btc-listings:0
[114480152ms] [ERROR] Failed to load resource: net::ERR_INTERNET_DISCONNECTED @ https://de.xyz/api/activities:0
[114483191ms] [ERROR] Failed to load resource: net::ERR_INTERNET_DISCONNECTED @ https://de.xyz/api/activities:0
[114489332ms] [ERROR] Failed to load resource: net::ERR_INTERNET_DISCONNECTED @ https://de.xyz/api/activities:0
[114492390ms] [ERROR] Failed to load resource: net::ERR_INTERNET_DISCONNECTED @ https://de.xyz/api/activities:0
[114495441ms] [ERROR] Failed to load resource: net::ERR_INTERNET_DISCONNECTED @ https://de.xyz/api/activities:0
[114498504ms] [ERROR] Failed to load resource: net::ERR_INTERNET_DISCONNECTED @ https://de.xyz/api/activities:0
[114501570ms] [ERROR] Failed to load resource: net::ERR_INTERNET_DISCONNECTED @ https://de.xyz/api/activities:0
[114504638ms] [ERROR] Failed to load resource: net::ERR_INTERNET_DISCONNECTED @ https://de.xyz/api/activities:0
[114504638ms] [ERROR] Failed to load resource: net::ERR_INTERNET_DISCONNECTED @ https://de.xyz/api/btc-listings:0
[114504638ms] [ERROR] Failed to load resource: net::ERR_INTERNET_DISCONNECTED @ https://de.xyz/api/y00ts-activities:0
[114504638ms] [ERROR] Failed to load resource: net::ERR_INTERNET_DISCONNECTED @ https://de.xyz/api/listings:0
[114504638ms] [ERROR] Failed to load resource: net::ERR_INTERNET_DISCONNECTED @ https://de.xyz/api/eth-listings:0
[114504676ms] [ERROR] Failed to load resource: net::ERR_INTERNET_DISCONNECTED @ https://de.xyz/api/activities:0
[114507663ms] [ERROR] Failed to load resource: net::ERR_INTERNET_DISCONNECTED @ https://de.xyz/api/eth-listings:0
[114507663ms] [ERROR] Failed to load resource: net::ERR_INTERNET_DISCONNECTED @ https://de.xyz/api/listings:0
[114507663ms] [ERROR] Failed to load resource: net::ERR_INTERNET_DISCONNECTED @ https://de.xyz/api/btc-listings:0
[114507758ms] [ERROR] Failed to load resource: net::ERR_INTERNET_DISCONNECTED @ https://de.xyz/api/activities:0
[114510702ms] [ERROR] Failed to load resource: net::ERR_INTERNET_DISCONNECTED @ https://de.xyz/api/eth-listings:0
[114510702ms] [ERROR] Failed to load resource: net::ERR_INTERNET_DISCONNECTED @ https://de.xyz/api/listings:0
[114510702ms] [ERROR] Failed to load resource: net::ERR_INTERNET_DISCONNECTED @ https://de.xyz/api/btc-listings:0
[114513729ms] [ERROR] Failed to load resource: net::ERR_INTERNET_DISCONNECTED @ https://de.xyz/api/eth-listings:0
[114513729ms] [ERROR] Failed to load resource: net::ERR_INTERNET_DISCONNECTED @ https://de.xyz/api/listings:0
[114513729ms] [ERROR] Failed to load resource: net::ERR_INTERNET_DISCONNECTED @ https://de.xyz/api/btc-listings:0
[114514339ms] [ERROR] Failed to load resource: net::ERR_INTERNET_DISCONNECTED @ https://de.xyz/api/activities:0
[114516779ms] [ERROR] Failed to load resource: net::ERR_INTERNET_DISCONNECTED @ https://de.xyz/api/listings:0
[114516780ms] [ERROR] Failed to load resource: net::ERR_INTERNET_DISCONNECTED @ https://de.xyz/api/eth-listings:0
[114516780ms] [ERROR] Failed to load resource: net::ERR_INTERNET_DISCONNECTED @ https://de.xyz/api/btc-listings:0
[114517545ms] [ERROR] Failed to load resource: net::ERR_INTERNET_DISCONNECTED @ https://de.xyz/api/activities:0
[114519879ms] [ERROR] Failed to load resource: net::ERR_INTERNET_DISCONNECTED @ https://de.xyz/api/listings:0
[114519880ms] [ERROR] Failed to load resource: net::ERR_INTERNET_DISCONNECTED @ https://de.xyz/api/eth-listings:0
[114519882ms] [ERROR] Failed to load resource: net::ERR_INTERNET_DISCONNECTED @ https://de.xyz/api/btc-listings:0
[114520583ms] [ERROR] Failed to load resource: net::ERR_INTERNET_DISCONNECTED @ https://de.xyz/api/activities:0
[114522928ms] [ERROR] Failed to load resource: net::ERR_INTERNET_DISCONNECTED @ https://de.xyz/api/listings:0
[114522928ms] [ERROR] Failed to load resource: net::ERR_INTERNET_DISCONNECTED @ https://de.xyz/api/eth-listings:0
[114522928ms] [ERROR] Failed to load resource: net::ERR_INTERNET_DISCONNECTED @ https://de.xyz/api/btc-listings:0
[114523619ms] [ERROR] Failed to load resource: net::ERR_INTERNET_DISCONNECTED @ https://de.xyz/api/activities:0
[114526749ms] [ERROR] Failed to load resource: net::ERR_INTERNET_DISCONNECTED @ https://de.xyz/api/activities:0
[114529791ms] [ERROR] Failed to load resource: net::ERR_INTERNET_DISCONNECTED @ https://de.xyz/api/activities:0
[114532835ms] [ERROR] Failed to load resource: net::ERR_INTERNET_DISCONNECTED @ https://de.xyz/api/activities:0
[114539446ms] [ERROR] Failed to load resource: net::ERR_INTERNET_DISCONNECTED @ https://de.xyz/api/activities:0
[114542472ms] [ERROR] Failed to load resource: net::ERR_INTERNET_DISCONNECTED @ https://de.xyz/api/activities:0
[114545533ms] [ERROR] Failed to load resource: net::ERR_INTERNET_DISCONNECTED @ https://de.xyz/api/activities:0
[114548757ms] [ERROR] Failed to load resource: net::ERR_INTERNET_DISCONNECTED @ https://de.xyz/api/activities:0
[114549391ms] [ERROR] Failed to load resource: net::ERR_INTERNET_DISCONNECTED @ https://de.xyz/api/listings:0
[114549395ms] [ERROR] Failed to load resource: net::ERR_INTERNET_DISCONNECTED @ https://de.xyz/api/eth-listings:0
[114549395ms] [ERROR] Failed to load resource: net::ERR_INTERNET_DISCONNECTED @ https://de.xyz/api/btc-listings:0
[114551817ms] [ERROR] Failed to load resource: net::ERR_INTERNET_DISCONNECTED @ https://de.xyz/api/activities:0
[114552593ms] [ERROR] Failed to load resource: net::ERR_INTERNET_DISCONNECTED @ https://de.xyz/api/listings:0
[114552594ms] [ERROR] Failed to load resource: net::ERR_INTERNET_DISCONNECTED @ https://de.xyz/api/eth-listings:0
[114552628ms] [ERROR] Failed to load resource: net::ERR_INTERNET_DISCONNECTED @ https://de.xyz/api/btc-listings:0
[114554903ms] [ERROR] Failed to load resource: net::ERR_INTERNET_DISCONNECTED @ https://de.xyz/api/activities:0
[114555802ms] [ERROR] Failed to load resource: net::ERR_INTERNET_DISCONNECTED @ https://de.xyz/api/listings:0
[114555802ms] [ERROR] Failed to load resource: net::ERR_INTERNET_DISCONNECTED @ https://de.xyz/api/eth-listings:0
[114555802ms] [ERROR] Failed to load resource: net::ERR_INTERNET_DISCONNECTED @ https://de.xyz/api/btc-listings:0
[114557922ms] [ERROR] Failed to load resource: net::ERR_INTERNET_DISCONNECTED @ https://de.xyz/api/activities:0
[114558845ms] [ERROR] Failed to load resource: net::ERR_INTERNET_DISCONNECTED @ https://de.xyz/api/listings:0
[114558845ms] [ERROR] Failed to load resource: net::ERR_INTERNET_DISCONNECTED @ https://de.xyz/api/eth-listings:0
[114558845ms] [ERROR] Failed to load resource: net::ERR_INTERNET_DISCONNECTED @ https://de.xyz/api/btc-listings:0
[114561880ms] [ERROR] Failed to load resource: net::ERR_INTERNET_DISCONNECTED @ https://de.xyz/api/listings:0
[114561880ms] [ERROR] Failed to load resource: net::ERR_INTERNET_DISCONNECTED @ https://de.xyz/api/eth-listings:0
[114561880ms] [ERROR] Failed to load resource: net::ERR_INTERNET_DISCONNECTED @ https://de.xyz/api/btc-listings:0
[114564357ms] [ERROR] Failed to load resource: net::ERR_INTERNET_DISCONNECTED @ https://de.xyz/api/activities:0
[114564357ms] [ERROR] Failed to load resource: net::ERR_INTERNET_DISCONNECTED @ https://de.xyz/api/activities:0
[114564357ms] [ERROR] Failed to load resource: net::ERR_INTERNET_DISCONNECTED @ https://de.xyz/api/y00ts-activities:0
[114564379ms] [ERROR] Failed to load resource: net::ERR_INTERNET_DISCONNECTED @ https://de.xyz/api/volume:0
[114564931ms] [ERROR] Failed to load resource: net::ERR_INTERNET_DISCONNECTED @ https://de.xyz/api/listings:0
[114564931ms] [ERROR] Failed to load resource: net::ERR_INTERNET_DISCONNECTED @ https://de.xyz/api/eth-listings:0
[114564932ms] [ERROR] Failed to load resource: net::ERR_INTERNET_DISCONNECTED @ https://de.xyz/api/btc-listings:0
[114567438ms] [ERROR] Failed to load resource: net::ERR_INTERNET_DISCONNECTED @ https://de.xyz/api/activities:0
[114567975ms] [ERROR] Failed to load resource: net::ERR_INTERNET_DISCONNECTED @ https://de.xyz/api/listings:0
[114567975ms] [ERROR] Failed to load resource: net::ERR_INTERNET_DISCONNECTED @ https://de.xyz/api/eth-listings:0
[114567976ms] [ERROR] Failed to load resource: net::ERR_INTERNET_DISCONNECTED @ https://de.xyz/api/btc-listings:0
[114570510ms] [ERROR] Failed to load resource: net::ERR_INTERNET_DISCONNECTED @ https://de.xyz/api/activities:0
[114573615ms] [ERROR] Failed to load resource: net::ERR_INTERNET_DISCONNECTED @ https://de.xyz/api/activities:0
[114576621ms] [ERROR] Failed to load resource: net::ERR_INTERNET_DISCONNECTED @ https://de.xyz/api/activities:0
[114579692ms] [ERROR] Failed to load resource: net::ERR_INTERNET_DISCONNECTED @ https://de.xyz/api/activities:0
[114582783ms] [ERROR] Failed to load resource: net::ERR_INTERNET_DISCONNECTED @ https://de.xyz/api/activities:0
[114589372ms] [ERROR] Failed to load resource: net::ERR_INTERNET_DISCONNECTED @ https://de.xyz/api/activities:0
[114592396ms] [ERROR] Failed to load resource: net::ERR_INTERNET_DISCONNECTED @ https://de.xyz/api/activities:0
[114594451ms] [ERROR] Failed to load resource: net::ERR_INTERNET_DISCONNECTED @ https://de.xyz/api/listings:0
[114594451ms] [ERROR] Failed to load resource: net::ERR_INTERNET_DISCONNECTED @ https://de.xyz/api/eth-listings:0
[114594451ms] [ERROR] Failed to load resource: net::ERR_INTERNET_DISCONNECTED @ https://de.xyz/api/btc-listings:0
[114595942ms] [ERROR] Failed to load resource: net::ERR_INTERNET_DISCONNECTED @ https://de.xyz/api/activities:0
[114597514ms] [ERROR] Failed to load resource: net::ERR_INTERNET_DISCONNECTED @ https://de.xyz/api/listings:0
[114597514ms] [ERROR] Failed to load resource: net::ERR_INTERNET_DISCONNECTED @ https://de.xyz/api/eth-listings:0
[114597514ms] [ERROR] Failed to load resource: net::ERR_INTERNET_DISCONNECTED @ https://de.xyz/api/btc-listings:0
[114599004ms] [ERROR] Failed to load resource: net::ERR_INTERNET_DISCONNECTED @ https://de.xyz/api/activities:0
[114600597ms] [ERROR] Failed to load resource: net::ERR_INTERNET_DISCONNECTED @ https://de.xyz/api/listings:0
[114600597ms] [ERROR] Failed to load resource: net::ERR_INTERNET_DISCONNECTED @ https://de.xyz/api/btc-listings:0
[114600597ms] [ERROR] Failed to load resource: net::ERR_INTERNET_DISCONNECTED @ https://de.xyz/api/eth-listings:0
[114602046ms] [ERROR] Failed to load resource: net::ERR_INTERNET_DISCONNECTED @ https://de.xyz/api/activities:0
[114603684ms] [ERROR] Failed to load resource: net::ERR_INTERNET_DISCONNECTED @ https://de.xyz/api/listings:0
[114603684ms] [ERROR] Failed to load resource: net::ERR_INTERNET_DISCONNECTED @ https://de.xyz/api/btc-listings:0
[114603689ms] [ERROR] Failed to load resource: net::ERR_INTERNET_DISCONNECTED @ https://de.xyz/api/eth-listings:0
[114605072ms] [ERROR] Failed to load resource: net::ERR_INTERNET_DISCONNECTED @ https://de.xyz/api/activities:0
[114606715ms] [ERROR] Failed to load resource: net::ERR_INTERNET_DISCONNECTED @ https://de.xyz/api/listings:0
[114606716ms] [ERROR] Failed to load resource: net::ERR_INTERNET_DISCONNECTED @ https://de.xyz/api/btc-listings:0
[114606716ms] [ERROR] Failed to load resource: net::ERR_INTERNET_DISCONNECTED @ https://de.xyz/api/eth-listings:0
[114608099ms] [ERROR] Failed to load resource: net::ERR_INTERNET_DISCONNECTED @ https://de.xyz/api/activities:0
[114609781ms] [ERROR] Failed to load resource: net::ERR_INTERNET_DISCONNECTED @ https://de.xyz/api/eth-listings:0
[114609781ms] [ERROR] Failed to load resource: net::ERR_INTERNET_DISCONNECTED @ https://de.xyz/api/listings:0
[114609782ms] [ERROR] Failed to load resource: net::ERR_INTERNET_DISCONNECTED @ https://de.xyz/api/btc-listings:0
[114612981ms] [ERROR] Failed to load resource: net::ERR_INTERNET_DISCONNECTED @ https://de.xyz/api/listings:0
[114612981ms] [ERROR] Failed to load resource: net::ERR_INTERNET_DISCONNECTED @ https://de.xyz/api/eth-listings:0
[114612981ms] [ERROR] Failed to load resource: net::ERR_INTERNET_DISCONNECTED @ https://de.xyz/api/btc-listings:0
[114614384ms] [ERROR] Failed to load resource: net::ERR_INTERNET_DISCONNECTED @ https://de.xyz/api/activities:0
[114617411ms] [ERROR] Failed to load resource: net::ERR_INTERNET_DISCONNECTED @ https://de.xyz/api/activities:0
[114620570ms] [ERROR] Failed to load resource: net::ERR_INTERNET_DISCONNECTED @ https://de.xyz/api/activities:0
[114623596ms] [ERROR] Failed to load resource: net::ERR_INTERNET_DISCONNECTED @ https://de.xyz/api/activities:0
[114624358ms] [ERROR] Failed to load resource: net::ERR_INTERNET_DISCONNECTED @ https://de.xyz/api/activities:0
[114624358ms] [ERROR] Failed to load resource: net::ERR_INTERNET_DISCONNECTED @ https://de.xyz/api/y00ts-activities:0
[114626647ms] [ERROR] Failed to load resource: net::ERR_INTERNET_DISCONNECTED @ https://de.xyz/api/activities:0
[114629686ms] [ERROR] Failed to load resource: net::ERR_INTERNET_DISCONNECTED @ https://de.xyz/api/activities:0
[114632734ms] [ERROR] Failed to load resource: net::ERR_INTERNET_DISCONNECTED @ https://de.xyz/api/activities:0
[114639449ms] [ERROR] Failed to load resource: net::ERR_INTERNET_DISCONNECTED @ https://de.xyz/api/listings:0
[114639449ms] [ERROR] Failed to load resource: net::ERR_INTERNET_DISCONNECTED @ https://de.xyz/api/activities:0
[114639449ms] [ERROR] Failed to load resource: net::ERR_INTERNET_DISCONNECTED @ https://de.xyz/api/eth-listings:0
[114639449ms] [ERROR] Failed to load resource: net::ERR_INTERNET_DISCONNECTED @ https://de.xyz/api/btc-listings:0
[114642478ms] [ERROR] Failed to load resource: net::ERR_INTERNET_DISCONNECTED @ https://de.xyz/api/listings:0
[114642479ms] [ERROR] Failed to load resource: net::ERR_INTERNET_DISCONNECTED @ https://de.xyz/api/activities:0
[114642479ms] [ERROR] Failed to load resource: net::ERR_INTERNET_DISCONNECTED @ https://de.xyz/api/eth-listings:0
[114642480ms] [ERROR] Failed to load resource: net::ERR_INTERNET_DISCONNECTED @ https://de.xyz/api/btc-listings:0
[114645589ms] [ERROR] Failed to load resource: net::ERR_INTERNET_DISCONNECTED @ https://de.xyz/api/listings:0
[114645589ms] [ERROR] Failed to load resource: net::ERR_INTERNET_DISCONNECTED @ https://de.xyz/api/activities:0
[114645589ms] [ERROR] Failed to load resource: net::ERR_INTERNET_DISCONNECTED @ https://de.xyz/api/eth-listings:0
[114645589ms] [ERROR] Failed to load resource: net::ERR_INTERNET_DISCONNECTED @ https://de.xyz/api/btc-listings:0
[114648677ms] [ERROR] Failed to load resource: net::ERR_INTERNET_DISCONNECTED @ https://de.xyz/api/listings:0
[114648677ms] [ERROR] Failed to load resource: net::ERR_INTERNET_DISCONNECTED @ https://de.xyz/api/activities:0
[114648678ms] [ERROR] Failed to load resource: net::ERR_INTERNET_DISCONNECTED @ https://de.xyz/api/eth-listings:0
[114648678ms] [ERROR] Failed to load resource: net::ERR_INTERNET_DISCONNECTED @ https://de.xyz/api/btc-listings:0
[114651721ms] [ERROR] Failed to load resource: net::ERR_INTERNET_DISCONNECTED @ https://de.xyz/api/listings:0
[114651721ms] [ERROR] Failed to load resource: net::ERR_INTERNET_DISCONNECTED @ https://de.xyz/api/activities:0
[114651721ms] [ERROR] Failed to load resource: net::ERR_INTERNET_DISCONNECTED @ https://de.xyz/api/eth-listings:0
[114651721ms] [ERROR] Failed to load resource: net::ERR_INTERNET_DISCONNECTED @ https://de.xyz/api/btc-listings:0
[114654762ms] [ERROR] Failed to load resource: net::ERR_INTERNET_DISCONNECTED @ https://de.xyz/api/listings:0
[114654762ms] [ERROR] Failed to load resource: net::ERR_INTERNET_DISCONNECTED @ https://de.xyz/api/activities:0
[114654762ms] [ERROR] Failed to load resource: net::ERR_INTERNET_DISCONNECTED @ https://de.xyz/api/eth-listings:0
[114654762ms] [ERROR] Failed to load resource: net::ERR_INTERNET_DISCONNECTED @ https://de.xyz/api/btc-listings:0
[114657816ms] [ERROR] Failed to load resource: net::ERR_INTERNET_DISCONNECTED @ https://de.xyz/api/listings:0
[114657817ms] [ERROR] Failed to load resource: net::ERR_INTERNET_DISCONNECTED @ https://de.xyz/api/activities:0
[114657818ms] [ERROR] Failed to load resource: net::ERR_INTERNET_DISCONNECTED @ https://de.xyz/api/eth-listings:0
[114657818ms] [ERROR] Failed to load resource: net::ERR_INTERNET_DISCONNECTED @ https://de.xyz/api/btc-listings:0
[114664364ms] [ERROR] Failed to load resource: net::ERR_INTERNET_DISCONNECTED @ https://de.xyz/api/activities:0
[114667408ms] [ERROR] Failed to load resource: net::ERR_INTERNET_DISCONNECTED @ https://de.xyz/api/activities:0
[114670464ms] [ERROR] Failed to load resource: net::ERR_INTERNET_DISCONNECTED @ https://de.xyz/api/activities:0
[114673520ms] [ERROR] Failed to load resource: net::ERR_INTERNET_DISCONNECTED @ https://de.xyz/api/activities:0
[114676586ms] [ERROR] Failed to load resource: net::ERR_INTERNET_DISCONNECTED @ https://de.xyz/api/activities:0
[114679702ms] [ERROR] Failed to load resource: net::ERR_INTERNET_DISCONNECTED @ https://de.xyz/api/activities:0
[114682783ms] [ERROR] Failed to load resource: net::ERR_INTERNET_DISCONNECTED @ https://de.xyz/api/activities:0
[114684406ms] [ERROR] Failed to load resource: net::ERR_INTERNET_DISCONNECTED @ https://de.xyz/api/activities:0
[114684406ms] [ERROR] Failed to load resource: net::ERR_INTERNET_DISCONNECTED @ https://de.xyz/api/y00ts-activities:0
[114684406ms] [ERROR] Failed to load resource: net::ERR_INTERNET_DISCONNECTED @ https://de.xyz/api/listings:0
[114684406ms] [ERROR] Failed to load resource: net::ERR_INTERNET_DISCONNECTED @ https://de.xyz/api/eth-listings:0
[114684406ms] [ERROR] Failed to load resource: net::ERR_INTERNET_DISCONNECTED @ https://de.xyz/api/btc-listings:0
[114687534ms] [ERROR] Failed to load resource: net::ERR_INTERNET_DISCONNECTED @ https://de.xyz/api/listings:0
[114687568ms] [ERROR] Failed to load resource: net::ERR_INTERNET_DISCONNECTED @ https://de.xyz/api/eth-listings:0
[114687568ms] [ERROR] Failed to load resource: net::ERR_INTERNET_DISCONNECTED @ https://de.xyz/api/btc-listings:0
[114689423ms] [ERROR] Failed to load resource: net::ERR_INTERNET_DISCONNECTED @ https://de.xyz/api/activities:0
[114690609ms] [ERROR] Failed to load resource: net::ERR_INTERNET_DISCONNECTED @ https://de.xyz/api/listings:0
[114690611ms] [ERROR] Failed to load resource: net::ERR_INTERNET_DISCONNECTED @ https://de.xyz/api/eth-listings:0
[114690611ms] [ERROR] Failed to load resource: net::ERR_INTERNET_DISCONNECTED @ https://de.xyz/api/btc-listings:0
[114692462ms] [ERROR] Failed to load resource: net::ERR_INTERNET_DISCONNECTED @ https://de.xyz/api/activities:0
[114693687ms] [ERROR] Failed to load resource: net::ERR_INTERNET_DISCONNECTED @ https://de.xyz/api/listings:0
[114693687ms] [ERROR] Failed to load resource: net::ERR_INTERNET_DISCONNECTED @ https://de.xyz/api/eth-listings:0
[114693687ms] [ERROR] Failed to load resource: net::ERR_INTERNET_DISCONNECTED @ https://de.xyz/api/btc-listings:0
[114695502ms] [ERROR] Failed to load resource: net::ERR_INTERNET_DISCONNECTED @ https://de.xyz/api/activities:0
[114696746ms] [ERROR] Failed to load resource: net::ERR_INTERNET_DISCONNECTED @ https://de.xyz/api/eth-listings:0
[114696747ms] [ERROR] Failed to load resource: net::ERR_INTERNET_DISCONNECTED @ https://de.xyz/api/btc-listings:0
[114696747ms] [ERROR] Failed to load resource: net::ERR_INTERNET_DISCONNECTED @ https://de.xyz/api/listings:0
[114698528ms] [ERROR] Failed to load resource: net::ERR_INTERNET_DISCONNECTED @ https://de.xyz/api/activities:0
[114699793ms] [ERROR] Failed to load resource: net::ERR_INTERNET_DISCONNECTED @ https://de.xyz/api/eth-listings:0
[114699793ms] [ERROR] Failed to load resource: net::ERR_INTERNET_DISCONNECTED @ https://de.xyz/api/btc-listings:0
[114699793ms] [ERROR] Failed to load resource: net::ERR_INTERNET_DISCONNECTED @ https://de.xyz/api/listings:0
[114701607ms] [ERROR] Failed to load resource: net::ERR_INTERNET_DISCONNECTED @ https://de.xyz/api/activities:0
[114703143ms] [ERROR] Failed to load resource: net::ERR_INTERNET_DISCONNECTED @ https://de.xyz/api/eth-listings:0
[114703143ms] [ERROR] Failed to load resource: net::ERR_INTERNET_DISCONNECTED @ https://de.xyz/api/btc-listings:0
[114703143ms] [ERROR] Failed to load resource: net::ERR_INTERNET_DISCONNECTED @ https://de.xyz/api/listings:0
[114704629ms] [ERROR] Failed to load resource: net::ERR_INTERNET_DISCONNECTED @ https://de.xyz/api/activities:0
[114707666ms] [ERROR] Failed to load resource: net::ERR_INTERNET_DISCONNECTED @ https://de.xyz/api/activities:0
[114714377ms] [ERROR] Failed to load resource: net::ERR_INTERNET_DISCONNECTED @ https://de.xyz/api/activities:0
[114717445ms] [ERROR] Failed to load resource: net::ERR_INTERNET_DISCONNECTED @ https://de.xyz/api/activities:0
[114720476ms] [ERROR] Failed to load resource: net::ERR_INTERNET_DISCONNECTED @ https://de.xyz/api/activities:0
[114723514ms] [ERROR] Failed to load resource: net::ERR_INTERNET_DISCONNECTED @ https://de.xyz/api/activities:0
[114726753ms] [ERROR] Failed to load resource: net::ERR_INTERNET_DISCONNECTED @ https://de.xyz/api/activities:0
[114729415ms] [ERROR] Failed to load resource: net::ERR_INTERNET_DISCONNECTED @ https://de.xyz/api/listings:0
[114729415ms] [ERROR] Failed to load resource: net::ERR_INTERNET_DISCONNECTED @ https://de.xyz/api/eth-listings:0
[114729415ms] [ERROR] Failed to load resource: net::ERR_INTERNET_DISCONNECTED @ https://de.xyz/api/btc-listings:0
[114729865ms] [ERROR] Failed to load resource: net::ERR_INTERNET_DISCONNECTED @ https://de.xyz/api/activities:0
[114732454ms] [ERROR] Failed to load resource: net::ERR_INTERNET_DISCONNECTED @ https://de.xyz/api/eth-listings:0
[114732454ms] [ERROR] Failed to load resource: net::ERR_INTERNET_DISCONNECTED @ https://de.xyz/api/btc-listings:0
[114732454ms] [ERROR] Failed to load resource: net::ERR_INTERNET_DISCONNECTED @ https://de.xyz/api/listings:0
[114733038ms] [ERROR] Failed to load resource: net::ERR_INTERNET_DISCONNECTED @ https://de.xyz/api/activities:0
[114735599ms] [ERROR] Failed to load resource: net::ERR_INTERNET_DISCONNECTED @ https://de.xyz/api/eth-listings:0
[114735600ms] [ERROR] Failed to load resource: net::ERR_INTERNET_DISCONNECTED @ https://de.xyz/api/btc-listings:0
[114735600ms] [ERROR] Failed to load resource: net::ERR_INTERNET_DISCONNECTED @ https://de.xyz/api/listings:0
[114738661ms] [ERROR] Failed to load resource: net::ERR_INTERNET_DISCONNECTED @ https://de.xyz/api/eth-listings:0
[114738661ms] [ERROR] Failed to load resource: net::ERR_INTERNET_DISCONNECTED @ https://de.xyz/api/btc-listings:0
[114738661ms] [ERROR] Failed to load resource: net::ERR_INTERNET_DISCONNECTED @ https://de.xyz/api/listings:0
[114739419ms] [ERROR] Failed to load resource: net::ERR_INTERNET_DISCONNECTED @ https://de.xyz/api/activities:0
[114741696ms] [ERROR] Failed to load resource: net::ERR_INTERNET_DISCONNECTED @ https://de.xyz/api/eth-listings:0
[114741696ms] [ERROR] Failed to load resource: net::ERR_INTERNET_DISCONNECTED @ https://de.xyz/api/btc-listings:0
[114741696ms] [ERROR] Failed to load resource: net::ERR_INTERNET_DISCONNECTED @ https://de.xyz/api/listings:0
[114742470ms] [ERROR] Failed to load resource: net::ERR_INTERNET_DISCONNECTED @ https://de.xyz/api/activities:0
[114744320ms] [ERROR] Failed to load resource: net::ERR_INTERNET_DISCONNECTED @ https://de.xyz/api/activities:0
[114744320ms] [ERROR] Failed to load resource: net::ERR_INTERNET_DISCONNECTED @ https://de.xyz/api/y00ts-activities:0
[114744771ms] [ERROR] Failed to load resource: net::ERR_INTERNET_DISCONNECTED @ https://de.xyz/api/btc-listings:0
[114744772ms] [ERROR] Failed to load resource: net::ERR_INTERNET_DISCONNECTED @ https://de.xyz/api/eth-listings:0
[114744776ms] [ERROR] Failed to load resource: net::ERR_INTERNET_DISCONNECTED @ https://de.xyz/api/listings:0
[114745525ms] [ERROR] Failed to load resource: net::ERR_INTERNET_DISCONNECTED @ https://de.xyz/api/activities:0
[114747835ms] [ERROR] Failed to load resource: net::ERR_INTERNET_DISCONNECTED @ https://de.xyz/api/listings:0
[114747836ms] [ERROR] Failed to load resource: net::ERR_INTERNET_DISCONNECTED @ https://de.xyz/api/eth-listings:0
[114747836ms] [ERROR] Failed to load resource: net::ERR_INTERNET_DISCONNECTED @ https://de.xyz/api/btc-listings:0
[114748555ms] [ERROR] Failed to load resource: net::ERR_INTERNET_DISCONNECTED @ https://de.xyz/api/activities:0
[114751654ms] [ERROR] Failed to load resource: net::ERR_INTERNET_DISCONNECTED @ https://de.xyz/api/activities:0
[114754757ms] [ERROR] Failed to load resource: net::ERR_INTERNET_DISCONNECTED @ https://de.xyz/api/activities:0
[114757807ms] [ERROR] Failed to load resource: net::ERR_INTERNET_DISCONNECTED @ https://de.xyz/api/activities:0
[114764466ms] [ERROR] Failed to load resource: net::ERR_INTERNET_DISCONNECTED @ https://de.xyz/api/activities:0
[114767555ms] [ERROR] Failed to load resource: net::ERR_INTERNET_DISCONNECTED @ https://de.xyz/api/activities:0
[114770585ms] [ERROR] Failed to load resource: net::ERR_INTERNET_DISCONNECTED @ https://de.xyz/api/activities:0
[114773657ms] [ERROR] Failed to load resource: net::ERR_INTERNET_DISCONNECTED @ https://de.xyz/api/activities:0
[114774734ms] [ERROR] Failed to load resource: net::ERR_INTERNET_DISCONNECTED @ https://de.xyz/api/listings:0
[114774734ms] [ERROR] Failed to load resource: net::ERR_INTERNET_DISCONNECTED @ https://de.xyz/api/eth-listings:0
[114774734ms] [ERROR] Failed to load resource: net::ERR_INTERNET_DISCONNECTED @ https://de.xyz/api/btc-listings:0
[114776772ms] [ERROR] Failed to load resource: net::ERR_INTERNET_DISCONNECTED @ https://de.xyz/api/activities:0
[114777863ms] [ERROR] Failed to load resource: net::ERR_INTERNET_DISCONNECTED @ https://de.xyz/api/listings:0
[114777864ms] [ERROR] Failed to load resource: net::ERR_INTERNET_DISCONNECTED @ https://de.xyz/api/eth-listings:0
[114777865ms] [ERROR] Failed to load resource: net::ERR_INTERNET_DISCONNECTED @ https://de.xyz/api/btc-listings:0
[114779884ms] [ERROR] Failed to load resource: net::ERR_INTERNET_DISCONNECTED @ https://de.xyz/api/activities:0
[114780911ms] [ERROR] Failed to load resource: net::ERR_INTERNET_DISCONNECTED @ https://de.xyz/api/listings:0
[114780911ms] [ERROR] Failed to load resource: net::ERR_INTERNET_DISCONNECTED @ https://de.xyz/api/eth-listings:0
[114780911ms] [ERROR] Failed to load resource: net::ERR_INTERNET_DISCONNECTED @ https://de.xyz/api/btc-listings:0
[114782981ms] [ERROR] Failed to load resource: net::ERR_INTERNET_DISCONNECTED @ https://de.xyz/api/activities:0
[114783943ms] [ERROR] Failed to load resource: net::ERR_INTERNET_DISCONNECTED @ https://de.xyz/api/listings:0
[114783943ms] [ERROR] Failed to load resource: net::ERR_INTERNET_DISCONNECTED @ https://de.xyz/api/eth-listings:0
[114783943ms] [ERROR] Failed to load resource: net::ERR_INTERNET_DISCONNECTED @ https://de.xyz/api/btc-listings:0
[114786996ms] [ERROR] Failed to load resource: net::ERR_INTERNET_DISCONNECTED @ https://de.xyz/api/listings:0
[114786996ms] [ERROR] Failed to load resource: net::ERR_INTERNET_DISCONNECTED @ https://de.xyz/api/eth-listings:0
[114786997ms] [ERROR] Failed to load resource: net::ERR_INTERNET_DISCONNECTED @ https://de.xyz/api/btc-listings:0
[114789531ms] [ERROR] Failed to load resource: net::ERR_INTERNET_DISCONNECTED @ https://de.xyz/api/activities:0
[114790044ms] [ERROR] Failed to load resource: net::ERR_INTERNET_DISCONNECTED @ https://de.xyz/api/listings:0
[114790045ms] [ERROR] Failed to load resource: net::ERR_INTERNET_DISCONNECTED @ https://de.xyz/api/eth-listings:0
[114790045ms] [ERROR] Failed to load resource: net::ERR_INTERNET_DISCONNECTED @ https://de.xyz/api/btc-listings:0
[114792573ms] [ERROR] Failed to load resource: net::ERR_INTERNET_DISCONNECTED @ https://de.xyz/api/activities:0
[114793109ms] [ERROR] Failed to load resource: net::ERR_INTERNET_DISCONNECTED @ https://de.xyz/api/listings:0
[114793109ms] [ERROR] Failed to load resource: net::ERR_INTERNET_DISCONNECTED @ https://de.xyz/api/eth-listings:0
[114793109ms] [ERROR] Failed to load resource: net::ERR_INTERNET_DISCONNECTED @ https://de.xyz/api/btc-listings:0
[114795772ms] [ERROR] Failed to load resource: net::ERR_INTERNET_DISCONNECTED @ https://de.xyz/api/activities:0
[114798832ms] [ERROR] Failed to load resource: net::ERR_INTERNET_DISCONNECTED @ https://de.xyz/api/activities:0
[114801883ms] [ERROR] Failed to load resource: net::ERR_INTERNET_DISCONNECTED @ https://de.xyz/api/activities:0
[114804373ms] [ERROR] Failed to load resource: net::ERR_INTERNET_DISCONNECTED @ https://de.xyz/api/activities:0
[114804373ms] [ERROR] Failed to load resource: net::ERR_INTERNET_DISCONNECTED @ https://de.xyz/api/y00ts-activities:0
[114805006ms] [ERROR] Failed to load resource: net::ERR_INTERNET_DISCONNECTED @ https://de.xyz/api/activities:0
[114808035ms] [ERROR] Failed to load resource: net::ERR_INTERNET_DISCONNECTED @ https://de.xyz/api/activities:0
[114814519ms] [ERROR] Failed to load resource: net::ERR_INTERNET_DISCONNECTED @ https://de.xyz/api/activities:0
[114818045ms] [ERROR] Failed to load resource: net::ERR_INTERNET_DISCONNECTED @ https://de.xyz/api/activities:0
[114819442ms] [ERROR] Failed to load resource: net::ERR_INTERNET_DISCONNECTED @ https://de.xyz/api/listings:0
[114819442ms] [ERROR] Failed to load resource: net::ERR_INTERNET_DISCONNECTED @ https://de.xyz/api/eth-listings:0
[114819442ms] [ERROR] Failed to load resource: net::ERR_INTERNET_DISCONNECTED @ https://de.xyz/api/btc-listings:0
[114821097ms] [ERROR] Failed to load resource: net::ERR_INTERNET_DISCONNECTED @ https://de.xyz/api/activities:0
[114822482ms] [ERROR] Failed to load resource: net::ERR_INTERNET_DISCONNECTED @ https://de.xyz/api/listings:0
[114822482ms] [ERROR] Failed to load resource: net::ERR_INTERNET_DISCONNECTED @ https://de.xyz/api/eth-listings:0
[114822482ms] [ERROR] Failed to load resource: net::ERR_INTERNET_DISCONNECTED @ https://de.xyz/api/btc-listings:0
[114824170ms] [ERROR] Failed to load resource: net::ERR_INTERNET_DISCONNECTED @ https://de.xyz/api/activities:0
[114825533ms] [ERROR] Failed to load resource: net::ERR_INTERNET_DISCONNECTED @ https://de.xyz/api/listings:0
[114825533ms] [ERROR] Failed to load resource: net::ERR_INTERNET_DISCONNECTED @ https://de.xyz/api/eth-listings:0
[114825533ms] [ERROR] Failed to load resource: net::ERR_INTERNET_DISCONNECTED @ https://de.xyz/api/btc-listings:0
[114827232ms] [ERROR] Failed to load resource: net::ERR_INTERNET_DISCONNECTED @ https://de.xyz/api/activities:0
[114828583ms] [ERROR] Failed to load resource: net::ERR_INTERNET_DISCONNECTED @ https://de.xyz/api/listings:0
[114828601ms] [ERROR] Failed to load resource: net::ERR_INTERNET_DISCONNECTED @ https://de.xyz/api/eth-listings:0
[114828602ms] [ERROR] Failed to load resource: net::ERR_INTERNET_DISCONNECTED @ https://de.xyz/api/btc-listings:0
[114830303ms] [ERROR] Failed to load resource: net::ERR_INTERNET_DISCONNECTED @ https://de.xyz/api/activities:0
[114831663ms] [ERROR] Failed to load resource: net::ERR_INTERNET_DISCONNECTED @ https://de.xyz/api/listings:0
[114831664ms] [ERROR] Failed to load resource: net::ERR_INTERNET_DISCONNECTED @ https://de.xyz/api/eth-listings:0
[114831665ms] [ERROR] Failed to load resource: net::ERR_INTERNET_DISCONNECTED @ https://de.xyz/api/btc-listings:0
[114833661ms] [ERROR] Failed to load resource: net::ERR_INTERNET_DISCONNECTED @ https://de.xyz/api/activities:0
[114834701ms] [ERROR] Failed to load resource: net::ERR_INTERNET_DISCONNECTED @ https://de.xyz/api/listings:0
[114834701ms] [ERROR] Failed to load resource: net::ERR_INTERNET_DISCONNECTED @ https://de.xyz/api/eth-listings:0
[114834701ms] [ERROR] Failed to load resource: net::ERR_INTERNET_DISCONNECTED @ https://de.xyz/api/btc-listings:0
[114837725ms] [ERROR] Failed to load resource: net::ERR_INTERNET_DISCONNECTED @ https://de.xyz/api/listings:0
[114837726ms] [ERROR] Failed to load resource: net::ERR_INTERNET_DISCONNECTED @ https://de.xyz/api/eth-listings:0
[114837726ms] [ERROR] Failed to load resource: net::ERR_INTERNET_DISCONNECTED @ https://de.xyz/api/btc-listings:0
[114839420ms] [ERROR] Failed to load resource: net::ERR_INTERNET_DISCONNECTED @ https://de.xyz/api/activities:0
[114842500ms] [ERROR] Failed to load resource: net::ERR_INTERNET_DISCONNECTED @ https://de.xyz/api/activities:0
[114845577ms] [ERROR] Failed to load resource: net::ERR_INTERNET_DISCONNECTED @ https://de.xyz/api/activities:0
[114848601ms] [ERROR] Failed to load resource: net::ERR_INTERNET_DISCONNECTED @ https://de.xyz/api/activities:0
[114851913ms] [ERROR] Failed to load resource: net::ERR_INTERNET_DISCONNECTED @ https://de.xyz/api/activities:0
[114855132ms] [ERROR] Failed to load resource: net::ERR_INTERNET_DISCONNECTED @ https://de.xyz/api/activities:0
[114858160ms] [ERROR] Failed to load resource: net::ERR_INTERNET_DISCONNECTED @ https://de.xyz/api/activities:0
[114864350ms] [ERROR] Failed to load resource: net::ERR_INTERNET_DISCONNECTED @ https://de.xyz/api/activities:0
[114864350ms] [ERROR] Failed to load resource: net::ERR_INTERNET_DISCONNECTED @ https://de.xyz/api/y00ts-activities:0
[114864350ms] [ERROR] Failed to load resource: net::ERR_INTERNET_DISCONNECTED @ https://de.xyz/api/listings:0
[114864350ms] [ERROR] Failed to load resource: net::ERR_INTERNET_DISCONNECTED @ https://de.xyz/api/btc-listings:0
[114864350ms] [ERROR] Failed to load resource: net::ERR_INTERNET_DISCONNECTED @ https://de.xyz/api/activities:0
[114864350ms] [ERROR] Failed to load resource: net::ERR_INTERNET_DISCONNECTED @ https://de.xyz/api/volume:0
[114864351ms] [ERROR] Failed to load resource: net::ERR_INTERNET_DISCONNECTED @ https://de.xyz/api/eth-listings:0
[114867387ms] [ERROR] Failed to load resource: net::ERR_INTERNET_DISCONNECTED @ https://de.xyz/api/listings:0
[114867387ms] [ERROR] Failed to load resource: net::ERR_INTERNET_DISCONNECTED @ https://de.xyz/api/btc-listings:0
[114867387ms] [ERROR] Failed to load resource: net::ERR_INTERNET_DISCONNECTED @ https://de.xyz/api/activities:0
[114867387ms] [ERROR] Failed to load resource: net::ERR_INTERNET_DISCONNECTED @ https://de.xyz/api/eth-listings:0
[114870437ms] [ERROR] Failed to load resource: net::ERR_INTERNET_DISCONNECTED @ https://de.xyz/api/listings:0
[114870438ms] [ERROR] Failed to load resource: net::ERR_INTERNET_DISCONNECTED @ https://de.xyz/api/btc-listings:0
[114870438ms] [ERROR] Failed to load resource: net::ERR_INTERNET_DISCONNECTED @ https://de.xyz/api/activities:0
[114870438ms] [ERROR] Failed to load resource: net::ERR_INTERNET_DISCONNECTED @ https://de.xyz/api/eth-listings:0
[114873538ms] [ERROR] Failed to load resource: net::ERR_INTERNET_DISCONNECTED @ https://de.xyz/api/listings:0
[114873542ms] [ERROR] Failed to load resource: net::ERR_INTERNET_DISCONNECTED @ https://de.xyz/api/btc-listings:0
[114873542ms] [ERROR] Failed to load resource: net::ERR_INTERNET_DISCONNECTED @ https://de.xyz/api/activities:0
[114873542ms] [ERROR] Failed to load resource: net::ERR_INTERNET_DISCONNECTED @ https://de.xyz/api/eth-listings:0
[114876624ms] [ERROR] Failed to load resource: net::ERR_INTERNET_DISCONNECTED @ https://de.xyz/api/eth-listings:0
[114876635ms] [ERROR] Failed to load resource: net::ERR_INTERNET_DISCONNECTED @ https://de.xyz/api/btc-listings:0
[114876636ms] [ERROR] Failed to load resource: net::ERR_INTERNET_DISCONNECTED @ https://de.xyz/api/listings:0
[114876636ms] [ERROR] Failed to load resource: net::ERR_INTERNET_DISCONNECTED @ https://de.xyz/api/activities:0
[114879679ms] [ERROR] Failed to load resource: net::ERR_INTERNET_DISCONNECTED @ https://de.xyz/api/activities:0
[114879679ms] [ERROR] Failed to load resource: net::ERR_INTERNET_DISCONNECTED @ https://de.xyz/api/listings:0
[114879680ms] [ERROR] Failed to load resource: net::ERR_INTERNET_DISCONNECTED @ https://de.xyz/api/eth-listings:0
[114879680ms] [ERROR] Failed to load resource: net::ERR_INTERNET_DISCONNECTED @ https://de.xyz/api/btc-listings:0
[114882820ms] [ERROR] Failed to load resource: net::ERR_INTERNET_DISCONNECTED @ https://de.xyz/api/listings:0
[114882820ms] [ERROR] Failed to load resource: net::ERR_INTERNET_DISCONNECTED @ https://de.xyz/api/activities:0
[114882820ms] [ERROR] Failed to load resource: net::ERR_INTERNET_DISCONNECTED @ https://de.xyz/api/eth-listings:0
[114882820ms] [ERROR] Failed to load resource: net::ERR_INTERNET_DISCONNECTED @ https://de.xyz/api/btc-listings:0
[114889358ms] [ERROR] Failed to load resource: net::ERR_INTERNET_DISCONNECTED @ https://de.xyz/api/activities:0
[114892421ms] [ERROR] Failed to load resource: net::ERR_INTERNET_DISCONNECTED @ https://de.xyz/api/activities:0
[114895439ms] [ERROR] Failed to load resource: net::ERR_INTERNET_DISCONNECTED @ https://de.xyz/api/activities:0
[114898490ms] [ERROR] Failed to load resource: net::ERR_INTERNET_DISCONNECTED @ https://de.xyz/api/activities:0
[114901549ms] [ERROR] Failed to load resource: net::ERR_INTERNET_DISCONNECTED @ https://de.xyz/api/activities:0
[114904574ms] [ERROR] Failed to load resource: net::ERR_INTERNET_DISCONNECTED @ https://de.xyz/api/activities:0
[114907871ms] [ERROR] Failed to load resource: net::ERR_INTERNET_DISCONNECTED @ https://de.xyz/api/activities:0
[114909399ms] [ERROR] Failed to load resource: net::ERR_INTERNET_DISCONNECTED @ https://de.xyz/api/listings:0
[114909402ms] [ERROR] Failed to load resource: net::ERR_INTERNET_DISCONNECTED @ https://de.xyz/api/eth-listings:0
[114909402ms] [ERROR] Failed to load resource: net::ERR_INTERNET_DISCONNECTED @ https://de.xyz/api/btc-listings:0
[114912473ms] [ERROR] Failed to load resource: net::ERR_INTERNET_DISCONNECTED @ https://de.xyz/api/listings:0
[114912474ms] [ERROR] Failed to load resource: net::ERR_INTERNET_DISCONNECTED @ https://de.xyz/api/eth-listings:0
[114912474ms] [ERROR] Failed to load resource: net::ERR_INTERNET_DISCONNECTED @ https://de.xyz/api/btc-listings:0
[114914507ms] [ERROR] Failed to load resource: net::ERR_INTERNET_DISCONNECTED @ https://de.xyz/api/activities:0
[114915927ms] [ERROR] Failed to load resource: net::ERR_INTERNET_DISCONNECTED @ https://de.xyz/api/listings:0
[114915928ms] [ERROR] Failed to load resource: net::ERR_INTERNET_DISCONNECTED @ https://de.xyz/api/eth-listings:0
[114915928ms] [ERROR] Failed to load resource: net::ERR_INTERNET_DISCONNECTED @ https://de.xyz/api/btc-listings:0
[114917659ms] [ERROR] Failed to load resource: net::ERR_INTERNET_DISCONNECTED @ https://de.xyz/api/activities:0
[114919043ms] [ERROR] Failed to load resource: net::ERR_INTERNET_DISCONNECTED @ https://de.xyz/api/listings:0
[114919043ms] [ERROR] Failed to load resource: net::ERR_INTERNET_DISCONNECTED @ https://de.xyz/api/eth-listings:0
[114919043ms] [ERROR] Failed to load resource: net::ERR_INTERNET_DISCONNECTED @ https://de.xyz/api/btc-listings:0
[114920750ms] [ERROR] Failed to load resource: net::ERR_INTERNET_DISCONNECTED @ https://de.xyz/api/activities:0
[114922097ms] [ERROR] Failed to load resource: net::ERR_INTERNET_DISCONNECTED @ https://de.xyz/api/listings:0
[114922119ms] [ERROR] Failed to load resource: net::ERR_INTERNET_DISCONNECTED @ https://de.xyz/api/eth-listings:0
[114922119ms] [ERROR] Failed to load resource: net::ERR_INTERNET_DISCONNECTED @ https://de.xyz/api/btc-listings:0
[114923958ms] [ERROR] Failed to load resource: net::ERR_INTERNET_DISCONNECTED @ https://de.xyz/api/activities:0
[114924354ms] [ERROR] Failed to load resource: net::ERR_INTERNET_DISCONNECTED @ https://de.xyz/api/activities:0
[114924355ms] [ERROR] Failed to load resource: net::ERR_INTERNET_DISCONNECTED @ https://de.xyz/api/y00ts-activities:0
[114925138ms] [ERROR] Failed to load resource: net::ERR_INTERNET_DISCONNECTED @ https://de.xyz/api/listings:0
[114925164ms] [ERROR] Failed to load resource: net::ERR_INTERNET_DISCONNECTED @ https://de.xyz/api/eth-listings:0
[114925164ms] [ERROR] Failed to load resource: net::ERR_INTERNET_DISCONNECTED @ https://de.xyz/api/btc-listings:0
[114927479ms] [ERROR] Failed to load resource: net::ERR_INTERNET_DISCONNECTED @ https://de.xyz/api/activities:0
[114928198ms] [ERROR] Failed to load resource: net::ERR_INTERNET_DISCONNECTED @ https://de.xyz/api/listings:0
[114928199ms] [ERROR] Failed to load resource: net::ERR_INTERNET_DISCONNECTED @ https://de.xyz/api/eth-listings:0
[114928199ms] [ERROR] Failed to load resource: net::ERR_INTERNET_DISCONNECTED @ https://de.xyz/api/btc-listings:0
[114930795ms] [ERROR] Failed to load resource: net::ERR_INTERNET_DISCONNECTED @ https://de.xyz/api/activities:0
[114933882ms] [ERROR] Failed to load resource: net::ERR_INTERNET_DISCONNECTED @ https://de.xyz/api/activities:0
[114939349ms] [ERROR] Failed to load resource: net::ERR_INTERNET_DISCONNECTED @ https://de.xyz/api/activities:0
[114942474ms] [ERROR] Failed to load resource: net::ERR_INTERNET_DISCONNECTED @ https://de.xyz/api/activities:0
[114945505ms] [ERROR] Failed to load resource: net::ERR_INTERNET_DISCONNECTED @ https://de.xyz/api/activities:0
[114948540ms] [ERROR] Failed to load resource: net::ERR_INTERNET_DISCONNECTED @ https://de.xyz/api/activities:0
[114951559ms] [ERROR] Failed to load resource: net::ERR_INTERNET_DISCONNECTED @ https://de.xyz/api/activities:0
[114954477ms] [ERROR] Failed to load resource: net::ERR_INTERNET_DISCONNECTED @ https://de.xyz/api/listings:0
[114954485ms] [ERROR] Failed to load resource: net::ERR_INTERNET_DISCONNECTED @ https://de.xyz/api/eth-listings:0
[114954485ms] [ERROR] Failed to load resource: net::ERR_INTERNET_DISCONNECTED @ https://de.xyz/api/btc-listings:0
[114954650ms] [ERROR] Failed to load resource: net::ERR_INTERNET_DISCONNECTED @ https://de.xyz/api/activities:0
[114957528ms] [ERROR] Failed to load resource: net::ERR_INTERNET_DISCONNECTED @ https://de.xyz/api/listings:0
[114957528ms] [ERROR] Failed to load resource: net::ERR_INTERNET_DISCONNECTED @ https://de.xyz/api/eth-listings:0
[114957528ms] [ERROR] Failed to load resource: net::ERR_INTERNET_DISCONNECTED @ https://de.xyz/api/btc-listings:0
[114957775ms] [ERROR] Failed to load resource: net::ERR_INTERNET_DISCONNECTED @ https://de.xyz/api/activities:0
[114960609ms] [ERROR] Failed to load resource: net::ERR_INTERNET_DISCONNECTED @ https://de.xyz/api/listings:0
[114960609ms] [ERROR] Failed to load resource: net::ERR_INTERNET_DISCONNECTED @ https://de.xyz/api/eth-listings:0
[114960609ms] [ERROR] Failed to load resource: net::ERR_INTERNET_DISCONNECTED @ https://de.xyz/api/btc-listings:0
[114963651ms] [ERROR] Failed to load resource: net::ERR_INTERNET_DISCONNECTED @ https://de.xyz/api/listings:0
[114963656ms] [ERROR] Failed to load resource: net::ERR_INTERNET_DISCONNECTED @ https://de.xyz/api/eth-listings:0
[114963656ms] [ERROR] Failed to load resource: net::ERR_INTERNET_DISCONNECTED @ https://de.xyz/api/btc-listings:0
[114964468ms] [ERROR] Failed to load resource: net::ERR_INTERNET_DISCONNECTED @ https://de.xyz/api/activities:0
[114966689ms] [ERROR] Failed to load resource: net::ERR_INTERNET_DISCONNECTED @ https://de.xyz/api/listings:0
[114966689ms] [ERROR] Failed to load resource: net::ERR_INTERNET_DISCONNECTED @ https://de.xyz/api/eth-listings:0
[114966689ms] [ERROR] Failed to load resource: net::ERR_INTERNET_DISCONNECTED @ https://de.xyz/api/btc-listings:0
[114967498ms] [ERROR] Failed to load resource: net::ERR_INTERNET_DISCONNECTED @ https://de.xyz/api/activities:0
[114969788ms] [ERROR] Failed to load resource: net::ERR_INTERNET_DISCONNECTED @ https://de.xyz/api/listings:0
[114969788ms] [ERROR] Failed to load resource: net::ERR_INTERNET_DISCONNECTED @ https://de.xyz/api/eth-listings:0
[114969788ms] [ERROR] Failed to load resource: net::ERR_INTERNET_DISCONNECTED @ https://de.xyz/api/btc-listings:0
[114970552ms] [ERROR] Failed to load resource: net::ERR_INTERNET_DISCONNECTED @ https://de.xyz/api/activities:0
[114972875ms] [ERROR] Failed to load resource: net::ERR_INTERNET_DISCONNECTED @ https://de.xyz/api/eth-listings:0
[114972875ms] [ERROR] Failed to load resource: net::ERR_INTERNET_DISCONNECTED @ https://de.xyz/api/btc-listings:0
[114972875ms] [ERROR] Failed to load resource: net::ERR_INTERNET_DISCONNECTED @ https://de.xyz/api/listings:0
[114973583ms] [ERROR] Failed to load resource: net::ERR_INTERNET_DISCONNECTED @ https://de.xyz/api/activities:0
[114976600ms] [ERROR] Failed to load resource: net::ERR_INTERNET_DISCONNECTED @ https://de.xyz/api/activities:0
[114980032ms] [ERROR] Failed to load resource: net::ERR_INTERNET_DISCONNECTED @ https://de.xyz/api/activities:0
[114983119ms] [ERROR] Failed to load resource: net::ERR_INTERNET_DISCONNECTED @ https://de.xyz/api/activities:0
[114984380ms] [ERROR] Failed to load resource: net::ERR_INTERNET_DISCONNECTED @ https://de.xyz/api/activities:0
[114984380ms] [ERROR] Failed to load resource: net::ERR_INTERNET_DISCONNECTED @ https://de.xyz/api/y00ts-activities:0
[114989349ms] [ERROR] Failed to load resource: net::ERR_INTERNET_DISCONNECTED @ https://de.xyz/api/activities:0
[114992432ms] [ERROR] Failed to load resource: net::ERR_INTERNET_DISCONNECTED @ https://de.xyz/api/activities:0
[114995473ms] [ERROR] Failed to load resource: net::ERR_INTERNET_DISCONNECTED @ https://de.xyz/api/activities:0
[114998504ms] [ERROR] Failed to load resource: net::ERR_INTERNET_DISCONNECTED @ https://de.xyz/api/activities:0
[114999400ms] [ERROR] Failed to load resource: net::ERR_INTERNET_DISCONNECTED @ https://de.xyz/api/listings:0
[114999401ms] [ERROR] Failed to load resource: net::ERR_INTERNET_DISCONNECTED @ https://de.xyz/api/eth-listings:0
[114999401ms] [ERROR] Failed to load resource: net::ERR_INTERNET_DISCONNECTED @ https://de.xyz/api/btc-listings:0
[115001534ms] [ERROR] Failed to load resource: net::ERR_INTERNET_DISCONNECTED @ https://de.xyz/api/activities:0
[115002474ms] [ERROR] Failed to load resource: net::ERR_INTERNET_DISCONNECTED @ https://de.xyz/api/listings:0
[115002475ms] [ERROR] Failed to load resource: net::ERR_INTERNET_DISCONNECTED @ https://de.xyz/api/eth-listings:0
[115002475ms] [ERROR] Failed to load resource: net::ERR_INTERNET_DISCONNECTED @ https://de.xyz/api/btc-listings:0
[115004569ms] [ERROR] Failed to load resource: net::ERR_INTERNET_DISCONNECTED @ https://de.xyz/api/activities:0
[115005521ms] [ERROR] Failed to load resource: net::ERR_INTERNET_DISCONNECTED @ https://de.xyz/api/listings:0
[115005521ms] [ERROR] Failed to load resource: net::ERR_INTERNET_DISCONNECTED @ https://de.xyz/api/eth-listings:0
[115005521ms] [ERROR] Failed to load resource: net::ERR_INTERNET_DISCONNECTED @ https://de.xyz/api/btc-listings:0
[115007628ms] [ERROR] Failed to load resource: net::ERR_INTERNET_DISCONNECTED @ https://de.xyz/api/activities:0
[115008581ms] [ERROR] Failed to load resource: net::ERR_INTERNET_DISCONNECTED @ https://de.xyz/api/listings:0
[115008581ms] [ERROR] Failed to load resource: net::ERR_INTERNET_DISCONNECTED @ https://de.xyz/api/btc-listings:0
[115008581ms] [ERROR] Failed to load resource: net::ERR_INTERNET_DISCONNECTED @ https://de.xyz/api/eth-listings:0
[115011632ms] [ERROR] Failed to load resource: net::ERR_INTERNET_DISCONNECTED @ https://de.xyz/api/eth-listings:0
[115011632ms] [ERROR] Failed to load resource: net::ERR_INTERNET_DISCONNECTED @ https://de.xyz/api/listings:0
[115011632ms] [ERROR] Failed to load resource: net::ERR_INTERNET_DISCONNECTED @ https://de.xyz/api/btc-listings:0
[115014427ms] [ERROR] Failed to load resource: net::ERR_INTERNET_DISCONNECTED @ https://de.xyz/api/activities:0
[115014665ms] [ERROR] Failed to load resource: net::ERR_INTERNET_DISCONNECTED @ https://de.xyz/api/eth-listings:0
[115014665ms] [ERROR] Failed to load resource: net::ERR_INTERNET_DISCONNECTED @ https://de.xyz/api/listings:0
[115014667ms] [ERROR] Failed to load resource: net::ERR_INTERNET_DISCONNECTED @ https://de.xyz/api/btc-listings:0
[115017458ms] [ERROR] Failed to load resource: net::ERR_INTERNET_DISCONNECTED @ https://de.xyz/api/activities:0
[115018038ms] [ERROR] Failed to load resource: net::ERR_INTERNET_DISCONNECTED @ https://de.xyz/api/eth-listings:0
[115018039ms] [ERROR] Failed to load resource: net::ERR_INTERNET_DISCONNECTED @ https://de.xyz/api/listings:0
[115018044ms] [ERROR] Failed to load resource: net::ERR_INTERNET_DISCONNECTED @ https://de.xyz/api/btc-listings:0
[115020516ms] [ERROR] Failed to load resource: net::ERR_INTERNET_DISCONNECTED @ https://de.xyz/api/activities:0
[115023564ms] [ERROR] Failed to load resource: net::ERR_INTERNET_DISCONNECTED @ https://de.xyz/api/activities:0
[115026602ms] [ERROR] Failed to load resource: net::ERR_INTERNET_DISCONNECTED @ https://de.xyz/api/activities:0
[115029652ms] [ERROR] Failed to load resource: net::ERR_INTERNET_DISCONNECTED @ https://de.xyz/api/activities:0
[115032731ms] [ERROR] Failed to load resource: net::ERR_INTERNET_DISCONNECTED @ https://de.xyz/api/activities:0
[115039400ms] [ERROR] Failed to load resource: net::ERR_INTERNET_DISCONNECTED @ https://de.xyz/api/activities:0
[115042506ms] [ERROR] Failed to load resource: net::ERR_INTERNET_DISCONNECTED @ https://de.xyz/api/activities:0
[115044755ms] [ERROR] Failed to load resource: net::ERR_INTERNET_DISCONNECTED @ https://de.xyz/api/activities:0
[115044755ms] [ERROR] Failed to load resource: net::ERR_INTERNET_DISCONNECTED @ https://de.xyz/api/y00ts-activities:0
[115044755ms] [ERROR] Failed to load resource: net::ERR_INTERNET_DISCONNECTED @ https://de.xyz/api/listings:0
[115044756ms] [ERROR] Failed to load resource: net::ERR_INTERNET_DISCONNECTED @ https://de.xyz/api/eth-listings:0
[115044756ms] [ERROR] Failed to load resource: net::ERR_INTERNET_DISCONNECTED @ https://de.xyz/api/btc-listings:0
[115045598ms] [ERROR] Failed to load resource: net::ERR_INTERNET_DISCONNECTED @ https://de.xyz/api/activities:0
[115047783ms] [ERROR] Failed to load resource: net::ERR_INTERNET_DISCONNECTED @ https://de.xyz/api/listings:0
[115047784ms] [ERROR] Failed to load resource: net::ERR_INTERNET_DISCONNECTED @ https://de.xyz/api/eth-listings:0
[115047784ms] [ERROR] Failed to load resource: net::ERR_INTERNET_DISCONNECTED @ https://de.xyz/api/btc-listings:0
[115048655ms] [ERROR] Failed to load resource: net::ERR_INTERNET_DISCONNECTED @ https://de.xyz/api/activities:0
[115050864ms] [ERROR] Failed to load resource: net::ERR_INTERNET_DISCONNECTED @ https://de.xyz/api/listings:0
[115050865ms] [ERROR] Failed to load resource: net::ERR_INTERNET_DISCONNECTED @ https://de.xyz/api/eth-listings:0
[115050870ms] [ERROR] Failed to load resource: net::ERR_INTERNET_DISCONNECTED @ https://de.xyz/api/btc-listings:0
[115051789ms] [ERROR] Failed to load resource: net::ERR_INTERNET_DISCONNECTED @ https://de.xyz/api/activities:0
[115053906ms] [ERROR] Failed to load resource: net::ERR_INTERNET_DISCONNECTED @ https://de.xyz/api/listings:0
[115053906ms] [ERROR] Failed to load resource: net::ERR_INTERNET_DISCONNECTED @ https://de.xyz/api/eth-listings:0
[115053906ms] [ERROR] Failed to load resource: net::ERR_INTERNET_DISCONNECTED @ https://de.xyz/api/btc-listings:0
[115054910ms] [ERROR] Failed to load resource: net::ERR_INTERNET_DISCONNECTED @ https://de.xyz/api/activities:0
[115056974ms] [ERROR] Failed to load resource: net::ERR_INTERNET_DISCONNECTED @ https://de.xyz/api/eth-listings:0
[115056974ms] [ERROR] Failed to load resource: net::ERR_INTERNET_DISCONNECTED @ https://de.xyz/api/btc-listings:0
[115056974ms] [ERROR] Failed to load resource: net::ERR_INTERNET_DISCONNECTED @ https://de.xyz/api/listings:0
[115057931ms] [ERROR] Failed to load resource: net::ERR_INTERNET_DISCONNECTED @ https://de.xyz/api/activities:0
[115060036ms] [ERROR] Failed to load resource: net::ERR_INTERNET_DISCONNECTED @ https://de.xyz/api/eth-listings:0
[115060036ms] [ERROR] Failed to load resource: net::ERR_INTERNET_DISCONNECTED @ https://de.xyz/api/btc-listings:0
[115060036ms] [ERROR] Failed to load resource: net::ERR_INTERNET_DISCONNECTED @ https://de.xyz/api/listings:0
[115063061ms] [ERROR] Failed to load resource: net::ERR_INTERNET_DISCONNECTED @ https://de.xyz/api/btc-listings:0
[115063061ms] [ERROR] Failed to load resource: net::ERR_INTERNET_DISCONNECTED @ https://de.xyz/api/eth-listings:0
[115063061ms] [ERROR] Failed to load resource: net::ERR_INTERNET_DISCONNECTED @ https://de.xyz/api/listings:0
[115064360ms] [ERROR] Failed to load resource: net::ERR_INTERNET_DISCONNECTED @ https://de.xyz/api/activities:0
[115067474ms] [ERROR] Failed to load resource: net::ERR_INTERNET_DISCONNECTED @ https://de.xyz/api/activities:0
[115070508ms] [ERROR] Failed to load resource: net::ERR_INTERNET_DISCONNECTED @ https://de.xyz/api/activities:0
[115073555ms] [ERROR] Failed to load resource: net::ERR_INTERNET_DISCONNECTED @ https://de.xyz/api/activities:0
[115076602ms] [ERROR] Failed to load resource: net::ERR_INTERNET_DISCONNECTED @ https://de.xyz/api/activities:0
[115079761ms] [ERROR] Failed to load resource: net::ERR_INTERNET_DISCONNECTED @ https://de.xyz/api/activities:0
[115082813ms] [ERROR] Failed to load resource: net::ERR_INTERNET_DISCONNECTED @ https://de.xyz/api/activities:0
[115089470ms] [ERROR] Failed to load resource: net::ERR_INTERNET_DISCONNECTED @ https://de.xyz/api/listings:0
[115089470ms] [ERROR] Failed to load resource: net::ERR_INTERNET_DISCONNECTED @ https://de.xyz/api/activities:0
[115089470ms] [ERROR] Failed to load resource: net::ERR_INTERNET_DISCONNECTED @ https://de.xyz/api/eth-listings:0
[115089499ms] [ERROR] Failed to load resource: net::ERR_INTERNET_DISCONNECTED @ https://de.xyz/api/btc-listings:0
[115092698ms] [ERROR] Failed to load resource: net::ERR_INTERNET_DISCONNECTED @ https://de.xyz/api/listings:0
[115092698ms] [ERROR] Failed to load resource: net::ERR_INTERNET_DISCONNECTED @ https://de.xyz/api/activities:0
[115092698ms] [ERROR] Failed to load resource: net::ERR_INTERNET_DISCONNECTED @ https://de.xyz/api/eth-listings:0
[115092698ms] [ERROR] Failed to load resource: net::ERR_INTERNET_DISCONNECTED @ https://de.xyz/api/btc-listings:0
[115095862ms] [ERROR] Failed to load resource: net::ERR_INTERNET_DISCONNECTED @ https://de.xyz/api/listings:0
[115095865ms] [ERROR] Failed to load resource: net::ERR_INTERNET_DISCONNECTED @ https://de.xyz/api/activities:0
[115095865ms] [ERROR] Failed to load resource: net::ERR_INTERNET_DISCONNECTED @ https://de.xyz/api/eth-listings:0
[115095865ms] [ERROR] Failed to load resource: net::ERR_INTERNET_DISCONNECTED @ https://de.xyz/api/btc-listings:0
[115098900ms] [ERROR] Failed to load resource: net::ERR_INTERNET_DISCONNECTED @ https://de.xyz/api/eth-listings:0
[115098901ms] [ERROR] Failed to load resource: net::ERR_INTERNET_DISCONNECTED @ https://de.xyz/api/activities:0
[115098901ms] [ERROR] Failed to load resource: net::ERR_INTERNET_DISCONNECTED @ https://de.xyz/api/listings:0
[115098901ms] [ERROR] Failed to load resource: net::ERR_INTERNET_DISCONNECTED @ https://de.xyz/api/btc-listings:0
[115101941ms] [ERROR] Failed to load resource: net::ERR_INTERNET_DISCONNECTED @ https://de.xyz/api/eth-listings:0
[115101941ms] [ERROR] Failed to load resource: net::ERR_INTERNET_DISCONNECTED @ https://de.xyz/api/activities:0
[115101941ms] [ERROR] Failed to load resource: net::ERR_INTERNET_DISCONNECTED @ https://de.xyz/api/listings:0
[115101941ms] [ERROR] Failed to load resource: net::ERR_INTERNET_DISCONNECTED @ https://de.xyz/api/btc-listings:0
[115104336ms] [ERROR] Failed to load resource: net::ERR_INTERNET_DISCONNECTED @ https://de.xyz/api/y00ts-activities:0
[115104337ms] [ERROR] Failed to load resource: net::ERR_INTERNET_DISCONNECTED @ https://de.xyz/api/activities:0
[115104980ms] [ERROR] Failed to load resource: net::ERR_INTERNET_DISCONNECTED @ https://de.xyz/api/activities:0
[115104980ms] [ERROR] Failed to load resource: net::ERR_INTERNET_DISCONNECTED @ https://de.xyz/api/btc-listings:0
[115104980ms] [ERROR] Failed to load resource: net::ERR_INTERNET_DISCONNECTED @ https://de.xyz/api/eth-listings:0
[115104982ms] [ERROR] Failed to load resource: net::ERR_INTERNET_DISCONNECTED @ https://de.xyz/api/listings:0
[115108063ms] [ERROR] Failed to load resource: net::ERR_INTERNET_DISCONNECTED @ https://de.xyz/api/activities:0
[115108064ms] [ERROR] Failed to load resource: net::ERR_INTERNET_DISCONNECTED @ https://de.xyz/api/btc-listings:0
[115108064ms] [ERROR] Failed to load resource: net::ERR_INTERNET_DISCONNECTED @ https://de.xyz/api/eth-listings:0
[115108064ms] [ERROR] Failed to load resource: net::ERR_INTERNET_DISCONNECTED @ https://de.xyz/api/listings:0
[115114440ms] [ERROR] Failed to load resource: net::ERR_INTERNET_DISCONNECTED @ https://de.xyz/api/activities:0
[115117477ms] [ERROR] Failed to load resource: net::ERR_INTERNET_DISCONNECTED @ https://de.xyz/api/activities:0
[115120825ms] [ERROR] Failed to load resource: net::ERR_INTERNET_DISCONNECTED @ https://de.xyz/api/activities:0
[115123868ms] [ERROR] Failed to load resource: net::ERR_INTERNET_DISCONNECTED @ https://de.xyz/api/activities:0
[115127181ms] [ERROR] Failed to load resource: net::ERR_INTERNET_DISCONNECTED @ https://de.xyz/api/activities:0
[115130197ms] [ERROR] Failed to load resource: net::ERR_INTERNET_DISCONNECTED @ https://de.xyz/api/activities:0
[115133227ms] [ERROR] Failed to load resource: net::ERR_INTERNET_DISCONNECTED @ https://de.xyz/api/activities:0
[115134395ms] [ERROR] Failed to load resource: net::ERR_INTERNET_DISCONNECTED @ https://de.xyz/api/listings:0
[115134437ms] [ERROR] Failed to load resource: net::ERR_INTERNET_DISCONNECTED @ https://de.xyz/api/eth-listings:0
[115134438ms] [ERROR] Failed to load resource: net::ERR_INTERNET_DISCONNECTED @ https://de.xyz/api/btc-listings:0
[115137419ms] [ERROR] Failed to load resource: net::ERR_INTERNET_DISCONNECTED @ https://de.xyz/api/listings:0
[115137574ms] [ERROR] Failed to load resource: net::ERR_INTERNET_DISCONNECTED @ https://de.xyz/api/eth-listings:0
[115137577ms] [ERROR] Failed to load resource: net::ERR_INTERNET_DISCONNECTED @ https://de.xyz/api/btc-listings:0
[115139355ms] [ERROR] Failed to load resource: net::ERR_INTERNET_DISCONNECTED @ https://de.xyz/api/activities:0
[115140440ms] [ERROR] Failed to load resource: net::ERR_INTERNET_DISCONNECTED @ https://de.xyz/api/listings:0
[115141120ms] [ERROR] Failed to load resource: net::ERR_INTERNET_DISCONNECTED @ https://de.xyz/api/eth-listings:0
[115141120ms] [ERROR] Failed to load resource: net::ERR_INTERNET_DISCONNECTED @ https://de.xyz/api/btc-listings:0
[115142478ms] [ERROR] Failed to load resource: net::ERR_INTERNET_DISCONNECTED @ https://de.xyz/api/activities:0
[115143551ms] [ERROR] Failed to load resource: net::ERR_INTERNET_DISCONNECTED @ https://de.xyz/api/listings:0
[115144192ms] [ERROR] Failed to load resource: net::ERR_INTERNET_DISCONNECTED @ https://de.xyz/api/btc-listings:0
[115144193ms] [ERROR] Failed to load resource: net::ERR_INTERNET_DISCONNECTED @ https://de.xyz/api/eth-listings:0
[115146127ms] [ERROR] Failed to load resource: net::ERR_INTERNET_DISCONNECTED @ https://de.xyz/api/activities:0
[115146597ms] [ERROR] Failed to load resource: net::ERR_INTERNET_DISCONNECTED @ https://de.xyz/api/listings:0
[115147249ms] [ERROR] Failed to load resource: net::ERR_INTERNET_DISCONNECTED @ https://de.xyz/api/eth-listings:0
[115147250ms] [ERROR] Failed to load resource: net::ERR_INTERNET_DISCONNECTED @ https://de.xyz/api/btc-listings:0
[115149181ms] [ERROR] Failed to load resource: net::ERR_INTERNET_DISCONNECTED @ https://de.xyz/api/activities:0
[115151086ms] [ERROR] Failed to load resource: net::ERR_INTERNET_DISCONNECTED @ https://de.xyz/api/listings:0
[115151275ms] [ERROR] Failed to load resource: net::ERR_INTERNET_DISCONNECTED @ https://de.xyz/api/eth-listings:0
[115151276ms] [ERROR] Failed to load resource: net::ERR_INTERNET_DISCONNECTED @ https://de.xyz/api/btc-listings:0
[115152252ms] [ERROR] Failed to load resource: net::ERR_INTERNET_DISCONNECTED @ https://de.xyz/api/activities:0
[115154164ms] [ERROR] Failed to load resource: net::ERR_INTERNET_DISCONNECTED @ https://de.xyz/api/listings:0
[115154441ms] [ERROR] Failed to load resource: net::ERR_INTERNET_DISCONNECTED @ https://de.xyz/api/eth-listings:0
[115154441ms] [ERROR] Failed to load resource: net::ERR_INTERNET_DISCONNECTED @ https://de.xyz/api/btc-listings:0
[115155291ms] [ERROR] Failed to load resource: net::ERR_INTERNET_DISCONNECTED @ https://de.xyz/api/activities:0
[115158323ms] [ERROR] Failed to load resource: net::ERR_INTERNET_DISCONNECTED @ https://de.xyz/api/activities:0
[115164552ms] [ERROR] Failed to load resource: net::ERR_INTERNET_DISCONNECTED @ https://de.xyz/api/activities:0
[115164552ms] [ERROR] Failed to load resource: net::ERR_INTERNET_DISCONNECTED @ https://de.xyz/api/y00ts-activities:0
[115164552ms] [ERROR] Failed to load resource: net::ERR_INTERNET_DISCONNECTED @ https://de.xyz/api/activities:0
[115164554ms] [ERROR] Failed to load resource: net::ERR_INTERNET_DISCONNECTED @ https://de.xyz/api/volume:0
[115167608ms] [ERROR] Failed to load resource: net::ERR_INTERNET_DISCONNECTED @ https://de.xyz/api/activities:0
[115170732ms] [ERROR] Failed to load resource: net::ERR_INTERNET_DISCONNECTED @ https://de.xyz/api/activities:0
[115173806ms] [ERROR] Failed to load resource: net::ERR_INTERNET_DISCONNECTED @ https://de.xyz/api/activities:0
[115176888ms] [ERROR] Failed to load resource: net::ERR_INTERNET_DISCONNECTED @ https://de.xyz/api/activities:0
[115179391ms] [ERROR] Failed to load resource: net::ERR_INTERNET_DISCONNECTED @ https://de.xyz/api/listings:0
[115179401ms] [ERROR] Failed to load resource: net::ERR_INTERNET_DISCONNECTED @ https://de.xyz/api/eth-listings:0
[115179401ms] [ERROR] Failed to load resource: net::ERR_INTERNET_DISCONNECTED @ https://de.xyz/api/btc-listings:0
[115179940ms] [ERROR] Failed to load resource: net::ERR_INTERNET_DISCONNECTED @ https://de.xyz/api/activities:0
[115182419ms] [ERROR] Failed to load resource: net::ERR_INTERNET_DISCONNECTED @ https://de.xyz/api/listings:0
[115182452ms] [ERROR] Failed to load resource: net::ERR_INTERNET_DISCONNECTED @ https://de.xyz/api/eth-listings:0
[115182453ms] [ERROR] Failed to load resource: net::ERR_INTERNET_DISCONNECTED @ https://de.xyz/api/btc-listings:0
[115182975ms] [ERROR] Failed to load resource: net::ERR_INTERNET_DISCONNECTED @ https://de.xyz/api/activities:0
[115185442ms] [ERROR] Failed to load resource: net::ERR_INTERNET_DISCONNECTED @ https://de.xyz/api/listings:0
[115185481ms] [ERROR] Failed to load resource: net::ERR_INTERNET_DISCONNECTED @ https://de.xyz/api/eth-listings:0
[115185481ms] [ERROR] Failed to load resource: net::ERR_INTERNET_DISCONNECTED @ https://de.xyz/api/btc-listings:0
[115188483ms] [ERROR] Failed to load resource: net::ERR_INTERNET_DISCONNECTED @ https://de.xyz/api/listings:0
[115188506ms] [ERROR] Failed to load resource: net::ERR_INTERNET_DISCONNECTED @ https://de.xyz/api/eth-listings:0
[115188507ms] [ERROR] Failed to load resource: net::ERR_INTERNET_DISCONNECTED @ https://de.xyz/api/btc-listings:0
[115189365ms] [ERROR] Failed to load resource: net::ERR_INTERNET_DISCONNECTED @ https://de.xyz/api/activities:0
[115191534ms] [ERROR] Failed to load resource: net::ERR_INTERNET_DISCONNECTED @ https://de.xyz/api/listings:0
[115191611ms] [ERROR] Failed to load resource: net::ERR_INTERNET_DISCONNECTED @ https://de.xyz/api/eth-listings:0
[115191611ms] [ERROR] Failed to load resource: net::ERR_INTERNET_DISCONNECTED @ https://de.xyz/api/btc-listings:0
[115192457ms] [ERROR] Failed to load resource: net::ERR_INTERNET_DISCONNECTED @ https://de.xyz/api/activities:0
[115194594ms] [ERROR] Failed to load resource: net::ERR_INTERNET_DISCONNECTED @ https://de.xyz/api/listings:0
[115194684ms] [ERROR] Failed to load resource: net::ERR_INTERNET_DISCONNECTED @ https://de.xyz/api/eth-listings:0
[115194684ms] [ERROR] Failed to load resource: net::ERR_INTERNET_DISCONNECTED @ https://de.xyz/api/btc-listings:0
[115195486ms] [ERROR] Failed to load resource: net::ERR_INTERNET_DISCONNECTED @ https://de.xyz/api/activities:0
[115197642ms] [ERROR] Failed to load resource: net::ERR_INTERNET_DISCONNECTED @ https://de.xyz/api/listings:0
[115197906ms] [ERROR] Failed to load resource: net::ERR_INTERNET_DISCONNECTED @ https://de.xyz/api/eth-listings:0
[115197906ms] [ERROR] Failed to load resource: net::ERR_INTERNET_DISCONNECTED @ https://de.xyz/api/btc-listings:0
[115198588ms] [ERROR] Failed to load resource: net::ERR_INTERNET_DISCONNECTED @ https://de.xyz/api/activities:0
[115201652ms] [ERROR] Failed to load resource: net::ERR_INTERNET_DISCONNECTED @ https://de.xyz/api/activities:0
[115204687ms] [ERROR] Failed to load resource: net::ERR_INTERNET_DISCONNECTED @ https://de.xyz/api/activities:0
[115207727ms] [ERROR] Failed to load resource: net::ERR_INTERNET_DISCONNECTED @ https://de.xyz/api/activities:0
[115214344ms] [ERROR] Failed to load resource: net::ERR_INTERNET_DISCONNECTED @ https://de.xyz/api/activities:0
[115217406ms] [ERROR] Failed to load resource: net::ERR_INTERNET_DISCONNECTED @ https://de.xyz/api/activities:0
[115220433ms] [ERROR] Failed to load resource: net::ERR_INTERNET_DISCONNECTED @ https://de.xyz/api/activities:0
[115223507ms] [ERROR] Failed to load resource: net::ERR_INTERNET_DISCONNECTED @ https://de.xyz/api/activities:0
[115224355ms] [ERROR] Failed to load resource: net::ERR_INTERNET_DISCONNECTED @ https://de.xyz/api/activities:0
[115224356ms] [ERROR] Failed to load resource: net::ERR_INTERNET_DISCONNECTED @ https://de.xyz/api/y00ts-activities:0
[115224537ms] [ERROR] Failed to load resource: net::ERR_INTERNET_DISCONNECTED @ https://de.xyz/api/listings:0
[115224537ms] [ERROR] Failed to load resource: net::ERR_INTERNET_DISCONNECTED @ https://de.xyz/api/eth-listings:0
[115224537ms] [ERROR] Failed to load resource: net::ERR_INTERNET_DISCONNECTED @ https://de.xyz/api/btc-listings:0
[115226550ms] [ERROR] Failed to load resource: net::ERR_INTERNET_DISCONNECTED @ https://de.xyz/api/activities:0
[115227624ms] [ERROR] Failed to load resource: net::ERR_INTERNET_DISCONNECTED @ https://de.xyz/api/listings:0
[115227624ms] [ERROR] Failed to load resource: net::ERR_INTERNET_DISCONNECTED @ https://de.xyz/api/eth-listings:0
[115227624ms] [ERROR] Failed to load resource: net::ERR_INTERNET_DISCONNECTED @ https://de.xyz/api/btc-listings:0
[115229571ms] [ERROR] Failed to load resource: net::ERR_INTERNET_DISCONNECTED @ https://de.xyz/api/activities:0
[115230715ms] [ERROR] Failed to load resource: net::ERR_INTERNET_DISCONNECTED @ https://de.xyz/api/listings:0
[115230716ms] [ERROR] Failed to load resource: net::ERR_INTERNET_DISCONNECTED @ https://de.xyz/api/eth-listings:0
[115230716ms] [ERROR] Failed to load resource: net::ERR_INTERNET_DISCONNECTED @ https://de.xyz/api/btc-listings:0
[115232643ms] [ERROR] Failed to load resource: net::ERR_INTERNET_DISCONNECTED @ https://de.xyz/api/activities:0
[115233750ms] [ERROR] Failed to load resource: net::ERR_INTERNET_DISCONNECTED @ https://de.xyz/api/listings:0
[115233751ms] [ERROR] Failed to load resource: net::ERR_INTERNET_DISCONNECTED @ https://de.xyz/api/eth-listings:0
[115233751ms] [ERROR] Failed to load resource: net::ERR_INTERNET_DISCONNECTED @ https://de.xyz/api/btc-listings:0
[115236794ms] [ERROR] Failed to load resource: net::ERR_INTERNET_DISCONNECTED @ https://de.xyz/api/eth-listings:0
[115236794ms] [ERROR] Failed to load resource: net::ERR_INTERNET_DISCONNECTED @ https://de.xyz/api/btc-listings:0
[115236794ms] [ERROR] Failed to load resource: net::ERR_INTERNET_DISCONNECTED @ https://de.xyz/api/listings:0
[115239372ms] [ERROR] Failed to load resource: net::ERR_INTERNET_DISCONNECTED @ https://de.xyz/api/activities:0
[115239833ms] [ERROR] Failed to load resource: net::ERR_INTERNET_DISCONNECTED @ https://de.xyz/api/eth-listings:0
[115239833ms] [ERROR] Failed to load resource: net::ERR_INTERNET_DISCONNECTED @ https://de.xyz/api/btc-listings:0
[115239833ms] [ERROR] Failed to load resource: net::ERR_INTERNET_DISCONNECTED @ https://de.xyz/api/listings:0
[115242422ms] [ERROR] Failed to load resource: net::ERR_INTERNET_DISCONNECTED @ https://de.xyz/api/activities:0
[115242943ms] [ERROR] Failed to load resource: net::ERR_INTERNET_DISCONNECTED @ https://de.xyz/api/btc-listings:0
[115242943ms] [ERROR] Failed to load resource: net::ERR_INTERNET_DISCONNECTED @ https://de.xyz/api/eth-listings:0
[115242943ms] [ERROR] Failed to load resource: net::ERR_INTERNET_DISCONNECTED @ https://de.xyz/api/listings:0
[115245459ms] [ERROR] Failed to load resource: net::ERR_INTERNET_DISCONNECTED @ https://de.xyz/api/activities:0
[115248554ms] [ERROR] Failed to load resource: net::ERR_INTERNET_DISCONNECTED @ https://de.xyz/api/activities:0
[115251599ms] [ERROR] Failed to load resource: net::ERR_INTERNET_DISCONNECTED @ https://de.xyz/api/activities:0
[115254643ms] [ERROR] Failed to load resource: net::ERR_INTERNET_DISCONNECTED @ https://de.xyz/api/activities:0
[115257675ms] [ERROR] Failed to load resource: net::ERR_INTERNET_DISCONNECTED @ https://de.xyz/api/activities:0
[115264358ms] [ERROR] Failed to load resource: net::ERR_INTERNET_DISCONNECTED @ https://de.xyz/api/activities:0
[115267390ms] [ERROR] Failed to load resource: net::ERR_INTERNET_DISCONNECTED @ https://de.xyz/api/activities:0
[115269399ms] [ERROR] Failed to load resource: net::ERR_INTERNET_DISCONNECTED @ https://de.xyz/api/listings:0
[115269399ms] [ERROR] Failed to load resource: net::ERR_INTERNET_DISCONNECTED @ https://de.xyz/api/eth-listings:0
[115269399ms] [ERROR] Failed to load resource: net::ERR_INTERNET_DISCONNECTED @ https://de.xyz/api/btc-listings:0
[115270532ms] [ERROR] Failed to load resource: net::ERR_INTERNET_DISCONNECTED @ https://de.xyz/api/activities:0
[115272431ms] [ERROR] Failed to load resource: net::ERR_INTERNET_DISCONNECTED @ https://de.xyz/api/eth-listings:0
[115272433ms] [ERROR] Failed to load resource: net::ERR_INTERNET_DISCONNECTED @ https://de.xyz/api/btc-listings:0
[115272433ms] [ERROR] Failed to load resource: net::ERR_INTERNET_DISCONNECTED @ https://de.xyz/api/listings:0
[115273597ms] [ERROR] Failed to load resource: net::ERR_INTERNET_DISCONNECTED @ https://de.xyz/api/activities:0
[115275476ms] [ERROR] Failed to load resource: net::ERR_INTERNET_DISCONNECTED @ https://de.xyz/api/btc-listings:0
[115275476ms] [ERROR] Failed to load resource: net::ERR_INTERNET_DISCONNECTED @ https://de.xyz/api/eth-listings:0
[115275476ms] [ERROR] Failed to load resource: net::ERR_INTERNET_DISCONNECTED @ https://de.xyz/api/listings:0
[115276666ms] [ERROR] Failed to load resource: net::ERR_INTERNET_DISCONNECTED @ https://de.xyz/api/activities:0
[115278499ms] [ERROR] Failed to load resource: net::ERR_INTERNET_DISCONNECTED @ https://de.xyz/api/btc-listings:0
[115278500ms] [ERROR] Failed to load resource: net::ERR_INTERNET_DISCONNECTED @ https://de.xyz/api/eth-listings:0
[115278501ms] [ERROR] Failed to load resource: net::ERR_INTERNET_DISCONNECTED @ https://de.xyz/api/listings:0
[115279697ms] [ERROR] Failed to load resource: net::ERR_INTERNET_DISCONNECTED @ https://de.xyz/api/activities:0
[115281533ms] [ERROR] Failed to load resource: net::ERR_INTERNET_DISCONNECTED @ https://de.xyz/api/btc-listings:0
[115281533ms] [ERROR] Failed to load resource: net::ERR_INTERNET_DISCONNECTED @ https://de.xyz/api/eth-listings:0
[115281533ms] [ERROR] Failed to load resource: net::ERR_INTERNET_DISCONNECTED @ https://de.xyz/api/listings:0
[115282742ms] [ERROR] Failed to load resource: net::ERR_INTERNET_DISCONNECTED @ https://de.xyz/api/activities:0
[115284363ms] [ERROR] Failed to load resource: net::ERR_INTERNET_DISCONNECTED @ https://de.xyz/api/activities:0
[115284363ms] [ERROR] Failed to load resource: net::ERR_INTERNET_DISCONNECTED @ https://de.xyz/api/y00ts-activities:0
[115284567ms] [ERROR] Failed to load resource: net::ERR_INTERNET_DISCONNECTED @ https://de.xyz/api/eth-listings:0
[115284567ms] [ERROR] Failed to load resource: net::ERR_INTERNET_DISCONNECTED @ https://de.xyz/api/listings:0
[115284567ms] [ERROR] Failed to load resource: net::ERR_INTERNET_DISCONNECTED @ https://de.xyz/api/btc-listings:0
[115287592ms] [ERROR] Failed to load resource: net::ERR_INTERNET_DISCONNECTED @ https://de.xyz/api/eth-listings:0
[115287592ms] [ERROR] Failed to load resource: net::ERR_INTERNET_DISCONNECTED @ https://de.xyz/api/listings:0
[115287593ms] [ERROR] Failed to load resource: net::ERR_INTERNET_DISCONNECTED @ https://de.xyz/api/btc-listings:0
[115289607ms] [ERROR] Failed to load resource: net::ERR_INTERNET_DISCONNECTED @ https://de.xyz/api/activities:0
[115292653ms] [ERROR] Failed to load resource: net::ERR_INTERNET_DISCONNECTED @ https://de.xyz/api/activities:0
[115295731ms] [ERROR] Failed to load resource: net::ERR_INTERNET_DISCONNECTED @ https://de.xyz/api/activities:0
[115298902ms] [ERROR] Failed to load resource: net::ERR_INTERNET_DISCONNECTED @ https://de.xyz/api/activities:0
[115301968ms] [ERROR] Failed to load resource: net::ERR_INTERNET_DISCONNECTED @ https://de.xyz/api/activities:0
[115305004ms] [ERROR] Failed to load resource: net::ERR_INTERNET_DISCONNECTED @ https://de.xyz/api/activities:0
[115308046ms] [ERROR] Failed to load resource: net::ERR_INTERNET_DISCONNECTED @ https://de.xyz/api/activities:0
[115314452ms] [ERROR] Failed to load resource: net::ERR_INTERNET_DISCONNECTED @ https://de.xyz/api/listings:0
[115314454ms] [ERROR] Failed to load resource: net::ERR_INTERNET_DISCONNECTED @ https://de.xyz/api/activities:0
[115314454ms] [ERROR] Failed to load resource: net::ERR_INTERNET_DISCONNECTED @ https://de.xyz/api/eth-listings:0
[115314454ms] [ERROR] Failed to load resource: net::ERR_INTERNET_DISCONNECTED @ https://de.xyz/api/btc-listings:0
[115317578ms] [ERROR] Failed to load resource: net::ERR_INTERNET_DISCONNECTED @ https://de.xyz/api/listings:0
[115317578ms] [ERROR] Failed to load resource: net::ERR_INTERNET_DISCONNECTED @ https://de.xyz/api/activities:0
[115317578ms] [ERROR] Failed to load resource: net::ERR_INTERNET_DISCONNECTED @ https://de.xyz/api/eth-listings:0
[115317578ms] [ERROR] Failed to load resource: net::ERR_INTERNET_DISCONNECTED @ https://de.xyz/api/btc-listings:0
[115320663ms] [ERROR] Failed to load resource: net::ERR_INTERNET_DISCONNECTED @ https://de.xyz/api/btc-listings:0
[115320663ms] [ERROR] Failed to load resource: net::ERR_INTERNET_DISCONNECTED @ https://de.xyz/api/listings:0
[115320669ms] [ERROR] Failed to load resource: net::ERR_INTERNET_DISCONNECTED @ https://de.xyz/api/eth-listings:0
[115320669ms] [ERROR] Failed to load resource: net::ERR_INTERNET_DISCONNECTED @ https://de.xyz/api/activities:0
[115323735ms] [ERROR] Failed to load resource: net::ERR_INTERNET_DISCONNECTED @ https://de.xyz/api/activities:0
[115323735ms] [ERROR] Failed to load resource: net::ERR_INTERNET_DISCONNECTED @ https://de.xyz/api/eth-listings:0
[115323735ms] [ERROR] Failed to load resource: net::ERR_INTERNET_DISCONNECTED @ https://de.xyz/api/btc-listings:0
[115323735ms] [ERROR] Failed to load resource: net::ERR_INTERNET_DISCONNECTED @ https://de.xyz/api/listings:0
[115326807ms] [ERROR] Failed to load resource: net::ERR_INTERNET_DISCONNECTED @ https://de.xyz/api/activities:0
[115326807ms] [ERROR] Failed to load resource: net::ERR_INTERNET_DISCONNECTED @ https://de.xyz/api/eth-listings:0
[115326807ms] [ERROR] Failed to load resource: net::ERR_INTERNET_DISCONNECTED @ https://de.xyz/api/btc-listings:0
[115326807ms] [ERROR] Failed to load resource: net::ERR_INTERNET_DISCONNECTED @ https://de.xyz/api/listings:0
[115329838ms] [ERROR] Failed to load resource: net::ERR_INTERNET_DISCONNECTED @ https://de.xyz/api/activities:0
[115329839ms] [ERROR] Failed to load resource: net::ERR_INTERNET_DISCONNECTED @ https://de.xyz/api/eth-listings:0
[115329839ms] [ERROR] Failed to load resource: net::ERR_INTERNET_DISCONNECTED @ https://de.xyz/api/btc-listings:0
[115329839ms] [ERROR] Failed to load resource: net::ERR_INTERNET_DISCONNECTED @ https://de.xyz/api/listings:0
[115332931ms] [ERROR] Failed to load resource: net::ERR_INTERNET_DISCONNECTED @ https://de.xyz/api/eth-listings:0
[115332931ms] [ERROR] Failed to load resource: net::ERR_INTERNET_DISCONNECTED @ https://de.xyz/api/listings:0
[115332932ms] [ERROR] Failed to load resource: net::ERR_INTERNET_DISCONNECTED @ https://de.xyz/api/activities:0
[115332932ms] [ERROR] Failed to load resource: net::ERR_INTERNET_DISCONNECTED @ https://de.xyz/api/btc-listings:0
[115339435ms] [ERROR] Failed to load resource: net::ERR_INTERNET_DISCONNECTED @ https://de.xyz/api/activities:0
[115342457ms] [ERROR] Failed to load resource: net::ERR_INTERNET_DISCONNECTED @ https://de.xyz/api/activities:0
[115344312ms] [ERROR] Failed to load resource: net::ERR_INTERNET_DISCONNECTED @ https://de.xyz/api/activities:0
[115344312ms] [ERROR] Failed to load resource: net::ERR_INTERNET_DISCONNECTED @ https://de.xyz/api/y00ts-activities:0
[115345478ms] [ERROR] Failed to load resource: net::ERR_INTERNET_DISCONNECTED @ https://de.xyz/api/activities:0
[115348522ms] [ERROR] Failed to load resource: net::ERR_INTERNET_DISCONNECTED @ https://de.xyz/api/activities:0
[115351561ms] [ERROR] Failed to load resource: net::ERR_INTERNET_DISCONNECTED @ https://de.xyz/api/activities:0
[115354590ms] [ERROR] Failed to load resource: net::ERR_INTERNET_DISCONNECTED @ https://de.xyz/api/activities:0
[115357617ms] [ERROR] Failed to load resource: net::ERR_INTERNET_DISCONNECTED @ https://de.xyz/api/activities:0
[115359355ms] [ERROR] Failed to load resource: net::ERR_INTERNET_DISCONNECTED @ https://de.xyz/api/listings:0
[115359355ms] [ERROR] Failed to load resource: net::ERR_INTERNET_DISCONNECTED @ https://de.xyz/api/eth-listings:0
[115359355ms] [ERROR] Failed to load resource: net::ERR_INTERNET_DISCONNECTED @ https://de.xyz/api/btc-listings:0
[115362496ms] [ERROR] Failed to load resource: net::ERR_INTERNET_DISCONNECTED @ https://de.xyz/api/eth-listings:0
[115362502ms] [ERROR] Failed to load resource: net::ERR_INTERNET_DISCONNECTED @ https://de.xyz/api/listings:0
[115362502ms] [ERROR] Failed to load resource: net::ERR_INTERNET_DISCONNECTED @ https://de.xyz/api/btc-listings:0
[115364462ms] [ERROR] Failed to load resource: net::ERR_INTERNET_DISCONNECTED @ https://de.xyz/api/activities:0
[115365688ms] [ERROR] Failed to load resource: net::ERR_INTERNET_DISCONNECTED @ https://de.xyz/api/eth-listings:0
[115365688ms] [ERROR] Failed to load resource: net::ERR_INTERNET_DISCONNECTED @ https://de.xyz/api/listings:0
[115365689ms] [ERROR] Failed to load resource: net::ERR_INTERNET_DISCONNECTED @ https://de.xyz/api/btc-listings:0
[115367523ms] [ERROR] Failed to load resource: net::ERR_INTERNET_DISCONNECTED @ https://de.xyz/api/activities:0
[115368737ms] [ERROR] Failed to load resource: net::ERR_INTERNET_DISCONNECTED @ https://de.xyz/api/eth-listings:0
[115368737ms] [ERROR] Failed to load resource: net::ERR_INTERNET_DISCONNECTED @ https://de.xyz/api/btc-listings:0
[115368738ms] [ERROR] Failed to load resource: net::ERR_INTERNET_DISCONNECTED @ https://de.xyz/api/listings:0
[115370559ms] [ERROR] Failed to load resource: net::ERR_INTERNET_DISCONNECTED @ https://de.xyz/api/activities:0
[115371782ms] [ERROR] Failed to load resource: net::ERR_INTERNET_DISCONNECTED @ https://de.xyz/api/eth-listings:0
[115371782ms] [ERROR] Failed to load resource: net::ERR_INTERNET_DISCONNECTED @ https://de.xyz/api/btc-listings:0
[115371782ms] [ERROR] Failed to load resource: net::ERR_INTERNET_DISCONNECTED @ https://de.xyz/api/listings:0
[115373612ms] [ERROR] Failed to load resource: net::ERR_INTERNET_DISCONNECTED @ https://de.xyz/api/activities:0
[115374811ms] [ERROR] Failed to load resource: net::ERR_INTERNET_DISCONNECTED @ https://de.xyz/api/eth-listings:0
[115374811ms] [ERROR] Failed to load resource: net::ERR_INTERNET_DISCONNECTED @ https://de.xyz/api/btc-listings:0
[115374812ms] [ERROR] Failed to load resource: net::ERR_INTERNET_DISCONNECTED @ https://de.xyz/api/listings:0
[115376638ms] [ERROR] Failed to load resource: net::ERR_INTERNET_DISCONNECTED @ https://de.xyz/api/activities:0
[115377857ms] [ERROR] Failed to load resource: net::ERR_INTERNET_DISCONNECTED @ https://de.xyz/api/eth-listings:0
[115377857ms] [ERROR] Failed to load resource: net::ERR_INTERNET_DISCONNECTED @ https://de.xyz/api/btc-listings:0
[115377857ms] [ERROR] Failed to load resource: net::ERR_INTERNET_DISCONNECTED @ https://de.xyz/api/listings:0
[115379664ms] [ERROR] Failed to load resource: net::ERR_INTERNET_DISCONNECTED @ https://de.xyz/api/activities:0
[115382750ms] [ERROR] Failed to load resource: net::ERR_INTERNET_DISCONNECTED @ https://de.xyz/api/activities:0
[115389346ms] [ERROR] Failed to load resource: net::ERR_INTERNET_DISCONNECTED @ https://de.xyz/api/activities:0
[115392438ms] [ERROR] Failed to load resource: net::ERR_INTERNET_DISCONNECTED @ https://de.xyz/api/activities:0
[115397122ms] [ERROR] Failed to load resource: net::ERR_INTERNET_DISCONNECTED @ https://de.xyz/api/activities:0
[115400262ms] [ERROR] Failed to load resource: net::ERR_INTERNET_DISCONNECTED @ https://de.xyz/api/activities:0
[115404990ms] [ERROR] Failed to load resource: net::ERR_INTERNET_DISCONNECTED @ https://de.xyz/api/activities:0
[115404991ms] [ERROR] Failed to load resource: net::ERR_INTERNET_DISCONNECTED @ https://de.xyz/api/activities:0
[115404991ms] [ERROR] Failed to load resource: net::ERR_INTERNET_DISCONNECTED @ https://de.xyz/api/y00ts-activities:0
[115404991ms] [ERROR] Failed to load resource: net::ERR_INTERNET_DISCONNECTED @ https://de.xyz/api/listings:0
[115404991ms] [ERROR] Failed to load resource: net::ERR_INTERNET_DISCONNECTED @ https://de.xyz/api/eth-listings:0
[115404991ms] [ERROR] Failed to load resource: net::ERR_INTERNET_DISCONNECTED @ https://de.xyz/api/btc-listings:0
[115408232ms] [ERROR] Failed to load resource: net::ERR_INTERNET_DISCONNECTED @ https://de.xyz/api/activities:0
[115408232ms] [ERROR] Failed to load resource: net::ERR_INTERNET_DISCONNECTED @ https://de.xyz/api/listings:0
[115408232ms] [ERROR] Failed to load resource: net::ERR_INTERNET_DISCONNECTED @ https://de.xyz/api/eth-listings:0
[115408233ms] [ERROR] Failed to load resource: net::ERR_INTERNET_DISCONNECTED @ https://de.xyz/api/btc-listings:0
[115411549ms] [ERROR] Failed to load resource: net::ERR_INTERNET_DISCONNECTED @ https://de.xyz/api/activities:0
[115411550ms] [ERROR] Failed to load resource: net::ERR_INTERNET_DISCONNECTED @ https://de.xyz/api/listings:0
[115411550ms] [ERROR] Failed to load resource: net::ERR_INTERNET_DISCONNECTED @ https://de.xyz/api/eth-listings:0
[115411550ms] [ERROR] Failed to load resource: net::ERR_INTERNET_DISCONNECTED @ https://de.xyz/api/btc-listings:0
[115414545ms] [ERROR] Failed to load resource: net::ERR_INTERNET_DISCONNECTED @ https://de.xyz/api/activities:0
[115414778ms] [ERROR] Failed to load resource: net::ERR_INTERNET_DISCONNECTED @ https://de.xyz/api/btc-listings:0
[115414779ms] [ERROR] Failed to load resource: net::ERR_INTERNET_DISCONNECTED @ https://de.xyz/api/listings:0
[115414779ms] [ERROR] Failed to load resource: net::ERR_INTERNET_DISCONNECTED @ https://de.xyz/api/eth-listings:0
[115418096ms] [ERROR] Failed to load resource: net::ERR_INTERNET_DISCONNECTED @ https://de.xyz/api/listings:0
[115418096ms] [ERROR] Failed to load resource: net::ERR_INTERNET_DISCONNECTED @ https://de.xyz/api/btc-listings:0
[115418096ms] [ERROR] Failed to load resource: net::ERR_INTERNET_DISCONNECTED @ https://de.xyz/api/activities:0
[115418096ms] [ERROR] Failed to load resource: net::ERR_INTERNET_DISCONNECTED @ https://de.xyz/api/eth-listings:0
[115421206ms] [ERROR] Failed to load resource: net::ERR_INTERNET_DISCONNECTED @ https://de.xyz/api/activities:0
[115421206ms] [ERROR] Failed to load resource: net::ERR_INTERNET_DISCONNECTED @ https://de.xyz/api/listings:0
[115421206ms] [ERROR] Failed to load resource: net::ERR_INTERNET_DISCONNECTED @ https://de.xyz/api/btc-listings:0
[115421206ms] [ERROR] Failed to load resource: net::ERR_INTERNET_DISCONNECTED @ https://de.xyz/api/eth-listings:0
[115424260ms] [ERROR] Failed to load resource: net::ERR_INTERNET_DISCONNECTED @ https://de.xyz/api/activities:0
[115424260ms] [ERROR] Failed to load resource: net::ERR_INTERNET_DISCONNECTED @ https://de.xyz/api/listings:0
[115424260ms] [ERROR] Failed to load resource: net::ERR_INTERNET_DISCONNECTED @ https://de.xyz/api/btc-listings:0
[115424260ms] [ERROR] Failed to load resource: net::ERR_INTERNET_DISCONNECTED @ https://de.xyz/api/eth-listings:0
[116391758ms] [ERROR] Failed to load resource: net::ERR_INTERNET_DISCONNECTED @ https://de.xyz/api/activities:0
[116394862ms] [ERROR] Failed to load resource: net::ERR_INTERNET_DISCONNECTED @ https://de.xyz/api/activities:0
[116397980ms] [ERROR] Failed to load resource: net::ERR_INTERNET_DISCONNECTED @ https://de.xyz/api/activities:0
[116403260ms] [ERROR] Failed to load resource: net::ERR_INTERNET_DISCONNECTED @ https://de.xyz/api/activities:0
[116406428ms] [ERROR] Failed to load resource: net::ERR_INTERNET_DISCONNECTED @ https://de.xyz/api/activities:0
[116410536ms] [ERROR] Failed to load resource: net::ERR_INTERNET_DISCONNECTED @ https://de.xyz/api/activities:0
[116412989ms] [ERROR] Failed to load resource: net::ERR_INTERNET_DISCONNECTED @ https://de.xyz/api/btc-listings:0
[116412990ms] [ERROR] Failed to load resource: net::ERR_INTERNET_DISCONNECTED @ https://de.xyz/api/eth-listings:0
[116412990ms] [ERROR] Failed to load resource: net::ERR_INTERNET_DISCONNECTED @ https://de.xyz/api/listings:0
[116413705ms] [ERROR] Failed to load resource: net::ERR_INTERNET_DISCONNECTED @ https://de.xyz/api/activities:0
[116416250ms] [ERROR] Failed to load resource: net::ERR_INTERNET_DISCONNECTED @ https://de.xyz/api/btc-listings:0
[116416250ms] [ERROR] Failed to load resource: net::ERR_INTERNET_DISCONNECTED @ https://de.xyz/api/listings:0
[116416251ms] [ERROR] Failed to load resource: net::ERR_INTERNET_DISCONNECTED @ https://de.xyz/api/eth-listings:0
[116417196ms] [ERROR] Failed to load resource: net::ERR_INTERNET_DISCONNECTED @ https://de.xyz/api/activities:0
[116419427ms] [ERROR] Failed to load resource: net::ERR_INTERNET_DISCONNECTED @ https://de.xyz/api/btc-listings:0
[116419436ms] [ERROR] Failed to load resource: net::ERR_INTERNET_DISCONNECTED @ https://de.xyz/api/listings:0
[116419443ms] [ERROR] Failed to load resource: net::ERR_INTERNET_DISCONNECTED @ https://de.xyz/api/eth-listings:0
[116420325ms] [ERROR] Failed to load resource: net::ERR_INTERNET_DISCONNECTED @ https://de.xyz/api/activities:0
[117433600ms] [ERROR] Failed to load resource: net::ERR_INTERNET_DISCONNECTED @ https://de.xyz/api/btc-listings:0
[117433600ms] [ERROR] Failed to load resource: net::ERR_INTERNET_DISCONNECTED @ https://de.xyz/api/listings:0
[117433601ms] [ERROR] Failed to load resource: net::ERR_INTERNET_DISCONNECTED @ https://de.xyz/api/eth-listings:0
[117433601ms] [ERROR] Failed to load resource: net::ERR_INTERNET_DISCONNECTED @ https://de.xyz/api/activities:0
[117433799ms] [ERROR] Failed to load resource: net::ERR_INTERNET_DISCONNECTED @ https://de.xyz/api/y00ts-activities:0
[117433800ms] [ERROR] Failed to load resource: net::ERR_INTERNET_DISCONNECTED @ https://de.xyz/api/activities:0
[117433800ms] [ERROR] Failed to load resource: net::ERR_INTERNET_DISCONNECTED @ https://de.xyz/api/activities:0
[117433800ms] [ERROR] Failed to load resource: net::ERR_INTERNET_DISCONNECTED @ https://de.xyz/api/volume:0
[118010156ms] [ERROR] Failed to load resource: net::ERR_INTERNET_DISCONNECTED @ https://de.xyz/api/btc-listings:0
[118010156ms] [ERROR] Failed to load resource: net::ERR_INTERNET_DISCONNECTED @ https://de.xyz/api/listings:0
[118010159ms] [ERROR] Failed to load resource: net::ERR_INTERNET_DISCONNECTED @ https://de.xyz/api/eth-listings:0
[118010380ms] [ERROR] Failed to load resource: net::ERR_INTERNET_DISCONNECTED @ https://de.xyz/api/activities:0
[118013385ms] [ERROR] Failed to load resource: net::ERR_INTERNET_DISCONNECTED @ https://de.xyz/api/btc-listings:0
[118013390ms] [ERROR] Failed to load resource: net::ERR_INTERNET_DISCONNECTED @ https://de.xyz/api/listings:0
[118013390ms] [ERROR] Failed to load resource: net::ERR_INTERNET_DISCONNECTED @ https://de.xyz/api/eth-listings:0
[118013590ms] [ERROR] Failed to load resource: net::ERR_INTERNET_DISCONNECTED @ https://de.xyz/api/activities:0
[118016693ms] [ERROR] Failed to load resource: net::ERR_INTERNET_DISCONNECTED @ https://de.xyz/api/btc-listings:0
[118016693ms] [ERROR] Failed to load resource: net::ERR_INTERNET_DISCONNECTED @ https://de.xyz/api/listings:0
[118016694ms] [ERROR] Failed to load resource: net::ERR_INTERNET_DISCONNECTED @ https://de.xyz/api/eth-listings:0
[118017141ms] [ERROR] Failed to load resource: net::ERR_INTERNET_DISCONNECTED @ https://de.xyz/api/activities:0
[118020260ms] [ERROR] Failed to load resource: net::ERR_INTERNET_DISCONNECTED @ https://de.xyz/api/activities:0
[118023425ms] [ERROR] Failed to load resource: net::ERR_INTERNET_DISCONNECTED @ https://de.xyz/api/activities:0
[118027438ms] [ERROR] Failed to load resource: net::ERR_INTERNET_DISCONNECTED @ https://de.xyz/api/activities:0
[118033566ms] [ERROR] Failed to load resource: net::ERR_INTERNET_DISCONNECTED @ https://de.xyz/api/activities:0
[118036849ms] [ERROR] Failed to load resource: net::ERR_INTERNET_DISCONNECTED @ https://de.xyz/api/listings:0
[118036849ms] [ERROR] Failed to load resource: net::ERR_INTERNET_DISCONNECTED @ https://de.xyz/api/eth-listings:0
[118036849ms] [ERROR] Failed to load resource: net::ERR_INTERNET_DISCONNECTED @ https://de.xyz/api/btc-listings:0
[118036849ms] [ERROR] Failed to load resource: net::ERR_INTERNET_DISCONNECTED @ https://de.xyz/api/activities:0
[118048185ms] [ERROR] Failed to load resource: net::ERR_INTERNET_DISCONNECTED @ https://de.xyz/api/listings:0
[118048302ms] [ERROR] Failed to load resource: net::ERR_INTERNET_DISCONNECTED @ https://de.xyz/api/eth-listings:0
[118048302ms] [ERROR] Failed to load resource: net::ERR_INTERNET_DISCONNECTED @ https://de.xyz/api/btc-listings:0
[118048302ms] [ERROR] Failed to load resource: net::ERR_INTERNET_DISCONNECTED @ https://de.xyz/api/activities:0
[118051698ms] [ERROR] Failed to load resource: net::ERR_INTERNET_DISCONNECTED @ https://de.xyz/api/eth-listings:0
[118051736ms] [ERROR] Failed to load resource: net::ERR_INTERNET_DISCONNECTED @ https://de.xyz/api/listings:0
[118051737ms] [ERROR] Failed to load resource: net::ERR_INTERNET_DISCONNECTED @ https://de.xyz/api/btc-listings:0
[118051744ms] [ERROR] Failed to load resource: net::ERR_INTERNET_DISCONNECTED @ https://de.xyz/api/activities:0
[118054919ms] [ERROR] Failed to load resource: net::ERR_INTERNET_DISCONNECTED @ https://de.xyz/api/eth-listings:0
[118054919ms] [ERROR] Failed to load resource: net::ERR_INTERNET_DISCONNECTED @ https://de.xyz/api/listings:0
[118054919ms] [ERROR] Failed to load resource: net::ERR_INTERNET_DISCONNECTED @ https://de.xyz/api/btc-listings:0
[118054919ms] [ERROR] Failed to load resource: net::ERR_INTERNET_DISCONNECTED @ https://de.xyz/api/activities:0
[118968877ms] [ERROR] Failed to load resource: net::ERR_INTERNET_DISCONNECTED @ https://de.xyz/api/activities:0
[118968877ms] [ERROR] Failed to load resource: net::ERR_INTERNET_DISCONNECTED @ https://de.xyz/api/eth-listings:0
[118968877ms] [ERROR] Failed to load resource: net::ERR_INTERNET_DISCONNECTED @ https://de.xyz/api/listings:0
[118969067ms] [ERROR] Failed to load resource: net::ERR_INTERNET_DISCONNECTED @ https://de.xyz/api/btc-listings:0
[119927332ms] [ERROR] Failed to load resource: net::ERR_INTERNET_DISCONNECTED @ https://de.xyz/api/eth-listings:0
[119927332ms] [ERROR] Failed to load resource: net::ERR_INTERNET_DISCONNECTED @ https://de.xyz/api/activities:0
[119927333ms] [ERROR] Failed to load resource: net::ERR_INTERNET_DISCONNECTED @ https://de.xyz/api/listings:0
[119927339ms] [ERROR] Failed to load resource: net::ERR_INTERNET_DISCONNECTED @ https://de.xyz/api/btc-listings:0
[120962358ms] [ERROR] Failed to load resource: net::ERR_INTERNET_DISCONNECTED @ https://de.xyz/api/y00ts-activities:0
[120962358ms] [ERROR] Failed to load resource: net::ERR_INTERNET_DISCONNECTED @ https://de.xyz/api/activities:0
[120962541ms] [ERROR] Failed to load resource: net::ERR_INTERNET_DISCONNECTED @ https://de.xyz/api/listings:0
[120962541ms] [ERROR] Failed to load resource: net::ERR_INTERNET_DISCONNECTED @ https://de.xyz/api/eth-listings:0
[120962541ms] [ERROR] Failed to load resource: net::ERR_INTERNET_DISCONNECTED @ https://de.xyz/api/btc-listings:0
[122659166ms] [ERROR] Failed to load resource: net::ERR_INTERNET_DISCONNECTED @ https://de.xyz/api/listings:0
[122659167ms] [ERROR] Failed to load resource: net::ERR_INTERNET_DISCONNECTED @ https://de.xyz/api/eth-listings:0
[122659167ms] [ERROR] Failed to load resource: net::ERR_INTERNET_DISCONNECTED @ https://de.xyz/api/btc-listings:0
[122659167ms] [ERROR] Failed to load resource: net::ERR_INTERNET_DISCONNECTED @ https://de.xyz/api/activities:0
[122662296ms] [ERROR] Failed to load resource: net::ERR_INTERNET_DISCONNECTED @ https://de.xyz/api/listings:0
[122662296ms] [ERROR] Failed to load resource: net::ERR_INTERNET_DISCONNECTED @ https://de.xyz/api/activities:0
[122662296ms] [ERROR] Failed to load resource: net::ERR_INTERNET_DISCONNECTED @ https://de.xyz/api/eth-listings:0
[122662296ms] [ERROR] Failed to load resource: net::ERR_INTERNET_DISCONNECTED @ https://de.xyz/api/btc-listings:0
[122665394ms] [ERROR] Failed to load resource: net::ERR_INTERNET_DISCONNECTED @ https://de.xyz/api/btc-listings:0
[122665394ms] [ERROR] Failed to load resource: net::ERR_INTERNET_DISCONNECTED @ https://de.xyz/api/eth-listings:0
[122665394ms] [ERROR] Failed to load resource: net::ERR_INTERNET_DISCONNECTED @ https://de.xyz/api/listings:0
[122665394ms] [ERROR] Failed to load resource: net::ERR_INTERNET_DISCONNECTED @ https://de.xyz/api/activities:0
[122668597ms] [ERROR] Failed to load resource: net::ERR_INTERNET_DISCONNECTED @ https://de.xyz/api/eth-listings:0
[122668597ms] [ERROR] Failed to load resource: net::ERR_INTERNET_DISCONNECTED @ https://de.xyz/api/btc-listings:0
[122668597ms] [ERROR] Failed to load resource: net::ERR_INTERNET_DISCONNECTED @ https://de.xyz/api/activities:0
[122668604ms] [ERROR] Failed to load resource: net::ERR_INTERNET_DISCONNECTED @ https://de.xyz/api/listings:0
[122671821ms] [ERROR] Failed to load resource: net::ERR_INTERNET_DISCONNECTED @ https://de.xyz/api/listings:0
[122671822ms] [ERROR] Failed to load resource: net::ERR_INTERNET_DISCONNECTED @ https://de.xyz/api/eth-listings:0
[122671822ms] [ERROR] Failed to load resource: net::ERR_INTERNET_DISCONNECTED @ https://de.xyz/api/activities:0
[122671822ms] [ERROR] Failed to load resource: net::ERR_INTERNET_DISCONNECTED @ https://de.xyz/api/btc-listings:0
[122674989ms] [ERROR] Failed to load resource: net::ERR_INTERNET_DISCONNECTED @ https://de.xyz/api/activities:0
[122674998ms] [ERROR] Failed to load resource: net::ERR_INTERNET_DISCONNECTED @ https://de.xyz/api/btc-listings:0
[122674998ms] [ERROR] Failed to load resource: net::ERR_INTERNET_DISCONNECTED @ https://de.xyz/api/listings:0
[122674998ms] [ERROR] Failed to load resource: net::ERR_INTERNET_DISCONNECTED @ https://de.xyz/api/eth-listings:0
[122678093ms] [ERROR] Failed to load resource: net::ERR_INTERNET_DISCONNECTED @ https://de.xyz/api/activities:0
[122678100ms] [ERROR] Failed to load resource: net::ERR_INTERNET_DISCONNECTED @ https://de.xyz/api/btc-listings:0
[122678101ms] [ERROR] Failed to load resource: net::ERR_INTERNET_DISCONNECTED @ https://de.xyz/api/listings:0
[122678101ms] [ERROR] Failed to load resource: net::ERR_INTERNET_DISCONNECTED @ https://de.xyz/api/eth-listings:0
[122684051ms] [ERROR] Failed to load resource: net::ERR_INTERNET_DISCONNECTED @ https://de.xyz/api/activities:0
[122687166ms] [ERROR] Failed to load resource: net::ERR_INTERNET_DISCONNECTED @ https://de.xyz/api/activities:0
[122690443ms] [ERROR] Failed to load resource: net::ERR_INTERNET_DISCONNECTED @ https://de.xyz/api/activities:0
[122693536ms] [ERROR] Failed to load resource: net::ERR_INTERNET_DISCONNECTED @ https://de.xyz/api/activities:0
[122697211ms] [ERROR] Failed to load resource: net::ERR_INTERNET_DISCONNECTED @ https://de.xyz/api/activities:0
[122700504ms] [ERROR] Failed to load resource: net::ERR_INTERNET_DISCONNECTED @ https://de.xyz/api/activities:0
[123776707ms] [ERROR] Failed to load resource: net::ERR_INTERNET_DISCONNECTED @ https://de.xyz/api/activities:0
[123776707ms] [ERROR] Failed to load resource: net::ERR_INTERNET_DISCONNECTED @ https://de.xyz/api/y00ts-activities:0
[123776707ms] [ERROR] Failed to load resource: net::ERR_INTERNET_DISCONNECTED @ https://de.xyz/api/listings:0
[123776707ms] [ERROR] Failed to load resource: net::ERR_INTERNET_DISCONNECTED @ https://de.xyz/api/eth-listings:0
[123776707ms] [ERROR] Failed to load resource: net::ERR_INTERNET_DISCONNECTED @ https://de.xyz/api/btc-listings:0
[123776809ms] [ERROR] Failed to load resource: net::ERR_INTERNET_DISCONNECTED @ https://de.xyz/api/activities:0
[123781008ms] [ERROR] Failed to load resource: net::ERR_INTERNET_DISCONNECTED @ https://de.xyz/api/listings:0
[123781009ms] [ERROR] Failed to load resource: net::ERR_INTERNET_DISCONNECTED @ https://de.xyz/api/btc-listings:0
[123781016ms] [ERROR] Failed to load resource: net::ERR_INTERNET_DISCONNECTED @ https://de.xyz/api/eth-listings:0
[123781598ms] [ERROR] Failed to load resource: net::ERR_INTERNET_DISCONNECTED @ https://de.xyz/api/activities:0
[124791837ms] [ERROR] Failed to load resource: net::ERR_INTERNET_DISCONNECTED @ https://de.xyz/api/listings:0
[124791837ms] [ERROR] Failed to load resource: net::ERR_INTERNET_DISCONNECTED @ https://de.xyz/api/btc-listings:0
[124791976ms] [ERROR] Failed to load resource: net::ERR_INTERNET_DISCONNECTED @ https://de.xyz/api/eth-listings:0
[124792342ms] [ERROR] Failed to load resource: net::ERR_INTERNET_DISCONNECTED @ https://de.xyz/api/activities:0
[124795137ms] [ERROR] Failed to load resource: net::ERR_INTERNET_DISCONNECTED @ https://de.xyz/api/listings:0
[124795137ms] [ERROR] Failed to load resource: net::ERR_INTERNET_DISCONNECTED @ https://de.xyz/api/btc-listings:0
[124795137ms] [ERROR] Failed to load resource: net::ERR_INTERNET_DISCONNECTED @ https://de.xyz/api/eth-listings:0
[125801333ms] [ERROR] Failed to load resource: net::ERR_INTERNET_DISCONNECTED @ https://de.xyz/api/activities:0
[126319549ms] [ERROR] Failed to load resource: net::ERR_INTERNET_DISCONNECTED @ https://de.xyz/api/btc-listings:0
[126319549ms] [ERROR] Failed to load resource: net::ERR_INTERNET_DISCONNECTED @ https://de.xyz/api/listings:0
[126319549ms] [ERROR] Failed to load resource: net::ERR_INTERNET_DISCONNECTED @ https://de.xyz/api/eth-listings:0
[126319750ms] [ERROR] Failed to load resource: net::ERR_INTERNET_DISCONNECTED @ https://de.xyz/api/activities:0
[126323077ms] [ERROR] Failed to load resource: net::ERR_INTERNET_DISCONNECTED @ https://de.xyz/api/listings:0
[126323091ms] [ERROR] Failed to load resource: net::ERR_INTERNET_DISCONNECTED @ https://de.xyz/api/btc-listings:0
[126323105ms] [ERROR] Failed to load resource: net::ERR_INTERNET_DISCONNECTED @ https://de.xyz/api/eth-listings:0
[126325927ms] [ERROR] Failed to load resource: net::ERR_INTERNET_DISCONNECTED @ https://de.xyz/api/activities:0
[126326476ms] [ERROR] Failed to load resource: net::ERR_INTERNET_DISCONNECTED @ https://de.xyz/api/listings:0
[126326485ms] [ERROR] Failed to load resource: net::ERR_INTERNET_DISCONNECTED @ https://de.xyz/api/btc-listings:0
[126326493ms] [ERROR] Failed to load resource: net::ERR_INTERNET_DISCONNECTED @ https://de.xyz/api/eth-listings:0
[126329079ms] [ERROR] Failed to load resource: net::ERR_INTERNET_DISCONNECTED @ https://de.xyz/api/activities:0
[126329204ms] [ERROR] Failed to load resource: net::ERR_INTERNET_DISCONNECTED @ https://de.xyz/api/activities:0
[126345738ms] [ERROR] Failed to load resource: net::ERR_INTERNET_DISCONNECTED @ https://de.xyz/api/listings:0
[126345739ms] [ERROR] Failed to load resource: net::ERR_INTERNET_DISCONNECTED @ https://de.xyz/api/eth-listings:0
[126345739ms] [ERROR] Failed to load resource: net::ERR_INTERNET_DISCONNECTED @ https://de.xyz/api/btc-listings:0
[126348879ms] [ERROR] Failed to load resource: net::ERR_INTERNET_DISCONNECTED @ https://de.xyz/api/eth-listings:0
[126348880ms] [ERROR] Failed to load resource: net::ERR_INTERNET_DISCONNECTED @ https://de.xyz/api/btc-listings:0
[126348880ms] [ERROR] Failed to load resource: net::ERR_INTERNET_DISCONNECTED @ https://de.xyz/api/listings:0
[126352166ms] [ERROR] Failed to load resource: net::ERR_INTERNET_DISCONNECTED @ https://de.xyz/api/eth-listings:0
[126352240ms] [ERROR] Failed to load resource: net::ERR_INTERNET_DISCONNECTED @ https://de.xyz/api/listings:0
[126352241ms] [ERROR] Failed to load resource: net::ERR_INTERNET_DISCONNECTED @ https://de.xyz/api/btc-listings:0
[126354494ms] [ERROR] Failed to load resource: net::ERR_INTERNET_DISCONNECTED @ https://de.xyz/api/activities:0
[126355502ms] [ERROR] Failed to load resource: net::ERR_INTERNET_DISCONNECTED @ https://de.xyz/api/eth-listings:0
[126355502ms] [ERROR] Failed to load resource: net::ERR_INTERNET_DISCONNECTED @ https://de.xyz/api/listings:0
[126355502ms] [ERROR] Failed to load resource: net::ERR_INTERNET_DISCONNECTED @ https://de.xyz/api/btc-listings:0
[126361564ms] [ERROR] Failed to load resource: net::ERR_INTERNET_DISCONNECTED @ https://de.xyz/api/activities:0
[126361729ms] [ERROR] Failed to load resource: net::ERR_INTERNET_DISCONNECTED @ https://de.xyz/api/eth-listings:0
[126361737ms] [ERROR] Failed to load resource: net::ERR_INTERNET_DISCONNECTED @ https://de.xyz/api/btc-listings:0
[126361737ms] [ERROR] Failed to load resource: net::ERR_INTERNET_DISCONNECTED @ https://de.xyz/api/listings:0
[126361737ms] [ERROR] Failed to load resource: net::ERR_INTERNET_DISCONNECTED @ https://de.xyz/api/activities:0
[126361737ms] [ERROR] Failed to load resource: net::ERR_INTERNET_DISCONNECTED @ https://de.xyz/api/y00ts-activities:0
[127329769ms] [ERROR] Failed to load resource: net::ERR_INTERNET_DISCONNECTED @ https://de.xyz/api/activities:0
[127330111ms] [ERROR] Failed to load resource: net::ERR_INTERNET_DISCONNECTED @ https://de.xyz/api/eth-listings:0
[127330111ms] [ERROR] Failed to load resource: net::ERR_INTERNET_DISCONNECTED @ https://de.xyz/api/btc-listings:0
[127330111ms] [ERROR] Failed to load resource: net::ERR_INTERNET_DISCONNECTED @ https://de.xyz/api/listings:0
[127332988ms] [ERROR] Failed to load resource: net::ERR_INTERNET_DISCONNECTED @ https://de.xyz/api/activities:0
[128268313ms] [ERROR] Failed to load resource: net::ERR_INTERNET_DISCONNECTED @ https://de.xyz/api/eth-listings:0
[128268327ms] [ERROR] Failed to load resource: net::ERR_INTERNET_DISCONNECTED @ https://de.xyz/api/btc-listings:0
[128268327ms] [ERROR] Failed to load resource: net::ERR_INTERNET_DISCONNECTED @ https://de.xyz/api/listings:0
[128408966ms] [ERROR] Failed to load resource: net::ERR_INTERNET_DISCONNECTED @ https://de.xyz/api/activities:0
[128413140ms] [ERROR] Failed to load resource: net::ERR_INTERNET_DISCONNECTED @ https://de.xyz/api/activities:0
[129456703ms] [ERROR] Failed to load resource: net::ERR_CONNECTION_CLOSED @ https://de.xyz/api/listings:0
[129456741ms] [ERROR] Failed to load resource: net::ERR_CONNECTION_CLOSED @ https://de.xyz/api/eth-listings:0
[129456749ms] [ERROR] Failed to load resource: net::ERR_CONNECTION_CLOSED @ https://de.xyz/api/btc-listings:0
[130332475ms] [ERROR] Failed to load resource: net::ERR_NAME_NOT_RESOLVED @ https://de.xyz/api/btc-listings:0
[130332509ms] [ERROR] Failed to load resource: net::ERR_NAME_NOT_RESOLVED @ https://de.xyz/api/eth-listings:0
[130332517ms] [ERROR] Failed to load resource: net::ERR_NAME_NOT_RESOLVED @ https://de.xyz/api/listings:0
[132636184ms] [ERROR] Failed to load resource: net::ERR_INTERNET_DISCONNECTED @ https://de.xyz/api/listings:0
[132636184ms] [ERROR] Failed to load resource: net::ERR_INTERNET_DISCONNECTED @ https://de.xyz/api/activities:0
[132636190ms] [ERROR] Failed to load resource: net::ERR_INTERNET_DISCONNECTED @ https://de.xyz/api/eth-listings:0
[132636209ms] [ERROR] Failed to load resource: net::ERR_INTERNET_DISCONNECTED @ https://de.xyz/api/btc-listings:0
