[  103637ms] [WARNING] A speculation rule set was inserted into the document but will be ignored. This might happen, for example, if it was previously inserted into another document, or if it was created using the innerHTML setter. @ https://www.google.com/search?q=how+do+i+get+a+paid+account+on+groq+cloud&num=10&sca_esv=6a0a97182983e41a&sxsrf=APpeQnt3JsXMuSoNRFqzzbUMSEjIm_ZcRQ%3A1789543361173&ei=wUOqauuWCsOEhbIPm7qysQk&biw=1512&bih=861&oq=how+do+I+get+a+paid+account+on+groq&gs_lp=Egxnd3Mtd2l6LXNlcnAiI2hvdyBkbyBJIGdldCBhIHBhaWQgYWNjb3VudCBvbiBncm9xKgUIARigATIFECEYoAEyBRAhGKABSL53UABYjixwAXgBkAEAmAGwAaABiBeqAQUyNi4xMLgBAcgBAPgBAZgCJaAC5hfCAg4QABiABBiKBRiRAhi0B8ICCxAAGIAEGIoFGJECwgIKEAAYgAQYigUYQ8ICEBAuGIAEGIoFGEMYxwEY0QPCAhMQLhiABBiKBRhDGLEDGMcBGNEDwgILEAAYgAQYsQMYgwHCAggQABiABBixA8ICCBAAGIAEGLQHwgILEC4YgAQYsQMYtAfCAgsQABiABBixAxi0B8ICBRAAGIAEwgILEAAYgAQYigUYsQPCAgYQABgWGB7CAggQABgIGB4YDcICCxAAGIAEGIoFGIYDwgIIEAAYiQUYogTCAgUQABjvBcICCBAAGIAEGKIEmAMA4gMFEgExIECSBwUyNy4xMKAHmdwBsgcFMjYuMTC4B-QXwgcGNi4yOC4zyAc-gAgB&sclient=gws-wiz-serp:35
[36780766ms] [ERROR] Failed to load resource: net::ERR_NETWORK_CHANGED @ https://claimavenue.com/api/skyline/air-ads:0
[36780767ms] [ERROR] Failed to load resource: net::ERR_NETWORK_CHANGED @ https://claimavenue.com/api/skyline/billboard-ads:0
[38265205ms] [ERROR] Failed to load resource: net::ERR_NETWORK_CHANGED @ https://claimavenue.com/api/skyline/air-ads:0
[38265205ms] [ERROR] Failed to load resource: net::ERR_NETWORK_CHANGED @ https://claimavenue.com/api/skyline/bootstrap:0
[38265205ms] [ERROR] Failed to load resource: net::ERR_NETWORK_CHANGED @ https://claimavenue.com/api/skyline/billboard-ads:0
[38265279ms] [ERROR] Failed to load resource: net::ERR_NETWORK_CHANGED @ https://claimavenue.com/api/skyline/reservations/holds:0
[39292932ms] [ERROR] Failed to load resource: net::ERR_NETWORK_CHANGED @ https://claimavenue.com/api/skyline/reservations/holds:0
[39620144ms] [ERROR] Failed to load resource: net::ERR_NETWORK_CHANGED @ https://claimavenue.com/api/skyline/statistics?live=1:0
[61379501ms] [ERROR] Failed to load resource: net::ERR_TIMED_OUT @ https://claimavenue.com/api/skyline/reservations/holds:0
[61379501ms] [ERROR] Failed to load resource: net::ERR_TIMED_OUT @ https://claimavenue.com/api/skyline/presence:0
[61379502ms] [ERROR] Failed to load resource: net::ERR_TIMED_OUT @ https://claimavenue.com/api/skyline/reservations/holds:0
[61379502ms] [ERROR] Failed to load resource: net::ERR_TIMED_OUT @ https://claimavenue.com/api/skyline/reservations/holds:0
[61379502ms] [ERROR] Failed to load resource: net::ERR_TIMED_OUT @ https://claimavenue.com/api/skyline/air-ads:0
[61379502ms] [ERROR] Failed to load resource: net::ERR_TIMED_OUT @ https://claimavenue.com/api/skyline/billboard-ads:0
[62895172ms] [ERROR] Failed to load resource: net::ERR_NETWORK_CHANGED @ https://claimavenue.com/api/skyline/statistics?live=1:0
[62895174ms] [ERROR] Failed to load resource: net::ERR_NETWORK_CHANGED @ https://claimavenue.com/api/skyline/bootstrap:0
[62895174ms] [ERROR] Failed to load resource: net::ERR_NETWORK_CHANGED @ https://claimavenue.com/api/skyline/reservations/holds:0
[62895184ms] [ERROR] Failed to load resource: net::ERR_NETWORK_CHANGED @ https://claimavenue.com/api/skyline/reservations/holds:0
[62895185ms] [ERROR] Failed to load resource: net::ERR_NETWORK_CHANGED @ https://claimavenue.com/api/skyline/air-ads/events:0
[62898374ms] [ERROR] Failed to load resource: net::ERR_NETWORK_CHANGED @ https://claimavenue.com/api/skyline/air-ads:0
[62898377ms] [ERROR] Failed to load resource: net::ERR_NETWORK_CHANGED @ https://claimavenue.com/api/skyline/billboard-ads:0
[62898378ms] [ERROR] Failed to load resource: net::ERR_NETWORK_CHANGED @ https://claimavenue.com/api/skyline/reservations/holds:0
[63949194ms] [ERROR] Failed to load resource: net::ERR_NETWORK_CHANGED @ https://claimavenue.com/api/skyline/reservations/holds:0
[63949197ms] [ERROR] Failed to load resource: net::ERR_NETWORK_CHANGED @ https://claimavenue.com/api/skyline/air-ads:0
[63949198ms] [ERROR] Failed to load resource: net::ERR_NETWORK_CHANGED @ https://claimavenue.com/api/skyline/billboard-ads:0
[63949198ms] [ERROR] Failed to load resource: net::ERR_NETWORK_CHANGED @ https://claimavenue.com/api/skyline/reservations/holds:0
[63951474ms] [ERROR] Failed to load resource: net::ERR_NETWORK_CHANGED @ https://claimavenue.com/api/skyline/presence:0
[63951475ms] [ERROR] Failed to load resource: net::ERR_NETWORK_CHANGED @ https://claimavenue.com/api/skyline/statistics?live=1:0
[65927244ms] [ERROR] Failed to load resource: net::ERR_NETWORK_CHANGED @ https://claimavenue.com/api/skyline/air-ads/events:0
[65927245ms] [ERROR] Failed to load resource: net::ERR_NETWORK_CHANGED @ https://claimavenue.com/api/skyline/statistics?live=1:0
[65927245ms] [ERROR] Failed to load resource: net::ERR_NETWORK_CHANGED @ https://claimavenue.com/api/skyline/reservations/holds:0
[65927245ms] [ERROR] Failed to load resource: net::ERR_NETWORK_CHANGED @ https://claimavenue.com/api/skyline/air-ads:0
[65927245ms] [ERROR] Failed to load resource: net::ERR_NETWORK_CHANGED @ https://claimavenue.com/api/skyline/billboard-ads:0
[65927245ms] [ERROR] Failed to load resource: net::ERR_NETWORK_CHANGED @ https://claimavenue.com/api/skyline/reservations/holds:0
[66885595ms] [ERROR] Failed to load resource: net::ERR_NETWORK_CHANGED @ https://claimavenue.com/api/skyline/presence:0
[66885595ms] [ERROR] Failed to load resource: net::ERR_NETWORK_CHANGED @ https://claimavenue.com/api/skyline/reservations/holds:0
[66885596ms] [ERROR] Failed to load resource: net::ERR_NETWORK_CHANGED @ https://claimavenue.com/api/skyline/reservations/holds:0
[66885597ms] [ERROR] Failed to load resource: net::ERR_NETWORK_CHANGED @ https://claimavenue.com/api/skyline/air-ads:0
[66885598ms] [ERROR] Failed to load resource: net::ERR_NETWORK_CHANGED @ https://claimavenue.com/api/skyline/bootstrap:0
[66885599ms] [ERROR] Failed to load resource: net::ERR_NETWORK_CHANGED @ https://claimavenue.com/api/skyline/statistics?live=1:0
[66885600ms] [ERROR] Failed to load resource: net::ERR_NETWORK_CHANGED @ https://claimavenue.com/api/skyline/billboard-ads:0
[67880924ms] [ERROR] Failed to load resource: net::ERR_NAME_NOT_RESOLVED @ https://claimavenue.com/api/skyline/reservations/holds:0
[67880925ms] [ERROR] Failed to load resource: net::ERR_NAME_NOT_RESOLVED @ https://claimavenue.com/api/skyline/reservations/holds:0
[67880925ms] [ERROR] Failed to load resource: net::ERR_NAME_NOT_RESOLVED @ https://claimavenue.com/api/skyline/statistics?live=1:0
[68888356ms] [ERROR] Failed to load resource: net::ERR_NAME_NOT_RESOLVED @ https://claimavenue.com/api/skyline/reservations/holds:0
[68888356ms] [ERROR] Failed to load resource: net::ERR_NAME_NOT_RESOLVED @ https://claimavenue.com/api/skyline/air-ads:0
[68888356ms] [ERROR] Failed to load resource: net::ERR_NAME_NOT_RESOLVED @ https://claimavenue.com/api/skyline/billboard-ads:0
[68888357ms] [ERROR] Failed to load resource: net::ERR_NAME_NOT_RESOLVED @ https://claimavenue.com/api/skyline/reservations/holds:0
[68888357ms] [ERROR] Failed to load resource: net::ERR_NAME_NOT_RESOLVED @ https://claimavenue.com/api/skyline/statistics?live=1:0
[69834883ms] [ERROR] Failed to load resource: net::ERR_NAME_NOT_RESOLVED @ https://claimavenue.com/api/skyline/presence:0
[69834883ms] [ERROR] Failed to load resource: net::ERR_NAME_NOT_RESOLVED @ https://claimavenue.com/api/skyline/reservations/holds:0
[69834884ms] [ERROR] Failed to load resource: net::ERR_NAME_NOT_RESOLVED @ https://claimavenue.com/api/skyline/bootstrap:0
[69834888ms] [ERROR] Failed to load resource: net::ERR_NAME_NOT_RESOLVED @ https://claimavenue.com/api/skyline/reservations/holds:0
[73693376ms] [ERROR] Failed to load resource: net::ERR_NETWORK_CHANGED @ https://claimavenue.com/api/skyline/reservations/holds:0
[73693377ms] [ERROR] Failed to load resource: net::ERR_NETWORK_CHANGED @ https://claimavenue.com/api/skyline/presence:0
[73693377ms] [ERROR] Failed to load resource: net::ERR_NETWORK_CHANGED @ https://claimavenue.com/api/skyline/air-ads:0
[73693377ms] [ERROR] Failed to load resource: net::ERR_NETWORK_CHANGED @ https://claimavenue.com/api/skyline/billboard-ads:0
[73693377ms] [ERROR] Failed to load resource: net::ERR_NETWORK_CHANGED @ https://claimavenue.com/api/skyline/statistics?live=1:0
[73693378ms] [ERROR] Failed to load resource: net::ERR_NETWORK_CHANGED @ https://claimavenue.com/api/skyline/reservations/holds:0
[73693378ms] [ERROR] Failed to load resource: net::ERR_NETWORK_CHANGED @ https://claimavenue.com/api/skyline/reservations/holds:0
[84822443ms] [ERROR] Failed to load resource: net::ERR_NETWORK_CHANGED @ https://claimavenue.com/api/skyline/reservations/holds:0
[85402728ms] [ERROR] Failed to load resource: net::ERR_NAME_NOT_RESOLVED @ https://claimavenue.com/api/skyline/reservations/holds:0
[87694953ms] [ERROR] Failed to load resource: net::ERR_NETWORK_CHANGED @ https://claimavenue.com/api/skyline/presence:0
[87694953ms] [ERROR] Failed to load resource: net::ERR_NETWORK_CHANGED @ https://claimavenue.com/api/skyline/air-ads:0
[87694953ms] [ERROR] Failed to load resource: net::ERR_NETWORK_CHANGED @ https://claimavenue.com/api/skyline/bootstrap:0
[87694954ms] [ERROR] Failed to load resource: net::ERR_NETWORK_CHANGED @ https://claimavenue.com/api/skyline/reservations/holds:0
[87694954ms] [ERROR] Failed to load resource: net::ERR_NETWORK_CHANGED @ https://claimavenue.com/api/skyline/billboard-ads:0
[87698754ms] [ERROR] Failed to load resource: net::ERR_NETWORK_CHANGED @ https://claimavenue.com/api/skyline/reservations/holds:0
[87698754ms] [ERROR] Failed to load resource: net::ERR_NETWORK_CHANGED @ https://claimavenue.com/api/skyline/reservations/holds:0
[87698754ms] [ERROR] Failed to load resource: net::ERR_NETWORK_CHANGED @ https://claimavenue.com/api/skyline/reservations/holds:0
[87698754ms] [ERROR] Failed to load resource: net::ERR_NETWORK_CHANGED @ https://claimavenue.com/api/skyline/reservations/holds:0
[112711689ms] [ERROR] Failed to load resource: net::ERR_NAME_NOT_RESOLVED @ https://claimavenue.com/api/skyline/statistics?live=1:0
[112711789ms] [ERROR] Failed to load resource: net::ERR_INTERNET_DISCONNECTED @ https://claimavenue.com/api/skyline/bootstrap:0
[112711790ms] [ERROR] Failed to load resource: net::ERR_INTERNET_DISCONNECTED @ https://claimavenue.com/api/skyline/presence:0
[112711792ms] [ERROR] Failed to load resource: net::ERR_INTERNET_DISCONNECTED @ https://claimavenue.com/api/skyline/reservations/holds:0
[112712069ms] [ERROR] Failed to load resource: net::ERR_INTERNET_DISCONNECTED @ https://claimavenue.com/api/skyline/reservations/holds:0
[112714021ms] [ERROR] Failed to load resource: net::ERR_INTERNET_DISCONNECTED @ https://claimavenue.com/api/skyline/billboard-ads:0
[112714022ms] [ERROR] Failed to load resource: net::ERR_INTERNET_DISCONNECTED @ https://claimavenue.com/api/skyline/air-ads:0
[112715099ms] [ERROR] Failed to load resource: net::ERR_INTERNET_DISCONNECTED @ https://claimavenue.com/api/skyline/reservations/holds:0
[112716750ms] [ERROR] Failed to load resource: net::ERR_INTERNET_DISCONNECTED @ https://claimavenue.com/api/skyline/statistics?live=1:0
[112718796ms] [ERROR] Failed to load resource: net::ERR_INTERNET_DISCONNECTED @ https://claimavenue.com/api/skyline/reservations/holds:0
[112721109ms] [ERROR] Failed to load resource: net::ERR_INTERNET_DISCONNECTED @ https://claimavenue.com/api/skyline/reservations/holds:0
[112721791ms] [ERROR] Failed to load resource: net::ERR_INTERNET_DISCONNECTED @ https://claimavenue.com/api/skyline/statistics?live=1:0
[112723826ms] [ERROR] Failed to load resource: net::ERR_INTERNET_DISCONNECTED @ https://claimavenue.com/api/skyline/presence:0
[112724060ms] [ERROR] Failed to load resource: net::ERR_INTERNET_DISCONNECTED @ https://claimavenue.com/api/skyline/air-ads:0
[112724067ms] [ERROR] Failed to load resource: net::ERR_INTERNET_DISCONNECTED @ https://claimavenue.com/api/skyline/bootstrap:0
[112724067ms] [ERROR] Failed to load resource: net::ERR_INTERNET_DISCONNECTED @ https://claimavenue.com/api/skyline/billboard-ads:0
[112724076ms] [ERROR] Failed to load resource: net::ERR_INTERNET_DISCONNECTED @ https://claimavenue.com/api/skyline/reservations/holds:0
[112726822ms] [ERROR] Failed to load resource: net::ERR_INTERNET_DISCONNECTED @ https://claimavenue.com/api/skyline/statistics?live=1:0
[112727191ms] [ERROR] Failed to load resource: net::ERR_INTERNET_DISCONNECTED @ https://claimavenue.com/api/skyline/reservations/holds:0
[112730094ms] [ERROR] Failed to load resource: net::ERR_INTERNET_DISCONNECTED @ https://claimavenue.com/api/skyline/reservations/holds:0
[112731854ms] [ERROR] Failed to load resource: net::ERR_INTERNET_DISCONNECTED @ https://claimavenue.com/api/skyline/statistics?live=1:0
[112733087ms] [ERROR] Failed to load resource: net::ERR_INTERNET_DISCONNECTED @ https://claimavenue.com/api/skyline/reservations/holds:0
[112733997ms] [ERROR] Failed to load resource: net::ERR_INTERNET_DISCONNECTED @ https://claimavenue.com/api/skyline/air-ads:0
[112734001ms] [ERROR] Failed to load resource: net::ERR_INTERNET_DISCONNECTED @ https://claimavenue.com/api/skyline/billboard-ads:0
[112735843ms] [ERROR] Failed to load resource: net::ERR_INTERNET_DISCONNECTED @ https://claimavenue.com/api/skyline/presence:0
[112736085ms] [ERROR] Failed to load resource: net::ERR_INTERNET_DISCONNECTED @ https://claimavenue.com/api/skyline/reservations/holds:0
[112736867ms] [ERROR] Failed to load resource: net::ERR_INTERNET_DISCONNECTED @ https://claimavenue.com/api/skyline/statistics?live=1:0
[112738997ms] [ERROR] Failed to load resource: net::ERR_INTERNET_DISCONNECTED @ https://claimavenue.com/api/skyline/bootstrap:0
[112739098ms] [ERROR] Failed to load resource: net::ERR_INTERNET_DISCONNECTED @ https://claimavenue.com/api/skyline/reservations/holds:0
[112741914ms] [ERROR] Failed to load resource: net::ERR_INTERNET_DISCONNECTED @ https://claimavenue.com/api/skyline/statistics?live=1:0
[112742103ms] [ERROR] Failed to load resource: net::ERR_INTERNET_DISCONNECTED @ https://claimavenue.com/api/skyline/reservations/holds:0
[112744048ms] [ERROR] Failed to load resource: net::ERR_INTERNET_DISCONNECTED @ https://claimavenue.com/api/skyline/air-ads:0
[112744053ms] [ERROR] Failed to load resource: net::ERR_INTERNET_DISCONNECTED @ https://claimavenue.com/api/skyline/billboard-ads:0
[112745073ms] [ERROR] Failed to load resource: net::ERR_INTERNET_DISCONNECTED @ https://claimavenue.com/api/skyline/reservations/holds:0
[112746966ms] [ERROR] Failed to load resource: net::ERR_INTERNET_DISCONNECTED @ https://claimavenue.com/api/skyline/statistics?live=1:0
[112747867ms] [ERROR] Failed to load resource: net::ERR_INTERNET_DISCONNECTED @ https://claimavenue.com/api/skyline/presence:0
[112748077ms] [ERROR] Failed to load resource: net::ERR_INTERNET_DISCONNECTED @ https://claimavenue.com/api/skyline/reservations/holds:0
[112751094ms] [ERROR] Failed to load resource: net::ERR_INTERNET_DISCONNECTED @ https://claimavenue.com/api/skyline/reservations/holds:0
[112751993ms] [ERROR] Failed to load resource: net::ERR_INTERNET_DISCONNECTED @ https://claimavenue.com/api/skyline/statistics?live=1:0
[112754001ms] [ERROR] Failed to load resource: net::ERR_INTERNET_DISCONNECTED @ https://claimavenue.com/api/skyline/billboard-ads:0
[112754017ms] [ERROR] Failed to load resource: net::ERR_INTERNET_DISCONNECTED @ https://claimavenue.com/api/skyline/bootstrap:0
[112754018ms] [ERROR] Failed to load resource: net::ERR_INTERNET_DISCONNECTED @ https://claimavenue.com/api/skyline/air-ads:0
[112754104ms] [ERROR] Failed to load resource: net::ERR_INTERNET_DISCONNECTED @ https://claimavenue.com/api/skyline/reservations/holds:0
[112757002ms] [ERROR] Failed to load resource: net::ERR_INTERNET_DISCONNECTED @ https://claimavenue.com/api/skyline/statistics?live=1:0
[112757058ms] [ERROR] Failed to load resource: net::ERR_INTERNET_DISCONNECTED @ https://claimavenue.com/api/skyline/reservations/holds:0
[112759877ms] [ERROR] Failed to load resource: net::ERR_INTERNET_DISCONNECTED @ https://claimavenue.com/api/skyline/presence:0
[112760058ms] [ERROR] Failed to load resource: net::ERR_INTERNET_DISCONNECTED @ https://claimavenue.com/api/skyline/reservations/holds:0
[113773251ms] [ERROR] Failed to load resource: net::ERR_INTERNET_DISCONNECTED @ https://claimavenue.com/api/skyline/statistics?live=1:0
[113774260ms] [ERROR] Failed to load resource: net::ERR_INTERNET_DISCONNECTED @ https://claimavenue.com/api/skyline/reservations/holds:0
[113775187ms] [ERROR] Failed to load resource: net::ERR_INTERNET_DISCONNECTED @ https://claimavenue.com/api/skyline/air-ads:0
[113775188ms] [ERROR] Failed to load resource: net::ERR_INTERNET_DISCONNECTED @ https://claimavenue.com/api/skyline/billboard-ads:0
[113777271ms] [ERROR] Failed to load resource: net::ERR_INTERNET_DISCONNECTED @ https://claimavenue.com/api/skyline/reservations/holds:0
[113778291ms] [ERROR] Failed to load resource: net::ERR_INTERNET_DISCONNECTED @ https://claimavenue.com/api/skyline/statistics?live=1:0
[113780190ms] [ERROR] Failed to load resource: net::ERR_INTERNET_DISCONNECTED @ https://claimavenue.com/api/skyline/bootstrap:0
[113780287ms] [ERROR] Failed to load resource: net::ERR_INTERNET_DISCONNECTED @ https://claimavenue.com/api/skyline/reservations/holds:0
[113783110ms] [ERROR] Failed to load resource: net::ERR_INTERNET_DISCONNECTED @ https://claimavenue.com/api/skyline/presence:0
[113783277ms] [ERROR] Failed to load resource: net::ERR_INTERNET_DISCONNECTED @ https://claimavenue.com/api/skyline/reservations/holds:0
[113783306ms] [ERROR] Failed to load resource: net::ERR_INTERNET_DISCONNECTED @ https://claimavenue.com/api/skyline/statistics?live=1:0
[113785195ms] [ERROR] Failed to load resource: net::ERR_INTERNET_DISCONNECTED @ https://claimavenue.com/api/skyline/air-ads:0
[113785202ms] [ERROR] Failed to load resource: net::ERR_INTERNET_DISCONNECTED @ https://claimavenue.com/api/skyline/billboard-ads:0
[113786277ms] [ERROR] Failed to load resource: net::ERR_INTERNET_DISCONNECTED @ https://claimavenue.com/api/skyline/reservations/holds:0
[113788328ms] [ERROR] Failed to load resource: net::ERR_INTERNET_DISCONNECTED @ https://claimavenue.com/api/skyline/statistics?live=1:0
[113789308ms] [ERROR] Failed to load resource: net::ERR_INTERNET_DISCONNECTED @ https://claimavenue.com/api/skyline/reservations/holds:0
[113792268ms] [ERROR] Failed to load resource: net::ERR_INTERNET_DISCONNECTED @ https://claimavenue.com/api/skyline/reservations/holds:0
[113793343ms] [ERROR] Failed to load resource: net::ERR_INTERNET_DISCONNECTED @ https://claimavenue.com/api/skyline/statistics?live=1:0
[113795131ms] [ERROR] Failed to load resource: net::ERR_INTERNET_DISCONNECTED @ https://claimavenue.com/api/skyline/presence:0
[113795264ms] [ERROR] Failed to load resource: net::ERR_INTERNET_DISCONNECTED @ https://claimavenue.com/api/skyline/air-ads:0
[113795266ms] [ERROR] Failed to load resource: net::ERR_INTERNET_DISCONNECTED @ https://claimavenue.com/api/skyline/billboard-ads:0
[113795266ms] [ERROR] Failed to load resource: net::ERR_INTERNET_DISCONNECTED @ https://claimavenue.com/api/skyline/bootstrap:0
[113796865ms] [ERROR] Failed to load resource: net::ERR_INTERNET_DISCONNECTED @ https://claimavenue.com/api/skyline/reservations/holds:0
[113798280ms] [ERROR] Failed to load resource: net::ERR_INTERNET_DISCONNECTED @ https://claimavenue.com/api/skyline/reservations/holds:0
[113798355ms] [ERROR] Failed to load resource: net::ERR_INTERNET_DISCONNECTED @ https://claimavenue.com/api/skyline/statistics?live=1:0
[113801270ms] [ERROR] Failed to load resource: net::ERR_INTERNET_DISCONNECTED @ https://claimavenue.com/api/skyline/reservations/holds:0
[113803366ms] [ERROR] Failed to load resource: net::ERR_INTERNET_DISCONNECTED @ https://claimavenue.com/api/skyline/statistics?live=1:0
[113804267ms] [ERROR] Failed to load resource: net::ERR_INTERNET_DISCONNECTED @ https://claimavenue.com/api/skyline/reservations/holds:0
[113805207ms] [ERROR] Failed to load resource: net::ERR_INTERNET_DISCONNECTED @ https://claimavenue.com/api/skyline/billboard-ads:0
[113805213ms] [ERROR] Failed to load resource: net::ERR_INTERNET_DISCONNECTED @ https://claimavenue.com/api/skyline/air-ads:0
[113807156ms] [ERROR] Failed to load resource: net::ERR_INTERNET_DISCONNECTED @ https://claimavenue.com/api/skyline/presence:0
[113807281ms] [ERROR] Failed to load resource: net::ERR_INTERNET_DISCONNECTED @ https://claimavenue.com/api/skyline/reservations/holds:0
[113808376ms] [ERROR] Failed to load resource: net::ERR_INTERNET_DISCONNECTED @ https://claimavenue.com/api/skyline/statistics?live=1:0
[113810184ms] [ERROR] Failed to load resource: net::ERR_INTERNET_DISCONNECTED @ https://claimavenue.com/api/skyline/bootstrap:0
[113810261ms] [ERROR] Failed to load resource: net::ERR_INTERNET_DISCONNECTED @ https://claimavenue.com/api/skyline/reservations/holds:0
[114743495ms] [ERROR] Failed to load resource: net::ERR_INTERNET_DISCONNECTED @ https://claimavenue.com/api/skyline/reservations/holds:0
[114743610ms] [ERROR] Failed to load resource: net::ERR_INTERNET_DISCONNECTED @ https://claimavenue.com/api/skyline/statistics?live=1:0
[114745425ms] [ERROR] Failed to load resource: net::ERR_INTERNET_DISCONNECTED @ https://claimavenue.com/api/skyline/air-ads:0
[114745425ms] [ERROR] Failed to load resource: net::ERR_INTERNET_DISCONNECTED @ https://claimavenue.com/api/skyline/billboard-ads:0
[114746489ms] [ERROR] Failed to load resource: net::ERR_INTERNET_DISCONNECTED @ https://claimavenue.com/api/skyline/reservations/holds:0
[115077721ms] [ERROR] Failed to load resource: net::ERR_INTERNET_DISCONNECTED @ https://claimavenue.com/api/skyline/statistics?live=1:0
[115078453ms] [ERROR] Failed to load resource: net::ERR_INTERNET_DISCONNECTED @ https://claimavenue.com/api/skyline/presence:0
[115078556ms] [ERROR] Failed to load resource: net::ERR_INTERNET_DISCONNECTED @ https://claimavenue.com/api/skyline/reservations/holds:0
[115081577ms] [ERROR] Failed to load resource: net::ERR_INTERNET_DISCONNECTED @ https://claimavenue.com/api/skyline/reservations/holds:0
[115082791ms] [ERROR] Failed to load resource: net::ERR_INTERNET_DISCONNECTED @ https://claimavenue.com/api/skyline/statistics?live=1:0
[115084511ms] [ERROR] Failed to load resource: net::ERR_INTERNET_DISCONNECTED @ https://claimavenue.com/api/skyline/air-ads:0
[115084513ms] [ERROR] Failed to load resource: net::ERR_INTERNET_DISCONNECTED @ https://claimavenue.com/api/skyline/billboard-ads:0
[115084514ms] [ERROR] Failed to load resource: net::ERR_INTERNET_DISCONNECTED @ https://claimavenue.com/api/skyline/bootstrap:0
[115084547ms] [ERROR] Failed to load resource: net::ERR_INTERNET_DISCONNECTED @ https://claimavenue.com/api/skyline/reservations/holds:0
[115087551ms] [ERROR] Failed to load resource: net::ERR_INTERNET_DISCONNECTED @ https://claimavenue.com/api/skyline/reservations/holds:0
[115087797ms] [ERROR] Failed to load resource: net::ERR_INTERNET_DISCONNECTED @ https://claimavenue.com/api/skyline/statistics?live=1:0
[115090461ms] [ERROR] Failed to load resource: net::ERR_INTERNET_DISCONNECTED @ https://claimavenue.com/api/skyline/presence:0
[115090546ms] [ERROR] Failed to load resource: net::ERR_INTERNET_DISCONNECTED @ https://claimavenue.com/api/skyline/reservations/holds:0
[115092809ms] [ERROR] Failed to load resource: net::ERR_INTERNET_DISCONNECTED @ https://claimavenue.com/api/skyline/statistics?live=1:0
[115093548ms] [ERROR] Failed to load resource: net::ERR_INTERNET_DISCONNECTED @ https://claimavenue.com/api/skyline/reservations/holds:0
[115094472ms] [ERROR] Failed to load resource: net::ERR_INTERNET_DISCONNECTED @ https://claimavenue.com/api/skyline/air-ads:0
[115094473ms] [ERROR] Failed to load resource: net::ERR_INTERNET_DISCONNECTED @ https://claimavenue.com/api/skyline/billboard-ads:0
[115096553ms] [ERROR] Failed to load resource: net::ERR_INTERNET_DISCONNECTED @ https://claimavenue.com/api/skyline/reservations/holds:0
[115097816ms] [ERROR] Failed to load resource: net::ERR_INTERNET_DISCONNECTED @ https://claimavenue.com/api/skyline/statistics?live=1:0
[115099473ms] [ERROR] Failed to load resource: net::ERR_INTERNET_DISCONNECTED @ https://claimavenue.com/api/skyline/bootstrap:0
[115099549ms] [ERROR] Failed to load resource: net::ERR_INTERNET_DISCONNECTED @ https://claimavenue.com/api/skyline/reservations/holds:0
[115102467ms] [ERROR] Failed to load resource: net::ERR_INTERNET_DISCONNECTED @ https://claimavenue.com/api/skyline/presence:0
[115102549ms] [ERROR] Failed to load resource: net::ERR_INTERNET_DISCONNECTED @ https://claimavenue.com/api/skyline/reservations/holds:0
[115102829ms] [ERROR] Failed to load resource: net::ERR_INTERNET_DISCONNECTED @ https://claimavenue.com/api/skyline/statistics?live=1:0
[115104473ms] [ERROR] Failed to load resource: net::ERR_INTERNET_DISCONNECTED @ https://claimavenue.com/api/skyline/air-ads:0
[115104473ms] [ERROR] Failed to load resource: net::ERR_INTERNET_DISCONNECTED @ https://claimavenue.com/api/skyline/billboard-ads:0
[115105552ms] [ERROR] Failed to load resource: net::ERR_INTERNET_DISCONNECTED @ https://claimavenue.com/api/skyline/reservations/holds:0
[115107837ms] [ERROR] Failed to load resource: net::ERR_INTERNET_DISCONNECTED @ https://claimavenue.com/api/skyline/statistics?live=1:0
[115108551ms] [ERROR] Failed to load resource: net::ERR_INTERNET_DISCONNECTED @ https://claimavenue.com/api/skyline/reservations/holds:0
[115111559ms] [ERROR] Failed to load resource: net::ERR_INTERNET_DISCONNECTED @ https://claimavenue.com/api/skyline/reservations/holds:0
[115112848ms] [ERROR] Failed to load resource: net::ERR_INTERNET_DISCONNECTED @ https://claimavenue.com/api/skyline/statistics?live=1:0
[115114480ms] [ERROR] Failed to load resource: net::ERR_INTERNET_DISCONNECTED @ https://claimavenue.com/api/skyline/presence:0
[115114481ms] [ERROR] Failed to load resource: net::ERR_INTERNET_DISCONNECTED @ https://claimavenue.com/api/skyline/billboard-ads:0
[115114481ms] [ERROR] Failed to load resource: net::ERR_INTERNET_DISCONNECTED @ https://claimavenue.com/api/skyline/bootstrap:0
[115114482ms] [ERROR] Failed to load resource: net::ERR_INTERNET_DISCONNECTED @ https://claimavenue.com/api/skyline/air-ads:0
[115114558ms] [ERROR] Failed to load resource: net::ERR_INTERNET_DISCONNECTED @ https://claimavenue.com/api/skyline/reservations/holds:0
[115117554ms] [ERROR] Failed to load resource: net::ERR_INTERNET_DISCONNECTED @ https://claimavenue.com/api/skyline/reservations/holds:0
[115117853ms] [ERROR] Failed to load resource: net::ERR_INTERNET_DISCONNECTED @ https://claimavenue.com/api/skyline/statistics?live=1:0
[115120564ms] [ERROR] Failed to load resource: net::ERR_INTERNET_DISCONNECTED @ https://claimavenue.com/api/skyline/reservations/holds:0
[115122861ms] [ERROR] Failed to load resource: net::ERR_INTERNET_DISCONNECTED @ https://claimavenue.com/api/skyline/statistics?live=1:0
[115123551ms] [ERROR] Failed to load resource: net::ERR_INTERNET_DISCONNECTED @ https://claimavenue.com/api/skyline/reservations/holds:0
[115124484ms] [ERROR] Failed to load resource: net::ERR_INTERNET_DISCONNECTED @ https://claimavenue.com/api/skyline/air-ads:0
[115124484ms] [ERROR] Failed to load resource: net::ERR_INTERNET_DISCONNECTED @ https://claimavenue.com/api/skyline/billboard-ads:0
[115126495ms] [ERROR] Failed to load resource: net::ERR_INTERNET_DISCONNECTED @ https://claimavenue.com/api/skyline/presence:0
[115126547ms] [ERROR] Failed to load resource: net::ERR_INTERNET_DISCONNECTED @ https://claimavenue.com/api/skyline/reservations/holds:0
[115127867ms] [ERROR] Failed to load resource: net::ERR_INTERNET_DISCONNECTED @ https://claimavenue.com/api/skyline/statistics?live=1:0
[115129481ms] [ERROR] Failed to load resource: net::ERR_INTERNET_DISCONNECTED @ https://claimavenue.com/api/skyline/bootstrap:0
[115129549ms] [ERROR] Failed to load resource: net::ERR_INTERNET_DISCONNECTED @ https://claimavenue.com/api/skyline/reservations/holds:0
[115132547ms] [ERROR] Failed to load resource: net::ERR_INTERNET_DISCONNECTED @ https://claimavenue.com/api/skyline/reservations/holds:0
[115132880ms] [ERROR] Failed to load resource: net::ERR_INTERNET_DISCONNECTED @ https://claimavenue.com/api/skyline/statistics?live=1:0
[115134474ms] [ERROR] Failed to load resource: net::ERR_INTERNET_DISCONNECTED @ https://claimavenue.com/api/skyline/air-ads:0
[115134474ms] [ERROR] Failed to load resource: net::ERR_INTERNET_DISCONNECTED @ https://claimavenue.com/api/skyline/billboard-ads:0
[115135547ms] [ERROR] Failed to load resource: net::ERR_INTERNET_DISCONNECTED @ https://claimavenue.com/api/skyline/reservations/holds:0
[115137886ms] [ERROR] Failed to load resource: net::ERR_INTERNET_DISCONNECTED @ https://claimavenue.com/api/skyline/statistics?live=1:0
[115138503ms] [ERROR] Failed to load resource: net::ERR_INTERNET_DISCONNECTED @ https://claimavenue.com/api/skyline/presence:0
[115138548ms] [ERROR] Failed to load resource: net::ERR_INTERNET_DISCONNECTED @ https://claimavenue.com/api/skyline/reservations/holds:0
[115141547ms] [ERROR] Failed to load resource: net::ERR_INTERNET_DISCONNECTED @ https://claimavenue.com/api/skyline/reservations/holds:0
[115142895ms] [ERROR] Failed to load resource: net::ERR_INTERNET_DISCONNECTED @ https://claimavenue.com/api/skyline/statistics?live=1:0
[115144483ms] [ERROR] Failed to load resource: net::ERR_INTERNET_DISCONNECTED @ https://claimavenue.com/api/skyline/bootstrap:0
[115144483ms] [ERROR] Failed to load resource: net::ERR_INTERNET_DISCONNECTED @ https://claimavenue.com/api/skyline/air-ads:0
[115144484ms] [ERROR] Failed to load resource: net::ERR_INTERNET_DISCONNECTED @ https://claimavenue.com/api/skyline/billboard-ads:0
[115144547ms] [ERROR] Failed to load resource: net::ERR_INTERNET_DISCONNECTED @ https://claimavenue.com/api/skyline/reservations/holds:0
[115147551ms] [ERROR] Failed to load resource: net::ERR_INTERNET_DISCONNECTED @ https://claimavenue.com/api/skyline/reservations/holds:0
[115147903ms] [ERROR] Failed to load resource: net::ERR_INTERNET_DISCONNECTED @ https://claimavenue.com/api/skyline/statistics?live=1:0
[115150509ms] [ERROR] Failed to load resource: net::ERR_INTERNET_DISCONNECTED @ https://claimavenue.com/api/skyline/presence:0
[115150548ms] [ERROR] Failed to load resource: net::ERR_INTERNET_DISCONNECTED @ https://claimavenue.com/api/skyline/reservations/holds:0
[115152916ms] [ERROR] Failed to load resource: net::ERR_INTERNET_DISCONNECTED @ https://claimavenue.com/api/skyline/statistics?live=1:0
[115153554ms] [ERROR] Failed to load resource: net::ERR_INTERNET_DISCONNECTED @ https://claimavenue.com/api/skyline/reservations/holds:0
[115154476ms] [ERROR] Failed to load resource: net::ERR_INTERNET_DISCONNECTED @ https://claimavenue.com/api/skyline/air-ads:0
[115154476ms] [ERROR] Failed to load resource: net::ERR_INTERNET_DISCONNECTED @ https://claimavenue.com/api/skyline/billboard-ads:0
[115156549ms] [ERROR] Failed to load resource: net::ERR_INTERNET_DISCONNECTED @ https://claimavenue.com/api/skyline/reservations/holds:0
[115157923ms] [ERROR] Failed to load resource: net::ERR_INTERNET_DISCONNECTED @ https://claimavenue.com/api/skyline/statistics?live=1:0
[115159473ms] [ERROR] Failed to load resource: net::ERR_INTERNET_DISCONNECTED @ https://claimavenue.com/api/skyline/bootstrap:0
[115159550ms] [ERROR] Failed to load resource: net::ERR_INTERNET_DISCONNECTED @ https://claimavenue.com/api/skyline/reservations/holds:0
[115162517ms] [ERROR] Failed to load resource: net::ERR_INTERNET_DISCONNECTED @ https://claimavenue.com/api/skyline/presence:0
[115162553ms] [ERROR] Failed to load resource: net::ERR_INTERNET_DISCONNECTED @ https://claimavenue.com/api/skyline/reservations/holds:0
[115162929ms] [ERROR] Failed to load resource: net::ERR_INTERNET_DISCONNECTED @ https://claimavenue.com/api/skyline/statistics?live=1:0
[115164475ms] [ERROR] Failed to load resource: net::ERR_INTERNET_DISCONNECTED @ https://claimavenue.com/api/skyline/air-ads:0
[115164476ms] [ERROR] Failed to load resource: net::ERR_INTERNET_DISCONNECTED @ https://claimavenue.com/api/skyline/billboard-ads:0
[115165549ms] [ERROR] Failed to load resource: net::ERR_INTERNET_DISCONNECTED @ https://claimavenue.com/api/skyline/reservations/holds:0
[115167945ms] [ERROR] Failed to load resource: net::ERR_INTERNET_DISCONNECTED @ https://claimavenue.com/api/skyline/statistics?live=1:0
[115168550ms] [ERROR] Failed to load resource: net::ERR_INTERNET_DISCONNECTED @ https://claimavenue.com/api/skyline/reservations/holds:0
[115171548ms] [ERROR] Failed to load resource: net::ERR_INTERNET_DISCONNECTED @ https://claimavenue.com/api/skyline/reservations/holds:0
[115172954ms] [ERROR] Failed to load resource: net::ERR_INTERNET_DISCONNECTED @ https://claimavenue.com/api/skyline/statistics?live=1:0
[115174472ms] [ERROR] Failed to load resource: net::ERR_INTERNET_DISCONNECTED @ https://claimavenue.com/api/skyline/bootstrap:0
[115174474ms] [ERROR] Failed to load resource: net::ERR_INTERNET_DISCONNECTED @ https://claimavenue.com/api/skyline/air-ads:0
[115174474ms] [ERROR] Failed to load resource: net::ERR_INTERNET_DISCONNECTED @ https://claimavenue.com/api/skyline/billboard-ads:0
[115174524ms] [ERROR] Failed to load resource: net::ERR_INTERNET_DISCONNECTED @ https://claimavenue.com/api/skyline/presence:0
[115174548ms] [ERROR] Failed to load resource: net::ERR_INTERNET_DISCONNECTED @ https://claimavenue.com/api/skyline/reservations/holds:0
[115177551ms] [ERROR] Failed to load resource: net::ERR_INTERNET_DISCONNECTED @ https://claimavenue.com/api/skyline/reservations/holds:0
[115177962ms] [ERROR] Failed to load resource: net::ERR_INTERNET_DISCONNECTED @ https://claimavenue.com/api/skyline/statistics?live=1:0
[115180551ms] [ERROR] Failed to load resource: net::ERR_INTERNET_DISCONNECTED @ https://claimavenue.com/api/skyline/reservations/holds:0
[115182967ms] [ERROR] Failed to load resource: net::ERR_INTERNET_DISCONNECTED @ https://claimavenue.com/api/skyline/statistics?live=1:0
[115183547ms] [ERROR] Failed to load resource: net::ERR_INTERNET_DISCONNECTED @ https://claimavenue.com/api/skyline/reservations/holds:0
[115184474ms] [ERROR] Failed to load resource: net::ERR_INTERNET_DISCONNECTED @ https://claimavenue.com/api/skyline/air-ads:0
[115184474ms] [ERROR] Failed to load resource: net::ERR_INTERNET_DISCONNECTED @ https://claimavenue.com/api/skyline/billboard-ads:0
[115186532ms] [ERROR] Failed to load resource: net::ERR_INTERNET_DISCONNECTED @ https://claimavenue.com/api/skyline/presence:0
[115186548ms] [ERROR] Failed to load resource: net::ERR_INTERNET_DISCONNECTED @ https://claimavenue.com/api/skyline/reservations/holds:0
[115187972ms] [ERROR] Failed to load resource: net::ERR_INTERNET_DISCONNECTED @ https://claimavenue.com/api/skyline/statistics?live=1:0
[115189479ms] [ERROR] Failed to load resource: net::ERR_INTERNET_DISCONNECTED @ https://claimavenue.com/api/skyline/bootstrap:0
[115189558ms] [ERROR] Failed to load resource: net::ERR_INTERNET_DISCONNECTED @ https://claimavenue.com/api/skyline/reservations/holds:0
[115192565ms] [ERROR] Failed to load resource: net::ERR_INTERNET_DISCONNECTED @ https://claimavenue.com/api/skyline/reservations/holds:0
[115192978ms] [ERROR] Failed to load resource: net::ERR_INTERNET_DISCONNECTED @ https://claimavenue.com/api/skyline/statistics?live=1:0
[115194475ms] [ERROR] Failed to load resource: net::ERR_INTERNET_DISCONNECTED @ https://claimavenue.com/api/skyline/billboard-ads:0
[115194476ms] [ERROR] Failed to load resource: net::ERR_INTERNET_DISCONNECTED @ https://claimavenue.com/api/skyline/air-ads:0
[115195548ms] [ERROR] Failed to load resource: net::ERR_INTERNET_DISCONNECTED @ https://claimavenue.com/api/skyline/reservations/holds:0
[115197983ms] [ERROR] Failed to load resource: net::ERR_INTERNET_DISCONNECTED @ https://claimavenue.com/api/skyline/statistics?live=1:0
[115198539ms] [ERROR] Failed to load resource: net::ERR_INTERNET_DISCONNECTED @ https://claimavenue.com/api/skyline/presence:0
[115198548ms] [ERROR] Failed to load resource: net::ERR_INTERNET_DISCONNECTED @ https://claimavenue.com/api/skyline/reservations/holds:0
[115201549ms] [ERROR] Failed to load resource: net::ERR_INTERNET_DISCONNECTED @ https://claimavenue.com/api/skyline/reservations/holds:0
[115202990ms] [ERROR] Failed to load resource: net::ERR_INTERNET_DISCONNECTED @ https://claimavenue.com/api/skyline/statistics?live=1:0
[115204477ms] [ERROR] Failed to load resource: net::ERR_INTERNET_DISCONNECTED @ https://claimavenue.com/api/skyline/billboard-ads:0
[115204477ms] [ERROR] Failed to load resource: net::ERR_INTERNET_DISCONNECTED @ https://claimavenue.com/api/skyline/air-ads:0
[115204477ms] [ERROR] Failed to load resource: net::ERR_INTERNET_DISCONNECTED @ https://claimavenue.com/api/skyline/bootstrap:0
[115204548ms] [ERROR] Failed to load resource: net::ERR_INTERNET_DISCONNECTED @ https://claimavenue.com/api/skyline/reservations/holds:0
[115207549ms] [ERROR] Failed to load resource: net::ERR_INTERNET_DISCONNECTED @ https://claimavenue.com/api/skyline/reservations/holds:0
[115207995ms] [ERROR] Failed to load resource: net::ERR_INTERNET_DISCONNECTED @ https://claimavenue.com/api/skyline/statistics?live=1:0
[115210547ms] [ERROR] Failed to load resource: net::ERR_INTERNET_DISCONNECTED @ https://claimavenue.com/api/skyline/presence:0
[115210548ms] [ERROR] Failed to load resource: net::ERR_INTERNET_DISCONNECTED @ https://claimavenue.com/api/skyline/reservations/holds:0
[115213002ms] [ERROR] Failed to load resource: net::ERR_INTERNET_DISCONNECTED @ https://claimavenue.com/api/skyline/statistics?live=1:0
[115213552ms] [ERROR] Failed to load resource: net::ERR_INTERNET_DISCONNECTED @ https://claimavenue.com/api/skyline/reservations/holds:0
[115214479ms] [ERROR] Failed to load resource: net::ERR_INTERNET_DISCONNECTED @ https://claimavenue.com/api/skyline/air-ads:0
[115214481ms] [ERROR] Failed to load resource: net::ERR_INTERNET_DISCONNECTED @ https://claimavenue.com/api/skyline/billboard-ads:0
[115216557ms] [ERROR] Failed to load resource: net::ERR_INTERNET_DISCONNECTED @ https://claimavenue.com/api/skyline/reservations/holds:0
[115218014ms] [ERROR] Failed to load resource: net::ERR_INTERNET_DISCONNECTED @ https://claimavenue.com/api/skyline/statistics?live=1:0
[115219478ms] [ERROR] Failed to load resource: net::ERR_INTERNET_DISCONNECTED @ https://claimavenue.com/api/skyline/bootstrap:0
[115219553ms] [ERROR] Failed to load resource: net::ERR_INTERNET_DISCONNECTED @ https://claimavenue.com/api/skyline/reservations/holds:0
[115222555ms] [ERROR] Failed to load resource: net::ERR_INTERNET_DISCONNECTED @ https://claimavenue.com/api/skyline/reservations/holds:0
[115222556ms] [ERROR] Failed to load resource: net::ERR_INTERNET_DISCONNECTED @ https://claimavenue.com/api/skyline/presence:0
[115223021ms] [ERROR] Failed to load resource: net::ERR_INTERNET_DISCONNECTED @ https://claimavenue.com/api/skyline/statistics?live=1:0
[115224476ms] [ERROR] Failed to load resource: net::ERR_INTERNET_DISCONNECTED @ https://claimavenue.com/api/skyline/air-ads:0
[115224477ms] [ERROR] Failed to load resource: net::ERR_INTERNET_DISCONNECTED @ https://claimavenue.com/api/skyline/billboard-ads:0
[115225551ms] [ERROR] Failed to load resource: net::ERR_INTERNET_DISCONNECTED @ https://claimavenue.com/api/skyline/reservations/holds:0
[115228031ms] [ERROR] Failed to load resource: net::ERR_INTERNET_DISCONNECTED @ https://claimavenue.com/api/skyline/statistics?live=1:0
[115228552ms] [ERROR] Failed to load resource: net::ERR_INTERNET_DISCONNECTED @ https://claimavenue.com/api/skyline/reservations/holds:0
[115231558ms] [ERROR] Failed to load resource: net::ERR_INTERNET_DISCONNECTED @ https://claimavenue.com/api/skyline/reservations/holds:0
[115233041ms] [ERROR] Failed to load resource: net::ERR_INTERNET_DISCONNECTED @ https://claimavenue.com/api/skyline/statistics?live=1:0
[115234472ms] [ERROR] Failed to load resource: net::ERR_INTERNET_DISCONNECTED @ https://claimavenue.com/api/skyline/air-ads:0
[115234473ms] [ERROR] Failed to load resource: net::ERR_INTERNET_DISCONNECTED @ https://claimavenue.com/api/skyline/billboard-ads:0
[115234473ms] [ERROR] Failed to load resource: net::ERR_INTERNET_DISCONNECTED @ https://claimavenue.com/api/skyline/bootstrap:0
[115234549ms] [ERROR] Failed to load resource: net::ERR_INTERNET_DISCONNECTED @ https://claimavenue.com/api/skyline/reservations/holds:0
[115234563ms] [ERROR] Failed to load resource: net::ERR_INTERNET_DISCONNECTED @ https://claimavenue.com/api/skyline/presence:0
[115237555ms] [ERROR] Failed to load resource: net::ERR_INTERNET_DISCONNECTED @ https://claimavenue.com/api/skyline/reservations/holds:0
[115238046ms] [ERROR] Failed to load resource: net::ERR_INTERNET_DISCONNECTED @ https://claimavenue.com/api/skyline/statistics?live=1:0
[115240550ms] [ERROR] Failed to load resource: net::ERR_INTERNET_DISCONNECTED @ https://claimavenue.com/api/skyline/reservations/holds:0
[115243057ms] [ERROR] Failed to load resource: net::ERR_INTERNET_DISCONNECTED @ https://claimavenue.com/api/skyline/statistics?live=1:0
[115243550ms] [ERROR] Failed to load resource: net::ERR_INTERNET_DISCONNECTED @ https://claimavenue.com/api/skyline/reservations/holds:0
[115244478ms] [ERROR] Failed to load resource: net::ERR_INTERNET_DISCONNECTED @ https://claimavenue.com/api/skyline/air-ads:0
[115244479ms] [ERROR] Failed to load resource: net::ERR_INTERNET_DISCONNECTED @ https://claimavenue.com/api/skyline/billboard-ads:0
[115246552ms] [ERROR] Failed to load resource: net::ERR_INTERNET_DISCONNECTED @ https://claimavenue.com/api/skyline/reservations/holds:0
[115246573ms] [ERROR] Failed to load resource: net::ERR_INTERNET_DISCONNECTED @ https://claimavenue.com/api/skyline/presence:0
[115248065ms] [ERROR] Failed to load resource: net::ERR_INTERNET_DISCONNECTED @ https://claimavenue.com/api/skyline/statistics?live=1:0
[115249477ms] [ERROR] Failed to load resource: net::ERR_INTERNET_DISCONNECTED @ https://claimavenue.com/api/skyline/bootstrap:0
[115249551ms] [ERROR] Failed to load resource: net::ERR_INTERNET_DISCONNECTED @ https://claimavenue.com/api/skyline/reservations/holds:0
[115252556ms] [ERROR] Failed to load resource: net::ERR_INTERNET_DISCONNECTED @ https://claimavenue.com/api/skyline/reservations/holds:0
[115253070ms] [ERROR] Failed to load resource: net::ERR_INTERNET_DISCONNECTED @ https://claimavenue.com/api/skyline/statistics?live=1:0
[115254474ms] [ERROR] Failed to load resource: net::ERR_INTERNET_DISCONNECTED @ https://claimavenue.com/api/skyline/air-ads:0
[115254474ms] [ERROR] Failed to load resource: net::ERR_INTERNET_DISCONNECTED @ https://claimavenue.com/api/skyline/billboard-ads:0
[115255552ms] [ERROR] Failed to load resource: net::ERR_INTERNET_DISCONNECTED @ https://claimavenue.com/api/skyline/reservations/holds:0
[115258080ms] [ERROR] Failed to load resource: net::ERR_INTERNET_DISCONNECTED @ https://claimavenue.com/api/skyline/statistics?live=1:0
[115258549ms] [ERROR] Failed to load resource: net::ERR_INTERNET_DISCONNECTED @ https://claimavenue.com/api/skyline/reservations/holds:0
[115258580ms] [ERROR] Failed to load resource: net::ERR_INTERNET_DISCONNECTED @ https://claimavenue.com/api/skyline/presence:0
[115261549ms] [ERROR] Failed to load resource: net::ERR_INTERNET_DISCONNECTED @ https://claimavenue.com/api/skyline/reservations/holds:0
[115263086ms] [ERROR] Failed to load resource: net::ERR_INTERNET_DISCONNECTED @ https://claimavenue.com/api/skyline/statistics?live=1:0
[115264476ms] [ERROR] Failed to load resource: net::ERR_INTERNET_DISCONNECTED @ https://claimavenue.com/api/skyline/bootstrap:0
[115264477ms] [ERROR] Failed to load resource: net::ERR_INTERNET_DISCONNECTED @ https://claimavenue.com/api/skyline/air-ads:0
[115264477ms] [ERROR] Failed to load resource: net::ERR_INTERNET_DISCONNECTED @ https://claimavenue.com/api/skyline/billboard-ads:0
[115264555ms] [ERROR] Failed to load resource: net::ERR_INTERNET_DISCONNECTED @ https://claimavenue.com/api/skyline/reservations/holds:0
[115267549ms] [ERROR] Failed to load resource: net::ERR_INTERNET_DISCONNECTED @ https://claimavenue.com/api/skyline/reservations/holds:0
[115268095ms] [ERROR] Failed to load resource: net::ERR_INTERNET_DISCONNECTED @ https://claimavenue.com/api/skyline/statistics?live=1:0
[115270550ms] [ERROR] Failed to load resource: net::ERR_INTERNET_DISCONNECTED @ https://claimavenue.com/api/skyline/reservations/holds:0
[115270592ms] [ERROR] Failed to load resource: net::ERR_INTERNET_DISCONNECTED @ https://claimavenue.com/api/skyline/presence:0
[115273106ms] [ERROR] Failed to load resource: net::ERR_INTERNET_DISCONNECTED @ https://claimavenue.com/api/skyline/statistics?live=1:0
[115273551ms] [ERROR] Failed to load resource: net::ERR_INTERNET_DISCONNECTED @ https://claimavenue.com/api/skyline/reservations/holds:0
[115274478ms] [ERROR] Failed to load resource: net::ERR_INTERNET_DISCONNECTED @ https://claimavenue.com/api/skyline/air-ads:0
[115274479ms] [ERROR] Failed to load resource: net::ERR_INTERNET_DISCONNECTED @ https://claimavenue.com/api/skyline/billboard-ads:0
[115276558ms] [ERROR] Failed to load resource: net::ERR_INTERNET_DISCONNECTED @ https://claimavenue.com/api/skyline/reservations/holds:0
[115278112ms] [ERROR] Failed to load resource: net::ERR_INTERNET_DISCONNECTED @ https://claimavenue.com/api/skyline/statistics?live=1:0
[115279473ms] [ERROR] Failed to load resource: net::ERR_INTERNET_DISCONNECTED @ https://claimavenue.com/api/skyline/bootstrap:0
[115279556ms] [ERROR] Failed to load resource: net::ERR_INTERNET_DISCONNECTED @ https://claimavenue.com/api/skyline/reservations/holds:0
[115282549ms] [ERROR] Failed to load resource: net::ERR_INTERNET_DISCONNECTED @ https://claimavenue.com/api/skyline/reservations/holds:0
[115282597ms] [ERROR] Failed to load resource: net::ERR_INTERNET_DISCONNECTED @ https://claimavenue.com/api/skyline/presence:0
[115283121ms] [ERROR] Failed to load resource: net::ERR_INTERNET_DISCONNECTED @ https://claimavenue.com/api/skyline/statistics?live=1:0
[115284476ms] [ERROR] Failed to load resource: net::ERR_INTERNET_DISCONNECTED @ https://claimavenue.com/api/skyline/air-ads:0
[115284476ms] [ERROR] Failed to load resource: net::ERR_INTERNET_DISCONNECTED @ https://claimavenue.com/api/skyline/billboard-ads:0
[115285548ms] [ERROR] Failed to load resource: net::ERR_INTERNET_DISCONNECTED @ https://claimavenue.com/api/skyline/reservations/holds:0
[115288127ms] [ERROR] Failed to load resource: net::ERR_INTERNET_DISCONNECTED @ https://claimavenue.com/api/skyline/statistics?live=1:0
[115288549ms] [ERROR] Failed to load resource: net::ERR_INTERNET_DISCONNECTED @ https://claimavenue.com/api/skyline/reservations/holds:0
[115291557ms] [ERROR] Failed to load resource: net::ERR_INTERNET_DISCONNECTED @ https://claimavenue.com/api/skyline/reservations/holds:0
[115293134ms] [ERROR] Failed to load resource: net::ERR_INTERNET_DISCONNECTED @ https://claimavenue.com/api/skyline/statistics?live=1:0
[115294476ms] [ERROR] Failed to load resource: net::ERR_INTERNET_DISCONNECTED @ https://claimavenue.com/api/skyline/air-ads:0
[115294476ms] [ERROR] Failed to load resource: net::ERR_INTERNET_DISCONNECTED @ https://claimavenue.com/api/skyline/billboard-ads:0
[115294476ms] [ERROR] Failed to load resource: net::ERR_INTERNET_DISCONNECTED @ https://claimavenue.com/api/skyline/bootstrap:0
[115294548ms] [ERROR] Failed to load resource: net::ERR_INTERNET_DISCONNECTED @ https://claimavenue.com/api/skyline/reservations/holds:0
[115294602ms] [ERROR] Failed to load resource: net::ERR_INTERNET_DISCONNECTED @ https://claimavenue.com/api/skyline/presence:0
[115297553ms] [ERROR] Failed to load resource: net::ERR_INTERNET_DISCONNECTED @ https://claimavenue.com/api/skyline/reservations/holds:0
[115298143ms] [ERROR] Failed to load resource: net::ERR_INTERNET_DISCONNECTED @ https://claimavenue.com/api/skyline/statistics?live=1:0
[115300554ms] [ERROR] Failed to load resource: net::ERR_INTERNET_DISCONNECTED @ https://claimavenue.com/api/skyline/reservations/holds:0
[115303152ms] [ERROR] Failed to load resource: net::ERR_INTERNET_DISCONNECTED @ https://claimavenue.com/api/skyline/statistics?live=1:0
[115303550ms] [ERROR] Failed to load resource: net::ERR_INTERNET_DISCONNECTED @ https://claimavenue.com/api/skyline/reservations/holds:0
[115304473ms] [ERROR] Failed to load resource: net::ERR_INTERNET_DISCONNECTED @ https://claimavenue.com/api/skyline/air-ads:0
[115304474ms] [ERROR] Failed to load resource: net::ERR_INTERNET_DISCONNECTED @ https://claimavenue.com/api/skyline/billboard-ads:0
[115306551ms] [ERROR] Failed to load resource: net::ERR_INTERNET_DISCONNECTED @ https://claimavenue.com/api/skyline/reservations/holds:0
[115306610ms] [ERROR] Failed to load resource: net::ERR_INTERNET_DISCONNECTED @ https://claimavenue.com/api/skyline/presence:0
[115308157ms] [ERROR] Failed to load resource: net::ERR_INTERNET_DISCONNECTED @ https://claimavenue.com/api/skyline/statistics?live=1:0
[115309475ms] [ERROR] Failed to load resource: net::ERR_INTERNET_DISCONNECTED @ https://claimavenue.com/api/skyline/bootstrap:0
[115309553ms] [ERROR] Failed to load resource: net::ERR_INTERNET_DISCONNECTED @ https://claimavenue.com/api/skyline/reservations/holds:0
[115312549ms] [ERROR] Failed to load resource: net::ERR_INTERNET_DISCONNECTED @ https://claimavenue.com/api/skyline/reservations/holds:0
[115313164ms] [ERROR] Failed to load resource: net::ERR_INTERNET_DISCONNECTED @ https://claimavenue.com/api/skyline/statistics?live=1:0
[115314474ms] [ERROR] Failed to load resource: net::ERR_INTERNET_DISCONNECTED @ https://claimavenue.com/api/skyline/air-ads:0
[115314475ms] [ERROR] Failed to load resource: net::ERR_INTERNET_DISCONNECTED @ https://claimavenue.com/api/skyline/billboard-ads:0
[115315553ms] [ERROR] Failed to load resource: net::ERR_INTERNET_DISCONNECTED @ https://claimavenue.com/api/skyline/reservations/holds:0
[115318172ms] [ERROR] Failed to load resource: net::ERR_INTERNET_DISCONNECTED @ https://claimavenue.com/api/skyline/statistics?live=1:0
[115318549ms] [ERROR] Failed to load resource: net::ERR_INTERNET_DISCONNECTED @ https://claimavenue.com/api/skyline/reservations/holds:0
[115318615ms] [ERROR] Failed to load resource: net::ERR_INTERNET_DISCONNECTED @ https://claimavenue.com/api/skyline/presence:0
[115321549ms] [ERROR] Failed to load resource: net::ERR_INTERNET_DISCONNECTED @ https://claimavenue.com/api/skyline/reservations/holds:0
[115323178ms] [ERROR] Failed to load resource: net::ERR_INTERNET_DISCONNECTED @ https://claimavenue.com/api/skyline/statistics?live=1:0
[115324475ms] [ERROR] Failed to load resource: net::ERR_INTERNET_DISCONNECTED @ https://claimavenue.com/api/skyline/billboard-ads:0
[115324475ms] [ERROR] Failed to load resource: net::ERR_INTERNET_DISCONNECTED @ https://claimavenue.com/api/skyline/bootstrap:0
[115324476ms] [ERROR] Failed to load resource: net::ERR_INTERNET_DISCONNECTED @ https://claimavenue.com/api/skyline/air-ads:0
[115324549ms] [ERROR] Failed to load resource: net::ERR_INTERNET_DISCONNECTED @ https://claimavenue.com/api/skyline/reservations/holds:0
[115327550ms] [ERROR] Failed to load resource: net::ERR_INTERNET_DISCONNECTED @ https://claimavenue.com/api/skyline/reservations/holds:0
[115328193ms] [ERROR] Failed to load resource: net::ERR_INTERNET_DISCONNECTED @ https://claimavenue.com/api/skyline/statistics?live=1:0
[115330552ms] [ERROR] Failed to load resource: net::ERR_INTERNET_DISCONNECTED @ https://claimavenue.com/api/skyline/reservations/holds:0
[115330621ms] [ERROR] Failed to load resource: net::ERR_INTERNET_DISCONNECTED @ https://claimavenue.com/api/skyline/presence:0
[115333206ms] [ERROR] Failed to load resource: net::ERR_INTERNET_DISCONNECTED @ https://claimavenue.com/api/skyline/statistics?live=1:0
[115333549ms] [ERROR] Failed to load resource: net::ERR_INTERNET_DISCONNECTED @ https://claimavenue.com/api/skyline/reservations/holds:0
[115334474ms] [ERROR] Failed to load resource: net::ERR_INTERNET_DISCONNECTED @ https://claimavenue.com/api/skyline/air-ads:0
[115334475ms] [ERROR] Failed to load resource: net::ERR_INTERNET_DISCONNECTED @ https://claimavenue.com/api/skyline/billboard-ads:0
[115336549ms] [ERROR] Failed to load resource: net::ERR_INTERNET_DISCONNECTED @ https://claimavenue.com/api/skyline/reservations/holds:0
[115338213ms] [ERROR] Failed to load resource: net::ERR_INTERNET_DISCONNECTED @ https://claimavenue.com/api/skyline/statistics?live=1:0
[115339476ms] [ERROR] Failed to load resource: net::ERR_INTERNET_DISCONNECTED @ https://claimavenue.com/api/skyline/bootstrap:0
[115339554ms] [ERROR] Failed to load resource: net::ERR_INTERNET_DISCONNECTED @ https://claimavenue.com/api/skyline/reservations/holds:0
[115342551ms] [ERROR] Failed to load resource: net::ERR_INTERNET_DISCONNECTED @ https://claimavenue.com/api/skyline/reservations/holds:0
[115342627ms] [ERROR] Failed to load resource: net::ERR_INTERNET_DISCONNECTED @ https://claimavenue.com/api/skyline/presence:0
[115343220ms] [ERROR] Failed to load resource: net::ERR_INTERNET_DISCONNECTED @ https://claimavenue.com/api/skyline/statistics?live=1:0
[115344477ms] [ERROR] Failed to load resource: net::ERR_INTERNET_DISCONNECTED @ https://claimavenue.com/api/skyline/air-ads:0
[115344477ms] [ERROR] Failed to load resource: net::ERR_INTERNET_DISCONNECTED @ https://claimavenue.com/api/skyline/billboard-ads:0
[115345550ms] [ERROR] Failed to load resource: net::ERR_INTERNET_DISCONNECTED @ https://claimavenue.com/api/skyline/reservations/holds:0
[115348226ms] [ERROR] Failed to load resource: net::ERR_INTERNET_DISCONNECTED @ https://claimavenue.com/api/skyline/statistics?live=1:0
[115348559ms] [ERROR] Failed to load resource: net::ERR_INTERNET_DISCONNECTED @ https://claimavenue.com/api/skyline/reservations/holds:0
[115351549ms] [ERROR] Failed to load resource: net::ERR_INTERNET_DISCONNECTED @ https://claimavenue.com/api/skyline/reservations/holds:0
[115353232ms] [ERROR] Failed to load resource: net::ERR_INTERNET_DISCONNECTED @ https://claimavenue.com/api/skyline/statistics?live=1:0
[115354478ms] [ERROR] Failed to load resource: net::ERR_INTERNET_DISCONNECTED @ https://claimavenue.com/api/skyline/air-ads:0
[115354481ms] [ERROR] Failed to load resource: net::ERR_INTERNET_DISCONNECTED @ https://claimavenue.com/api/skyline/billboard-ads:0
[115354486ms] [ERROR] Failed to load resource: net::ERR_INTERNET_DISCONNECTED @ https://claimavenue.com/api/skyline/bootstrap:0
[115354549ms] [ERROR] Failed to load resource: net::ERR_INTERNET_DISCONNECTED @ https://claimavenue.com/api/skyline/reservations/holds:0
[115354632ms] [ERROR] Failed to load resource: net::ERR_INTERNET_DISCONNECTED @ https://claimavenue.com/api/skyline/presence:0
[115357554ms] [ERROR] Failed to load resource: net::ERR_INTERNET_DISCONNECTED @ https://claimavenue.com/api/skyline/reservations/holds:0
[115358237ms] [ERROR] Failed to load resource: net::ERR_INTERNET_DISCONNECTED @ https://claimavenue.com/api/skyline/statistics?live=1:0
[115360550ms] [ERROR] Failed to load resource: net::ERR_INTERNET_DISCONNECTED @ https://claimavenue.com/api/skyline/reservations/holds:0
[115363243ms] [ERROR] Failed to load resource: net::ERR_INTERNET_DISCONNECTED @ https://claimavenue.com/api/skyline/statistics?live=1:0
[115363552ms] [ERROR] Failed to load resource: net::ERR_INTERNET_DISCONNECTED @ https://claimavenue.com/api/skyline/reservations/holds:0
[115364476ms] [ERROR] Failed to load resource: net::ERR_INTERNET_DISCONNECTED @ https://claimavenue.com/api/skyline/air-ads:0
[115364478ms] [ERROR] Failed to load resource: net::ERR_INTERNET_DISCONNECTED @ https://claimavenue.com/api/skyline/billboard-ads:0
[115366550ms] [ERROR] Failed to load resource: net::ERR_INTERNET_DISCONNECTED @ https://claimavenue.com/api/skyline/reservations/holds:0
[115366641ms] [ERROR] Failed to load resource: net::ERR_INTERNET_DISCONNECTED @ https://claimavenue.com/api/skyline/presence:0
[115368250ms] [ERROR] Failed to load resource: net::ERR_INTERNET_DISCONNECTED @ https://claimavenue.com/api/skyline/statistics?live=1:0
[115369475ms] [ERROR] Failed to load resource: net::ERR_INTERNET_DISCONNECTED @ https://claimavenue.com/api/skyline/bootstrap:0
[115369553ms] [ERROR] Failed to load resource: net::ERR_INTERNET_DISCONNECTED @ https://claimavenue.com/api/skyline/reservations/holds:0
[115372551ms] [ERROR] Failed to load resource: net::ERR_INTERNET_DISCONNECTED @ https://claimavenue.com/api/skyline/reservations/holds:0
[115373256ms] [ERROR] Failed to load resource: net::ERR_INTERNET_DISCONNECTED @ https://claimavenue.com/api/skyline/statistics?live=1:0
[115374474ms] [ERROR] Failed to load resource: net::ERR_INTERNET_DISCONNECTED @ https://claimavenue.com/api/skyline/air-ads:0
[115374474ms] [ERROR] Failed to load resource: net::ERR_INTERNET_DISCONNECTED @ https://claimavenue.com/api/skyline/billboard-ads:0
[115375549ms] [ERROR] Failed to load resource: net::ERR_INTERNET_DISCONNECTED @ https://claimavenue.com/api/skyline/reservations/holds:0
[115378265ms] [ERROR] Failed to load resource: net::ERR_INTERNET_DISCONNECTED @ https://claimavenue.com/api/skyline/statistics?live=1:0
[115378553ms] [ERROR] Failed to load resource: net::ERR_INTERNET_DISCONNECTED @ https://claimavenue.com/api/skyline/reservations/holds:0
[115378651ms] [ERROR] Failed to load resource: net::ERR_INTERNET_DISCONNECTED @ https://claimavenue.com/api/skyline/presence:0
[115381551ms] [ERROR] Failed to load resource: net::ERR_INTERNET_DISCONNECTED @ https://claimavenue.com/api/skyline/reservations/holds:0
[115383275ms] [ERROR] Failed to load resource: net::ERR_INTERNET_DISCONNECTED @ https://claimavenue.com/api/skyline/statistics?live=1:0
[115384487ms] [ERROR] Failed to load resource: net::ERR_INTERNET_DISCONNECTED @ https://claimavenue.com/api/skyline/air-ads:0
[115384487ms] [ERROR] Failed to load resource: net::ERR_INTERNET_DISCONNECTED @ https://claimavenue.com/api/skyline/bootstrap:0
[115384487ms] [ERROR] Failed to load resource: net::ERR_INTERNET_DISCONNECTED @ https://claimavenue.com/api/skyline/billboard-ads:0
[115384550ms] [ERROR] Failed to load resource: net::ERR_INTERNET_DISCONNECTED @ https://claimavenue.com/api/skyline/reservations/holds:0
[115387552ms] [ERROR] Failed to load resource: net::ERR_INTERNET_DISCONNECTED @ https://claimavenue.com/api/skyline/reservations/holds:0
[115388282ms] [ERROR] Failed to load resource: net::ERR_INTERNET_DISCONNECTED @ https://claimavenue.com/api/skyline/statistics?live=1:0
[115390549ms] [ERROR] Failed to load resource: net::ERR_INTERNET_DISCONNECTED @ https://claimavenue.com/api/skyline/reservations/holds:0
[115390657ms] [ERROR] Failed to load resource: net::ERR_INTERNET_DISCONNECTED @ https://claimavenue.com/api/skyline/presence:0
[115393290ms] [ERROR] Failed to load resource: net::ERR_INTERNET_DISCONNECTED @ https://claimavenue.com/api/skyline/statistics?live=1:0
[115393549ms] [ERROR] Failed to load resource: net::ERR_INTERNET_DISCONNECTED @ https://claimavenue.com/api/skyline/reservations/holds:0
[115394481ms] [ERROR] Failed to load resource: net::ERR_INTERNET_DISCONNECTED @ https://claimavenue.com/api/skyline/air-ads:0
[115394482ms] [ERROR] Failed to load resource: net::ERR_INTERNET_DISCONNECTED @ https://claimavenue.com/api/skyline/billboard-ads:0
[115396555ms] [ERROR] Failed to load resource: net::ERR_INTERNET_DISCONNECTED @ https://claimavenue.com/api/skyline/reservations/holds:0
[115398296ms] [ERROR] Failed to load resource: net::ERR_INTERNET_DISCONNECTED @ https://claimavenue.com/api/skyline/statistics?live=1:0
[115399480ms] [ERROR] Failed to load resource: net::ERR_INTERNET_DISCONNECTED @ https://claimavenue.com/api/skyline/bootstrap:0
[115399552ms] [ERROR] Failed to load resource: net::ERR_INTERNET_DISCONNECTED @ https://claimavenue.com/api/skyline/reservations/holds:0
[115402555ms] [ERROR] Failed to load resource: net::ERR_INTERNET_DISCONNECTED @ https://claimavenue.com/api/skyline/reservations/holds:0
[115402662ms] [ERROR] Failed to load resource: net::ERR_INTERNET_DISCONNECTED @ https://claimavenue.com/api/skyline/presence:0
[115403302ms] [ERROR] Failed to load resource: net::ERR_INTERNET_DISCONNECTED @ https://claimavenue.com/api/skyline/statistics?live=1:0
[115404475ms] [ERROR] Failed to load resource: net::ERR_INTERNET_DISCONNECTED @ https://claimavenue.com/api/skyline/air-ads:0
[115404479ms] [ERROR] Failed to load resource: net::ERR_INTERNET_DISCONNECTED @ https://claimavenue.com/api/skyline/billboard-ads:0
[115405553ms] [ERROR] Failed to load resource: net::ERR_INTERNET_DISCONNECTED @ https://claimavenue.com/api/skyline/reservations/holds:0
[115408307ms] [ERROR] Failed to load resource: net::ERR_INTERNET_DISCONNECTED @ https://claimavenue.com/api/skyline/statistics?live=1:0
[115408555ms] [ERROR] Failed to load resource: net::ERR_INTERNET_DISCONNECTED @ https://claimavenue.com/api/skyline/reservations/holds:0
[115411553ms] [ERROR] Failed to load resource: net::ERR_INTERNET_DISCONNECTED @ https://claimavenue.com/api/skyline/reservations/holds:0
[115413315ms] [ERROR] Failed to load resource: net::ERR_INTERNET_DISCONNECTED @ https://claimavenue.com/api/skyline/statistics?live=1:0
[115414474ms] [ERROR] Failed to load resource: net::ERR_INTERNET_DISCONNECTED @ https://claimavenue.com/api/skyline/bootstrap:0
[115414474ms] [ERROR] Failed to load resource: net::ERR_INTERNET_DISCONNECTED @ https://claimavenue.com/api/skyline/air-ads:0
[115414474ms] [ERROR] Failed to load resource: net::ERR_INTERNET_DISCONNECTED @ https://claimavenue.com/api/skyline/billboard-ads:0
[115414550ms] [ERROR] Failed to load resource: net::ERR_INTERNET_DISCONNECTED @ https://claimavenue.com/api/skyline/reservations/holds:0
[115414671ms] [ERROR] Failed to load resource: net::ERR_INTERNET_DISCONNECTED @ https://claimavenue.com/api/skyline/presence:0
[115417550ms] [ERROR] Failed to load resource: net::ERR_INTERNET_DISCONNECTED @ https://claimavenue.com/api/skyline/reservations/holds:0
[115418321ms] [ERROR] Failed to load resource: net::ERR_INTERNET_DISCONNECTED @ https://claimavenue.com/api/skyline/statistics?live=1:0
[115420551ms] [ERROR] Failed to load resource: net::ERR_INTERNET_DISCONNECTED @ https://claimavenue.com/api/skyline/reservations/holds:0
[115423339ms] [ERROR] Failed to load resource: net::ERR_INTERNET_DISCONNECTED @ https://claimavenue.com/api/skyline/statistics?live=1:0
[115423550ms] [ERROR] Failed to load resource: net::ERR_INTERNET_DISCONNECTED @ https://claimavenue.com/api/skyline/reservations/holds:0
[115424475ms] [ERROR] Failed to load resource: net::ERR_INTERNET_DISCONNECTED @ https://claimavenue.com/api/skyline/air-ads:0
[115424476ms] [ERROR] Failed to load resource: net::ERR_INTERNET_DISCONNECTED @ https://claimavenue.com/api/skyline/billboard-ads:0
[115426554ms] [ERROR] Failed to load resource: net::ERR_INTERNET_DISCONNECTED @ https://claimavenue.com/api/skyline/reservations/holds:0
[115426679ms] [ERROR] Failed to load resource: net::ERR_INTERNET_DISCONNECTED @ https://claimavenue.com/api/skyline/presence:0
[115428346ms] [ERROR] Failed to load resource: net::ERR_INTERNET_DISCONNECTED @ https://claimavenue.com/api/skyline/statistics?live=1:0
[115429480ms] [ERROR] Failed to load resource: net::ERR_INTERNET_DISCONNECTED @ https://claimavenue.com/api/skyline/bootstrap:0
[115429560ms] [ERROR] Failed to load resource: net::ERR_INTERNET_DISCONNECTED @ https://claimavenue.com/api/skyline/reservations/holds:0
[115432552ms] [ERROR] Failed to load resource: net::ERR_INTERNET_DISCONNECTED @ https://claimavenue.com/api/skyline/reservations/holds:0
[115433354ms] [ERROR] Failed to load resource: net::ERR_INTERNET_DISCONNECTED @ https://claimavenue.com/api/skyline/statistics?live=1:0
[115434482ms] [ERROR] Failed to load resource: net::ERR_INTERNET_DISCONNECTED @ https://claimavenue.com/api/skyline/air-ads:0
[115434483ms] [ERROR] Failed to load resource: net::ERR_INTERNET_DISCONNECTED @ https://claimavenue.com/api/skyline/billboard-ads:0
[115435551ms] [ERROR] Failed to load resource: net::ERR_INTERNET_DISCONNECTED @ https://claimavenue.com/api/skyline/reservations/holds:0
[115438359ms] [ERROR] Failed to load resource: net::ERR_INTERNET_DISCONNECTED @ https://claimavenue.com/api/skyline/statistics?live=1:0
[115438552ms] [ERROR] Failed to load resource: net::ERR_INTERNET_DISCONNECTED @ https://claimavenue.com/api/skyline/reservations/holds:0
[115438685ms] [ERROR] Failed to load resource: net::ERR_INTERNET_DISCONNECTED @ https://claimavenue.com/api/skyline/presence:0
[115441553ms] [ERROR] Failed to load resource: net::ERR_INTERNET_DISCONNECTED @ https://claimavenue.com/api/skyline/reservations/holds:0
[115443364ms] [ERROR] Failed to load resource: net::ERR_INTERNET_DISCONNECTED @ https://claimavenue.com/api/skyline/statistics?live=1:0
[115444479ms] [ERROR] Failed to load resource: net::ERR_INTERNET_DISCONNECTED @ https://claimavenue.com/api/skyline/billboard-ads:0
[115444481ms] [ERROR] Failed to load resource: net::ERR_INTERNET_DISCONNECTED @ https://claimavenue.com/api/skyline/bootstrap:0
[115444481ms] [ERROR] Failed to load resource: net::ERR_INTERNET_DISCONNECTED @ https://claimavenue.com/api/skyline/air-ads:0
[115444555ms] [ERROR] Failed to load resource: net::ERR_INTERNET_DISCONNECTED @ https://claimavenue.com/api/skyline/reservations/holds:0
[115447555ms] [ERROR] Failed to load resource: net::ERR_INTERNET_DISCONNECTED @ https://claimavenue.com/api/skyline/reservations/holds:0
[115448371ms] [ERROR] Failed to load resource: net::ERR_INTERNET_DISCONNECTED @ https://claimavenue.com/api/skyline/statistics?live=1:0
[115450554ms] [ERROR] Failed to load resource: net::ERR_INTERNET_DISCONNECTED @ https://claimavenue.com/api/skyline/reservations/holds:0
[115450695ms] [ERROR] Failed to load resource: net::ERR_INTERNET_DISCONNECTED @ https://claimavenue.com/api/skyline/presence:0
[115453376ms] [ERROR] Failed to load resource: net::ERR_INTERNET_DISCONNECTED @ https://claimavenue.com/api/skyline/statistics?live=1:0
[115453552ms] [ERROR] Failed to load resource: net::ERR_INTERNET_DISCONNECTED @ https://claimavenue.com/api/skyline/reservations/holds:0
[115454476ms] [ERROR] Failed to load resource: net::ERR_INTERNET_DISCONNECTED @ https://claimavenue.com/api/skyline/air-ads:0
[115454476ms] [ERROR] Failed to load resource: net::ERR_INTERNET_DISCONNECTED @ https://claimavenue.com/api/skyline/billboard-ads:0
[115456556ms] [ERROR] Failed to load resource: net::ERR_INTERNET_DISCONNECTED @ https://claimavenue.com/api/skyline/reservations/holds:0
[115458384ms] [ERROR] Failed to load resource: net::ERR_INTERNET_DISCONNECTED @ https://claimavenue.com/api/skyline/statistics?live=1:0
[115459475ms] [ERROR] Failed to load resource: net::ERR_INTERNET_DISCONNECTED @ https://claimavenue.com/api/skyline/bootstrap:0
[115459553ms] [ERROR] Failed to load resource: net::ERR_INTERNET_DISCONNECTED @ https://claimavenue.com/api/skyline/reservations/holds:0
[115462551ms] [ERROR] Failed to load resource: net::ERR_INTERNET_DISCONNECTED @ https://claimavenue.com/api/skyline/reservations/holds:0
[115462704ms] [ERROR] Failed to load resource: net::ERR_INTERNET_DISCONNECTED @ https://claimavenue.com/api/skyline/presence:0
[115463390ms] [ERROR] Failed to load resource: net::ERR_INTERNET_DISCONNECTED @ https://claimavenue.com/api/skyline/statistics?live=1:0
[115464480ms] [ERROR] Failed to load resource: net::ERR_INTERNET_DISCONNECTED @ https://claimavenue.com/api/skyline/air-ads:0
[115464480ms] [ERROR] Failed to load resource: net::ERR_INTERNET_DISCONNECTED @ https://claimavenue.com/api/skyline/billboard-ads:0
[115465550ms] [ERROR] Failed to load resource: net::ERR_INTERNET_DISCONNECTED @ https://claimavenue.com/api/skyline/reservations/holds:0
[115468395ms] [ERROR] Failed to load resource: net::ERR_INTERNET_DISCONNECTED @ https://claimavenue.com/api/skyline/statistics?live=1:0
[115468549ms] [ERROR] Failed to load resource: net::ERR_INTERNET_DISCONNECTED @ https://claimavenue.com/api/skyline/reservations/holds:0
[115471550ms] [ERROR] Failed to load resource: net::ERR_INTERNET_DISCONNECTED @ https://claimavenue.com/api/skyline/reservations/holds:0
[115473402ms] [ERROR] Failed to load resource: net::ERR_INTERNET_DISCONNECTED @ https://claimavenue.com/api/skyline/statistics?live=1:0
[115474480ms] [ERROR] Failed to load resource: net::ERR_INTERNET_DISCONNECTED @ https://claimavenue.com/api/skyline/air-ads:0
[115474481ms] [ERROR] Failed to load resource: net::ERR_INTERNET_DISCONNECTED @ https://claimavenue.com/api/skyline/bootstrap:0
[115474481ms] [ERROR] Failed to load resource: net::ERR_INTERNET_DISCONNECTED @ https://claimavenue.com/api/skyline/billboard-ads:0
[115474554ms] [ERROR] Failed to load resource: net::ERR_INTERNET_DISCONNECTED @ https://claimavenue.com/api/skyline/reservations/holds:0
[115474710ms] [ERROR] Failed to load resource: net::ERR_INTERNET_DISCONNECTED @ https://claimavenue.com/api/skyline/presence:0
[115477550ms] [ERROR] Failed to load resource: net::ERR_INTERNET_DISCONNECTED @ https://claimavenue.com/api/skyline/reservations/holds:0
[115478408ms] [ERROR] Failed to load resource: net::ERR_INTERNET_DISCONNECTED @ https://claimavenue.com/api/skyline/statistics?live=1:0
[115480555ms] [ERROR] Failed to load resource: net::ERR_INTERNET_DISCONNECTED @ https://claimavenue.com/api/skyline/reservations/holds:0
[115483415ms] [ERROR] Failed to load resource: net::ERR_INTERNET_DISCONNECTED @ https://claimavenue.com/api/skyline/statistics?live=1:0
[115483549ms] [ERROR] Failed to load resource: net::ERR_INTERNET_DISCONNECTED @ https://claimavenue.com/api/skyline/reservations/holds:0
[115484476ms] [ERROR] Failed to load resource: net::ERR_INTERNET_DISCONNECTED @ https://claimavenue.com/api/skyline/air-ads:0
[115484477ms] [ERROR] Failed to load resource: net::ERR_INTERNET_DISCONNECTED @ https://claimavenue.com/api/skyline/billboard-ads:0
[115486554ms] [ERROR] Failed to load resource: net::ERR_INTERNET_DISCONNECTED @ https://claimavenue.com/api/skyline/reservations/holds:0
[115486719ms] [ERROR] Failed to load resource: net::ERR_INTERNET_DISCONNECTED @ https://claimavenue.com/api/skyline/presence:0
[115488424ms] [ERROR] Failed to load resource: net::ERR_INTERNET_DISCONNECTED @ https://claimavenue.com/api/skyline/statistics?live=1:0
[115489485ms] [ERROR] Failed to load resource: net::ERR_INTERNET_DISCONNECTED @ https://claimavenue.com/api/skyline/bootstrap:0
[115489556ms] [ERROR] Failed to load resource: net::ERR_INTERNET_DISCONNECTED @ https://claimavenue.com/api/skyline/reservations/holds:0
[115492550ms] [ERROR] Failed to load resource: net::ERR_INTERNET_DISCONNECTED @ https://claimavenue.com/api/skyline/reservations/holds:0
[115493446ms] [ERROR] Failed to load resource: net::ERR_INTERNET_DISCONNECTED @ https://claimavenue.com/api/skyline/statistics?live=1:0
[115494477ms] [ERROR] Failed to load resource: net::ERR_INTERNET_DISCONNECTED @ https://claimavenue.com/api/skyline/air-ads:0
[115494478ms] [ERROR] Failed to load resource: net::ERR_INTERNET_DISCONNECTED @ https://claimavenue.com/api/skyline/billboard-ads:0
[115495554ms] [ERROR] Failed to load resource: net::ERR_INTERNET_DISCONNECTED @ https://claimavenue.com/api/skyline/reservations/holds:0
[115498453ms] [ERROR] Failed to load resource: net::ERR_INTERNET_DISCONNECTED @ https://claimavenue.com/api/skyline/statistics?live=1:0
[115498550ms] [ERROR] Failed to load resource: net::ERR_INTERNET_DISCONNECTED @ https://claimavenue.com/api/skyline/reservations/holds:0
[115498723ms] [ERROR] Failed to load resource: net::ERR_INTERNET_DISCONNECTED @ https://claimavenue.com/api/skyline/presence:0
[115501557ms] [ERROR] Failed to load resource: net::ERR_INTERNET_DISCONNECTED @ https://claimavenue.com/api/skyline/reservations/holds:0
[115503457ms] [ERROR] Failed to load resource: net::ERR_INTERNET_DISCONNECTED @ https://claimavenue.com/api/skyline/statistics?live=1:0
[115504475ms] [ERROR] Failed to load resource: net::ERR_INTERNET_DISCONNECTED @ https://claimavenue.com/api/skyline/air-ads:0
[115504476ms] [ERROR] Failed to load resource: net::ERR_INTERNET_DISCONNECTED @ https://claimavenue.com/api/skyline/bootstrap:0
[115504477ms] [ERROR] Failed to load resource: net::ERR_INTERNET_DISCONNECTED @ https://claimavenue.com/api/skyline/billboard-ads:0
[115504549ms] [ERROR] Failed to load resource: net::ERR_INTERNET_DISCONNECTED @ https://claimavenue.com/api/skyline/reservations/holds:0
[115507558ms] [ERROR] Failed to load resource: net::ERR_INTERNET_DISCONNECTED @ https://claimavenue.com/api/skyline/reservations/holds:0
[115508465ms] [ERROR] Failed to load resource: net::ERR_INTERNET_DISCONNECTED @ https://claimavenue.com/api/skyline/statistics?live=1:0
[115510555ms] [ERROR] Failed to load resource: net::ERR_INTERNET_DISCONNECTED @ https://claimavenue.com/api/skyline/reservations/holds:0
[115510730ms] [ERROR] Failed to load resource: net::ERR_INTERNET_DISCONNECTED @ https://claimavenue.com/api/skyline/presence:0
[115513470ms] [ERROR] Failed to load resource: net::ERR_INTERNET_DISCONNECTED @ https://claimavenue.com/api/skyline/statistics?live=1:0
[115513549ms] [ERROR] Failed to load resource: net::ERR_INTERNET_DISCONNECTED @ https://claimavenue.com/api/skyline/reservations/holds:0
[115514477ms] [ERROR] Failed to load resource: net::ERR_INTERNET_DISCONNECTED @ https://claimavenue.com/api/skyline/air-ads:0
[115514477ms] [ERROR] Failed to load resource: net::ERR_INTERNET_DISCONNECTED @ https://claimavenue.com/api/skyline/billboard-ads:0
[115516556ms] [ERROR] Failed to load resource: net::ERR_INTERNET_DISCONNECTED @ https://claimavenue.com/api/skyline/reservations/holds:0
[115518477ms] [ERROR] Failed to load resource: net::ERR_INTERNET_DISCONNECTED @ https://claimavenue.com/api/skyline/statistics?live=1:0
[115519477ms] [ERROR] Failed to load resource: net::ERR_INTERNET_DISCONNECTED @ https://claimavenue.com/api/skyline/bootstrap:0
[115519553ms] [ERROR] Failed to load resource: net::ERR_INTERNET_DISCONNECTED @ https://claimavenue.com/api/skyline/reservations/holds:0
[115522552ms] [ERROR] Failed to load resource: net::ERR_INTERNET_DISCONNECTED @ https://claimavenue.com/api/skyline/reservations/holds:0
[115522744ms] [ERROR] Failed to load resource: net::ERR_INTERNET_DISCONNECTED @ https://claimavenue.com/api/skyline/presence:0
[115523481ms] [ERROR] Failed to load resource: net::ERR_INTERNET_DISCONNECTED @ https://claimavenue.com/api/skyline/statistics?live=1:0
[115524479ms] [ERROR] Failed to load resource: net::ERR_INTERNET_DISCONNECTED @ https://claimavenue.com/api/skyline/air-ads:0
[115524480ms] [ERROR] Failed to load resource: net::ERR_INTERNET_DISCONNECTED @ https://claimavenue.com/api/skyline/billboard-ads:0
[115525556ms] [ERROR] Failed to load resource: net::ERR_INTERNET_DISCONNECTED @ https://claimavenue.com/api/skyline/reservations/holds:0
[115528488ms] [ERROR] Failed to load resource: net::ERR_INTERNET_DISCONNECTED @ https://claimavenue.com/api/skyline/statistics?live=1:0
[115528551ms] [ERROR] Failed to load resource: net::ERR_INTERNET_DISCONNECTED @ https://claimavenue.com/api/skyline/reservations/holds:0
[115531550ms] [ERROR] Failed to load resource: net::ERR_INTERNET_DISCONNECTED @ https://claimavenue.com/api/skyline/reservations/holds:0
[115533497ms] [ERROR] Failed to load resource: net::ERR_INTERNET_DISCONNECTED @ https://claimavenue.com/api/skyline/statistics?live=1:0
[115534477ms] [ERROR] Failed to load resource: net::ERR_INTERNET_DISCONNECTED @ https://claimavenue.com/api/skyline/bootstrap:0
[115534478ms] [ERROR] Failed to load resource: net::ERR_INTERNET_DISCONNECTED @ https://claimavenue.com/api/skyline/air-ads:0
[115534478ms] [ERROR] Failed to load resource: net::ERR_INTERNET_DISCONNECTED @ https://claimavenue.com/api/skyline/billboard-ads:0
[115534554ms] [ERROR] Failed to load resource: net::ERR_INTERNET_DISCONNECTED @ https://claimavenue.com/api/skyline/reservations/holds:0
[115534749ms] [ERROR] Failed to load resource: net::ERR_INTERNET_DISCONNECTED @ https://claimavenue.com/api/skyline/presence:0
[115537553ms] [ERROR] Failed to load resource: net::ERR_INTERNET_DISCONNECTED @ https://claimavenue.com/api/skyline/reservations/holds:0
[115538506ms] [ERROR] Failed to load resource: net::ERR_INTERNET_DISCONNECTED @ https://claimavenue.com/api/skyline/statistics?live=1:0
[115540550ms] [ERROR] Failed to load resource: net::ERR_INTERNET_DISCONNECTED @ https://claimavenue.com/api/skyline/reservations/holds:0
[115543512ms] [ERROR] Failed to load resource: net::ERR_INTERNET_DISCONNECTED @ https://claimavenue.com/api/skyline/statistics?live=1:0
[115543555ms] [ERROR] Failed to load resource: net::ERR_INTERNET_DISCONNECTED @ https://claimavenue.com/api/skyline/reservations/holds:0
[115544478ms] [ERROR] Failed to load resource: net::ERR_INTERNET_DISCONNECTED @ https://claimavenue.com/api/skyline/air-ads:0
[115544478ms] [ERROR] Failed to load resource: net::ERR_INTERNET_DISCONNECTED @ https://claimavenue.com/api/skyline/billboard-ads:0
[115546554ms] [ERROR] Failed to load resource: net::ERR_INTERNET_DISCONNECTED @ https://claimavenue.com/api/skyline/reservations/holds:0
[115546766ms] [ERROR] Failed to load resource: net::ERR_INTERNET_DISCONNECTED @ https://claimavenue.com/api/skyline/presence:0
[115548518ms] [ERROR] Failed to load resource: net::ERR_INTERNET_DISCONNECTED @ https://claimavenue.com/api/skyline/statistics?live=1:0
[115549478ms] [ERROR] Failed to load resource: net::ERR_INTERNET_DISCONNECTED @ https://claimavenue.com/api/skyline/bootstrap:0
[115549555ms] [ERROR] Failed to load resource: net::ERR_INTERNET_DISCONNECTED @ https://claimavenue.com/api/skyline/reservations/holds:0
[115552556ms] [ERROR] Failed to load resource: net::ERR_INTERNET_DISCONNECTED @ https://claimavenue.com/api/skyline/reservations/holds:0
[115553523ms] [ERROR] Failed to load resource: net::ERR_INTERNET_DISCONNECTED @ https://claimavenue.com/api/skyline/statistics?live=1:0
[115554475ms] [ERROR] Failed to load resource: net::ERR_INTERNET_DISCONNECTED @ https://claimavenue.com/api/skyline/air-ads:0
[115554475ms] [ERROR] Failed to load resource: net::ERR_INTERNET_DISCONNECTED @ https://claimavenue.com/api/skyline/billboard-ads:0
[115555551ms] [ERROR] Failed to load resource: net::ERR_INTERNET_DISCONNECTED @ https://claimavenue.com/api/skyline/reservations/holds:0
[115558532ms] [ERROR] Failed to load resource: net::ERR_INTERNET_DISCONNECTED @ https://claimavenue.com/api/skyline/statistics?live=1:0
[115558552ms] [ERROR] Failed to load resource: net::ERR_INTERNET_DISCONNECTED @ https://claimavenue.com/api/skyline/reservations/holds:0
[115558772ms] [ERROR] Failed to load resource: net::ERR_INTERNET_DISCONNECTED @ https://claimavenue.com/api/skyline/presence:0
[115561551ms] [ERROR] Failed to load resource: net::ERR_INTERNET_DISCONNECTED @ https://claimavenue.com/api/skyline/reservations/holds:0
[115563542ms] [ERROR] Failed to load resource: net::ERR_INTERNET_DISCONNECTED @ https://claimavenue.com/api/skyline/statistics?live=1:0
[115564478ms] [ERROR] Failed to load resource: net::ERR_INTERNET_DISCONNECTED @ https://claimavenue.com/api/skyline/air-ads:0
[115564479ms] [ERROR] Failed to load resource: net::ERR_INTERNET_DISCONNECTED @ https://claimavenue.com/api/skyline/bootstrap:0
[115564480ms] [ERROR] Failed to load resource: net::ERR_INTERNET_DISCONNECTED @ https://claimavenue.com/api/skyline/billboard-ads:0
[115564551ms] [ERROR] Failed to load resource: net::ERR_INTERNET_DISCONNECTED @ https://claimavenue.com/api/skyline/reservations/holds:0
[115567553ms] [ERROR] Failed to load resource: net::ERR_INTERNET_DISCONNECTED @ https://claimavenue.com/api/skyline/reservations/holds:0
[115568550ms] [ERROR] Failed to load resource: net::ERR_INTERNET_DISCONNECTED @ https://claimavenue.com/api/skyline/statistics?live=1:0
[115570552ms] [ERROR] Failed to load resource: net::ERR_INTERNET_DISCONNECTED @ https://claimavenue.com/api/skyline/reservations/holds:0
[115570781ms] [ERROR] Failed to load resource: net::ERR_INTERNET_DISCONNECTED @ https://claimavenue.com/api/skyline/presence:0
[115573552ms] [ERROR] Failed to load resource: net::ERR_INTERNET_DISCONNECTED @ https://claimavenue.com/api/skyline/reservations/holds:0
[115573552ms] [ERROR] Failed to load resource: net::ERR_INTERNET_DISCONNECTED @ https://claimavenue.com/api/skyline/statistics?live=1:0
[115574479ms] [ERROR] Failed to load resource: net::ERR_INTERNET_DISCONNECTED @ https://claimavenue.com/api/skyline/air-ads:0
[115574479ms] [ERROR] Failed to load resource: net::ERR_INTERNET_DISCONNECTED @ https://claimavenue.com/api/skyline/billboard-ads:0
[115576553ms] [ERROR] Failed to load resource: net::ERR_INTERNET_DISCONNECTED @ https://claimavenue.com/api/skyline/reservations/holds:0
[115578561ms] [ERROR] Failed to load resource: net::ERR_INTERNET_DISCONNECTED @ https://claimavenue.com/api/skyline/statistics?live=1:0
[115579478ms] [ERROR] Failed to load resource: net::ERR_INTERNET_DISCONNECTED @ https://claimavenue.com/api/skyline/bootstrap:0
[115579555ms] [ERROR] Failed to load resource: net::ERR_INTERNET_DISCONNECTED @ https://claimavenue.com/api/skyline/reservations/holds:0
[115582557ms] [ERROR] Failed to load resource: net::ERR_INTERNET_DISCONNECTED @ https://claimavenue.com/api/skyline/reservations/holds:0
[115582787ms] [ERROR] Failed to load resource: net::ERR_INTERNET_DISCONNECTED @ https://claimavenue.com/api/skyline/presence:0
[115583569ms] [ERROR] Failed to load resource: net::ERR_INTERNET_DISCONNECTED @ https://claimavenue.com/api/skyline/statistics?live=1:0
[115584485ms] [ERROR] Failed to load resource: net::ERR_INTERNET_DISCONNECTED @ https://claimavenue.com/api/skyline/air-ads:0
[115584486ms] [ERROR] Failed to load resource: net::ERR_INTERNET_DISCONNECTED @ https://claimavenue.com/api/skyline/billboard-ads:0
[115585551ms] [ERROR] Failed to load resource: net::ERR_INTERNET_DISCONNECTED @ https://claimavenue.com/api/skyline/reservations/holds:0
[115588553ms] [ERROR] Failed to load resource: net::ERR_INTERNET_DISCONNECTED @ https://claimavenue.com/api/skyline/reservations/holds:0
[115588575ms] [ERROR] Failed to load resource: net::ERR_INTERNET_DISCONNECTED @ https://claimavenue.com/api/skyline/statistics?live=1:0
[115591552ms] [ERROR] Failed to load resource: net::ERR_INTERNET_DISCONNECTED @ https://claimavenue.com/api/skyline/reservations/holds:0
[115593581ms] [ERROR] Failed to load resource: net::ERR_INTERNET_DISCONNECTED @ https://claimavenue.com/api/skyline/statistics?live=1:0
[115594477ms] [ERROR] Failed to load resource: net::ERR_INTERNET_DISCONNECTED @ https://claimavenue.com/api/skyline/air-ads:0
[115594478ms] [ERROR] Failed to load resource: net::ERR_INTERNET_DISCONNECTED @ https://claimavenue.com/api/skyline/billboard-ads:0
[115594478ms] [ERROR] Failed to load resource: net::ERR_INTERNET_DISCONNECTED @ https://claimavenue.com/api/skyline/bootstrap:0
[115594551ms] [ERROR] Failed to load resource: net::ERR_INTERNET_DISCONNECTED @ https://claimavenue.com/api/skyline/reservations/holds:0
[115594792ms] [ERROR] Failed to load resource: net::ERR_INTERNET_DISCONNECTED @ https://claimavenue.com/api/skyline/presence:0
[115597560ms] [ERROR] Failed to load resource: net::ERR_INTERNET_DISCONNECTED @ https://claimavenue.com/api/skyline/reservations/holds:0
[115598585ms] [ERROR] Failed to load resource: net::ERR_INTERNET_DISCONNECTED @ https://claimavenue.com/api/skyline/statistics?live=1:0
[115600552ms] [ERROR] Failed to load resource: net::ERR_INTERNET_DISCONNECTED @ https://claimavenue.com/api/skyline/reservations/holds:0
[115603551ms] [ERROR] Failed to load resource: net::ERR_INTERNET_DISCONNECTED @ https://claimavenue.com/api/skyline/reservations/holds:0
[115603592ms] [ERROR] Failed to load resource: net::ERR_INTERNET_DISCONNECTED @ https://claimavenue.com/api/skyline/statistics?live=1:0
[115604475ms] [ERROR] Failed to load resource: net::ERR_INTERNET_DISCONNECTED @ https://claimavenue.com/api/skyline/air-ads:0
[115604476ms] [ERROR] Failed to load resource: net::ERR_INTERNET_DISCONNECTED @ https://claimavenue.com/api/skyline/billboard-ads:0
[115606552ms] [ERROR] Failed to load resource: net::ERR_INTERNET_DISCONNECTED @ https://claimavenue.com/api/skyline/reservations/holds:0
[115606797ms] [ERROR] Failed to load resource: net::ERR_INTERNET_DISCONNECTED @ https://claimavenue.com/api/skyline/presence:0
[115608608ms] [ERROR] Failed to load resource: net::ERR_INTERNET_DISCONNECTED @ https://claimavenue.com/api/skyline/statistics?live=1:0
[115609480ms] [ERROR] Failed to load resource: net::ERR_INTERNET_DISCONNECTED @ https://claimavenue.com/api/skyline/bootstrap:0
[115609568ms] [ERROR] Failed to load resource: net::ERR_INTERNET_DISCONNECTED @ https://claimavenue.com/api/skyline/reservations/holds:0
[115612554ms] [ERROR] Failed to load resource: net::ERR_INTERNET_DISCONNECTED @ https://claimavenue.com/api/skyline/reservations/holds:0
[115613622ms] [ERROR] Failed to load resource: net::ERR_INTERNET_DISCONNECTED @ https://claimavenue.com/api/skyline/statistics?live=1:0
[115614476ms] [ERROR] Failed to load resource: net::ERR_INTERNET_DISCONNECTED @ https://claimavenue.com/api/skyline/air-ads:0
[115614477ms] [ERROR] Failed to load resource: net::ERR_INTERNET_DISCONNECTED @ https://claimavenue.com/api/skyline/billboard-ads:0
[115615554ms] [ERROR] Failed to load resource: net::ERR_INTERNET_DISCONNECTED @ https://claimavenue.com/api/skyline/reservations/holds:0
[115618553ms] [ERROR] Failed to load resource: net::ERR_INTERNET_DISCONNECTED @ https://claimavenue.com/api/skyline/reservations/holds:0
[115618628ms] [ERROR] Failed to load resource: net::ERR_INTERNET_DISCONNECTED @ https://claimavenue.com/api/skyline/statistics?live=1:0
[115618806ms] [ERROR] Failed to load resource: net::ERR_INTERNET_DISCONNECTED @ https://claimavenue.com/api/skyline/presence:0
[115621556ms] [ERROR] Failed to load resource: net::ERR_INTERNET_DISCONNECTED @ https://claimavenue.com/api/skyline/reservations/holds:0
[115623638ms] [ERROR] Failed to load resource: net::ERR_INTERNET_DISCONNECTED @ https://claimavenue.com/api/skyline/statistics?live=1:0
[115624477ms] [ERROR] Failed to load resource: net::ERR_INTERNET_DISCONNECTED @ https://claimavenue.com/api/skyline/air-ads:0
[115624478ms] [ERROR] Failed to load resource: net::ERR_INTERNET_DISCONNECTED @ https://claimavenue.com/api/skyline/billboard-ads:0
[115624478ms] [ERROR] Failed to load resource: net::ERR_INTERNET_DISCONNECTED @ https://claimavenue.com/api/skyline/bootstrap:0
[115624551ms] [ERROR] Failed to load resource: net::ERR_INTERNET_DISCONNECTED @ https://claimavenue.com/api/skyline/reservations/holds:0
[115627552ms] [ERROR] Failed to load resource: net::ERR_INTERNET_DISCONNECTED @ https://claimavenue.com/api/skyline/reservations/holds:0
[115628645ms] [ERROR] Failed to load resource: net::ERR_INTERNET_DISCONNECTED @ https://claimavenue.com/api/skyline/statistics?live=1:0
[115630555ms] [ERROR] Failed to load resource: net::ERR_INTERNET_DISCONNECTED @ https://claimavenue.com/api/skyline/reservations/holds:0
[115630813ms] [ERROR] Failed to load resource: net::ERR_INTERNET_DISCONNECTED @ https://claimavenue.com/api/skyline/presence:0
[115633558ms] [ERROR] Failed to load resource: net::ERR_INTERNET_DISCONNECTED @ https://claimavenue.com/api/skyline/reservations/holds:0
[115633651ms] [ERROR] Failed to load resource: net::ERR_INTERNET_DISCONNECTED @ https://claimavenue.com/api/skyline/statistics?live=1:0
[115634478ms] [ERROR] Failed to load resource: net::ERR_INTERNET_DISCONNECTED @ https://claimavenue.com/api/skyline/air-ads:0
[115634479ms] [ERROR] Failed to load resource: net::ERR_INTERNET_DISCONNECTED @ https://claimavenue.com/api/skyline/billboard-ads:0
[115636552ms] [ERROR] Failed to load resource: net::ERR_INTERNET_DISCONNECTED @ https://claimavenue.com/api/skyline/reservations/holds:0
[115638667ms] [ERROR] Failed to load resource: net::ERR_INTERNET_DISCONNECTED @ https://claimavenue.com/api/skyline/statistics?live=1:0
[115639478ms] [ERROR] Failed to load resource: net::ERR_INTERNET_DISCONNECTED @ https://claimavenue.com/api/skyline/bootstrap:0
[115639565ms] [ERROR] Failed to load resource: net::ERR_INTERNET_DISCONNECTED @ https://claimavenue.com/api/skyline/reservations/holds:0
[115642553ms] [ERROR] Failed to load resource: net::ERR_INTERNET_DISCONNECTED @ https://claimavenue.com/api/skyline/reservations/holds:0
[115642819ms] [ERROR] Failed to load resource: net::ERR_INTERNET_DISCONNECTED @ https://claimavenue.com/api/skyline/presence:0
[115643680ms] [ERROR] Failed to load resource: net::ERR_INTERNET_DISCONNECTED @ https://claimavenue.com/api/skyline/statistics?live=1:0
[115644476ms] [ERROR] Failed to load resource: net::ERR_INTERNET_DISCONNECTED @ https://claimavenue.com/api/skyline/air-ads:0
[115644476ms] [ERROR] Failed to load resource: net::ERR_INTERNET_DISCONNECTED @ https://claimavenue.com/api/skyline/billboard-ads:0
[115645558ms] [ERROR] Failed to load resource: net::ERR_INTERNET_DISCONNECTED @ https://claimavenue.com/api/skyline/reservations/holds:0
[115648551ms] [ERROR] Failed to load resource: net::ERR_INTERNET_DISCONNECTED @ https://claimavenue.com/api/skyline/reservations/holds:0
[115648686ms] [ERROR] Failed to load resource: net::ERR_INTERNET_DISCONNECTED @ https://claimavenue.com/api/skyline/statistics?live=1:0
[115651564ms] [ERROR] Failed to load resource: net::ERR_INTERNET_DISCONNECTED @ https://claimavenue.com/api/skyline/reservations/holds:0
[115653691ms] [ERROR] Failed to load resource: net::ERR_INTERNET_DISCONNECTED @ https://claimavenue.com/api/skyline/statistics?live=1:0
[115654476ms] [ERROR] Failed to load resource: net::ERR_INTERNET_DISCONNECTED @ https://claimavenue.com/api/skyline/air-ads:0
[115654477ms] [ERROR] Failed to load resource: net::ERR_INTERNET_DISCONNECTED @ https://claimavenue.com/api/skyline/bootstrap:0
[115654477ms] [ERROR] Failed to load resource: net::ERR_INTERNET_DISCONNECTED @ https://claimavenue.com/api/skyline/billboard-ads:0
[115654554ms] [ERROR] Failed to load resource: net::ERR_INTERNET_DISCONNECTED @ https://claimavenue.com/api/skyline/reservations/holds:0
[115654830ms] [ERROR] Failed to load resource: net::ERR_INTERNET_DISCONNECTED @ https://claimavenue.com/api/skyline/presence:0
[115657554ms] [ERROR] Failed to load resource: net::ERR_INTERNET_DISCONNECTED @ https://claimavenue.com/api/skyline/reservations/holds:0
[115658695ms] [ERROR] Failed to load resource: net::ERR_INTERNET_DISCONNECTED @ https://claimavenue.com/api/skyline/statistics?live=1:0
[115660553ms] [ERROR] Failed to load resource: net::ERR_INTERNET_DISCONNECTED @ https://claimavenue.com/api/skyline/reservations/holds:0
[115663557ms] [ERROR] Failed to load resource: net::ERR_INTERNET_DISCONNECTED @ https://claimavenue.com/api/skyline/reservations/holds:0
[115663704ms] [ERROR] Failed to load resource: net::ERR_INTERNET_DISCONNECTED @ https://claimavenue.com/api/skyline/statistics?live=1:0
[115664480ms] [ERROR] Failed to load resource: net::ERR_INTERNET_DISCONNECTED @ https://claimavenue.com/api/skyline/air-ads:0
[115664481ms] [ERROR] Failed to load resource: net::ERR_INTERNET_DISCONNECTED @ https://claimavenue.com/api/skyline/billboard-ads:0
[115666553ms] [ERROR] Failed to load resource: net::ERR_INTERNET_DISCONNECTED @ https://claimavenue.com/api/skyline/reservations/holds:0
[115666834ms] [ERROR] Failed to load resource: net::ERR_INTERNET_DISCONNECTED @ https://claimavenue.com/api/skyline/presence:0
[115668718ms] [ERROR] Failed to load resource: net::ERR_INTERNET_DISCONNECTED @ https://claimavenue.com/api/skyline/statistics?live=1:0
[115669481ms] [ERROR] Failed to load resource: net::ERR_INTERNET_DISCONNECTED @ https://claimavenue.com/api/skyline/bootstrap:0
[115669568ms] [ERROR] Failed to load resource: net::ERR_INTERNET_DISCONNECTED @ https://claimavenue.com/api/skyline/reservations/holds:0
[115672562ms] [ERROR] Failed to load resource: net::ERR_INTERNET_DISCONNECTED @ https://claimavenue.com/api/skyline/reservations/holds:0
[115673723ms] [ERROR] Failed to load resource: net::ERR_INTERNET_DISCONNECTED @ https://claimavenue.com/api/skyline/statistics?live=1:0
[115674479ms] [ERROR] Failed to load resource: net::ERR_INTERNET_DISCONNECTED @ https://claimavenue.com/api/skyline/air-ads:0
[115674480ms] [ERROR] Failed to load resource: net::ERR_INTERNET_DISCONNECTED @ https://claimavenue.com/api/skyline/billboard-ads:0
[115675553ms] [ERROR] Failed to load resource: net::ERR_INTERNET_DISCONNECTED @ https://claimavenue.com/api/skyline/reservations/holds:0
[115678556ms] [ERROR] Failed to load resource: net::ERR_INTERNET_DISCONNECTED @ https://claimavenue.com/api/skyline/reservations/holds:0
[115678729ms] [ERROR] Failed to load resource: net::ERR_INTERNET_DISCONNECTED @ https://claimavenue.com/api/skyline/statistics?live=1:0
[115678841ms] [ERROR] Failed to load resource: net::ERR_INTERNET_DISCONNECTED @ https://claimavenue.com/api/skyline/presence:0
[115681555ms] [ERROR] Failed to load resource: net::ERR_INTERNET_DISCONNECTED @ https://claimavenue.com/api/skyline/reservations/holds:0
[115683741ms] [ERROR] Failed to load resource: net::ERR_INTERNET_DISCONNECTED @ https://claimavenue.com/api/skyline/statistics?live=1:0
[115684480ms] [ERROR] Failed to load resource: net::ERR_INTERNET_DISCONNECTED @ https://claimavenue.com/api/skyline/bootstrap:0
[115684481ms] [ERROR] Failed to load resource: net::ERR_INTERNET_DISCONNECTED @ https://claimavenue.com/api/skyline/billboard-ads:0
[115684481ms] [ERROR] Failed to load resource: net::ERR_INTERNET_DISCONNECTED @ https://claimavenue.com/api/skyline/air-ads:0
[115684552ms] [ERROR] Failed to load resource: net::ERR_INTERNET_DISCONNECTED @ https://claimavenue.com/api/skyline/reservations/holds:0
[115687556ms] [ERROR] Failed to load resource: net::ERR_INTERNET_DISCONNECTED @ https://claimavenue.com/api/skyline/reservations/holds:0
[115688746ms] [ERROR] Failed to load resource: net::ERR_INTERNET_DISCONNECTED @ https://claimavenue.com/api/skyline/statistics?live=1:0
[115690552ms] [ERROR] Failed to load resource: net::ERR_INTERNET_DISCONNECTED @ https://claimavenue.com/api/skyline/reservations/holds:0
[115690847ms] [ERROR] Failed to load resource: net::ERR_INTERNET_DISCONNECTED @ https://claimavenue.com/api/skyline/presence:0
[115693556ms] [ERROR] Failed to load resource: net::ERR_INTERNET_DISCONNECTED @ https://claimavenue.com/api/skyline/reservations/holds:0
[115693754ms] [ERROR] Failed to load resource: net::ERR_INTERNET_DISCONNECTED @ https://claimavenue.com/api/skyline/statistics?live=1:0
[115694477ms] [ERROR] Failed to load resource: net::ERR_INTERNET_DISCONNECTED @ https://claimavenue.com/api/skyline/air-ads:0
[115694478ms] [ERROR] Failed to load resource: net::ERR_INTERNET_DISCONNECTED @ https://claimavenue.com/api/skyline/billboard-ads:0
[115696552ms] [ERROR] Failed to load resource: net::ERR_INTERNET_DISCONNECTED @ https://claimavenue.com/api/skyline/reservations/holds:0
[115698759ms] [ERROR] Failed to load resource: net::ERR_INTERNET_DISCONNECTED @ https://claimavenue.com/api/skyline/statistics?live=1:0
[115699481ms] [ERROR] Failed to load resource: net::ERR_INTERNET_DISCONNECTED @ https://claimavenue.com/api/skyline/bootstrap:0
[115699561ms] [ERROR] Failed to load resource: net::ERR_INTERNET_DISCONNECTED @ https://claimavenue.com/api/skyline/reservations/holds:0
[115702553ms] [ERROR] Failed to load resource: net::ERR_INTERNET_DISCONNECTED @ https://claimavenue.com/api/skyline/reservations/holds:0
[115702851ms] [ERROR] Failed to load resource: net::ERR_INTERNET_DISCONNECTED @ https://claimavenue.com/api/skyline/presence:0
[115703767ms] [ERROR] Failed to load resource: net::ERR_INTERNET_DISCONNECTED @ https://claimavenue.com/api/skyline/statistics?live=1:0
[115704477ms] [ERROR] Failed to load resource: net::ERR_INTERNET_DISCONNECTED @ https://claimavenue.com/api/skyline/air-ads:0
[115704477ms] [ERROR] Failed to load resource: net::ERR_INTERNET_DISCONNECTED @ https://claimavenue.com/api/skyline/billboard-ads:0
[115705552ms] [ERROR] Failed to load resource: net::ERR_INTERNET_DISCONNECTED @ https://claimavenue.com/api/skyline/reservations/holds:0
[115708556ms] [ERROR] Failed to load resource: net::ERR_INTERNET_DISCONNECTED @ https://claimavenue.com/api/skyline/reservations/holds:0
[115708776ms] [ERROR] Failed to load resource: net::ERR_INTERNET_DISCONNECTED @ https://claimavenue.com/api/skyline/statistics?live=1:0
[115711557ms] [ERROR] Failed to load resource: net::ERR_INTERNET_DISCONNECTED @ https://claimavenue.com/api/skyline/reservations/holds:0
[115713782ms] [ERROR] Failed to load resource: net::ERR_INTERNET_DISCONNECTED @ https://claimavenue.com/api/skyline/statistics?live=1:0
[115714478ms] [ERROR] Failed to load resource: net::ERR_INTERNET_DISCONNECTED @ https://claimavenue.com/api/skyline/air-ads:0
[115714478ms] [ERROR] Failed to load resource: net::ERR_INTERNET_DISCONNECTED @ https://claimavenue.com/api/skyline/billboard-ads:0
[115714478ms] [ERROR] Failed to load resource: net::ERR_INTERNET_DISCONNECTED @ https://claimavenue.com/api/skyline/bootstrap:0
[115714554ms] [ERROR] Failed to load resource: net::ERR_INTERNET_DISCONNECTED @ https://claimavenue.com/api/skyline/reservations/holds:0
[115714863ms] [ERROR] Failed to load resource: net::ERR_INTERNET_DISCONNECTED @ https://claimavenue.com/api/skyline/presence:0
[115717557ms] [ERROR] Failed to load resource: net::ERR_INTERNET_DISCONNECTED @ https://claimavenue.com/api/skyline/reservations/holds:0
[115718789ms] [ERROR] Failed to load resource: net::ERR_INTERNET_DISCONNECTED @ https://claimavenue.com/api/skyline/statistics?live=1:0
[115720557ms] [ERROR] Failed to load resource: net::ERR_INTERNET_DISCONNECTED @ https://claimavenue.com/api/skyline/reservations/holds:0
[115723553ms] [ERROR] Failed to load resource: net::ERR_INTERNET_DISCONNECTED @ https://claimavenue.com/api/skyline/reservations/holds:0
[115723800ms] [ERROR] Failed to load resource: net::ERR_INTERNET_DISCONNECTED @ https://claimavenue.com/api/skyline/statistics?live=1:0
[115724477ms] [ERROR] Failed to load resource: net::ERR_INTERNET_DISCONNECTED @ https://claimavenue.com/api/skyline/air-ads:0
[115724478ms] [ERROR] Failed to load resource: net::ERR_INTERNET_DISCONNECTED @ https://claimavenue.com/api/skyline/billboard-ads:0
[115726558ms] [ERROR] Failed to load resource: net::ERR_INTERNET_DISCONNECTED @ https://claimavenue.com/api/skyline/reservations/holds:0
[115726868ms] [ERROR] Failed to load resource: net::ERR_INTERNET_DISCONNECTED @ https://claimavenue.com/api/skyline/presence:0
[115728808ms] [ERROR] Failed to load resource: net::ERR_INTERNET_DISCONNECTED @ https://claimavenue.com/api/skyline/statistics?live=1:0
[115729482ms] [ERROR] Failed to load resource: net::ERR_INTERNET_DISCONNECTED @ https://claimavenue.com/api/skyline/bootstrap:0
[115729559ms] [ERROR] Failed to load resource: net::ERR_INTERNET_DISCONNECTED @ https://claimavenue.com/api/skyline/reservations/holds:0
[115732557ms] [ERROR] Failed to load resource: net::ERR_INTERNET_DISCONNECTED @ https://claimavenue.com/api/skyline/reservations/holds:0
[115733812ms] [ERROR] Failed to load resource: net::ERR_INTERNET_DISCONNECTED @ https://claimavenue.com/api/skyline/statistics?live=1:0
[115734481ms] [ERROR] Failed to load resource: net::ERR_INTERNET_DISCONNECTED @ https://claimavenue.com/api/skyline/air-ads:0
[115734482ms] [ERROR] Failed to load resource: net::ERR_INTERNET_DISCONNECTED @ https://claimavenue.com/api/skyline/billboard-ads:0
[115735552ms] [ERROR] Failed to load resource: net::ERR_INTERNET_DISCONNECTED @ https://claimavenue.com/api/skyline/reservations/holds:0
[115738556ms] [ERROR] Failed to load resource: net::ERR_INTERNET_DISCONNECTED @ https://claimavenue.com/api/skyline/reservations/holds:0
[115738824ms] [ERROR] Failed to load resource: net::ERR_INTERNET_DISCONNECTED @ https://claimavenue.com/api/skyline/statistics?live=1:0
[115738873ms] [ERROR] Failed to load resource: net::ERR_INTERNET_DISCONNECTED @ https://claimavenue.com/api/skyline/presence:0
[115741565ms] [ERROR] Failed to load resource: net::ERR_INTERNET_DISCONNECTED @ https://claimavenue.com/api/skyline/reservations/holds:0
[115743829ms] [ERROR] Failed to load resource: net::ERR_INTERNET_DISCONNECTED @ https://claimavenue.com/api/skyline/statistics?live=1:0
[115744484ms] [ERROR] Failed to load resource: net::ERR_INTERNET_DISCONNECTED @ https://claimavenue.com/api/skyline/air-ads:0
[115744485ms] [ERROR] Failed to load resource: net::ERR_INTERNET_DISCONNECTED @ https://claimavenue.com/api/skyline/billboard-ads:0
[115744485ms] [ERROR] Failed to load resource: net::ERR_INTERNET_DISCONNECTED @ https://claimavenue.com/api/skyline/bootstrap:0
[115744556ms] [ERROR] Failed to load resource: net::ERR_INTERNET_DISCONNECTED @ https://claimavenue.com/api/skyline/reservations/holds:0
[115747555ms] [ERROR] Failed to load resource: net::ERR_INTERNET_DISCONNECTED @ https://claimavenue.com/api/skyline/reservations/holds:0
[115748834ms] [ERROR] Failed to load resource: net::ERR_INTERNET_DISCONNECTED @ https://claimavenue.com/api/skyline/statistics?live=1:0
[115750552ms] [ERROR] Failed to load resource: net::ERR_INTERNET_DISCONNECTED @ https://claimavenue.com/api/skyline/reservations/holds:0
[115750877ms] [ERROR] Failed to load resource: net::ERR_INTERNET_DISCONNECTED @ https://claimavenue.com/api/skyline/presence:0
[115753555ms] [ERROR] Failed to load resource: net::ERR_INTERNET_DISCONNECTED @ https://claimavenue.com/api/skyline/reservations/holds:0
[115753839ms] [ERROR] Failed to load resource: net::ERR_INTERNET_DISCONNECTED @ https://claimavenue.com/api/skyline/statistics?live=1:0
[115754477ms] [ERROR] Failed to load resource: net::ERR_INTERNET_DISCONNECTED @ https://claimavenue.com/api/skyline/air-ads:0
[115754478ms] [ERROR] Failed to load resource: net::ERR_INTERNET_DISCONNECTED @ https://claimavenue.com/api/skyline/billboard-ads:0
[115756563ms] [ERROR] Failed to load resource: net::ERR_INTERNET_DISCONNECTED @ https://claimavenue.com/api/skyline/reservations/holds:0
[115758844ms] [ERROR] Failed to load resource: net::ERR_INTERNET_DISCONNECTED @ https://claimavenue.com/api/skyline/statistics?live=1:0
[115759478ms] [ERROR] Failed to load resource: net::ERR_INTERNET_DISCONNECTED @ https://claimavenue.com/api/skyline/bootstrap:0
[115759566ms] [ERROR] Failed to load resource: net::ERR_INTERNET_DISCONNECTED @ https://claimavenue.com/api/skyline/reservations/holds:0
[115762554ms] [ERROR] Failed to load resource: net::ERR_INTERNET_DISCONNECTED @ https://claimavenue.com/api/skyline/reservations/holds:0
[115762885ms] [ERROR] Failed to load resource: net::ERR_INTERNET_DISCONNECTED @ https://claimavenue.com/api/skyline/presence:0
[115763848ms] [ERROR] Failed to load resource: net::ERR_INTERNET_DISCONNECTED @ https://claimavenue.com/api/skyline/statistics?live=1:0
[115764480ms] [ERROR] Failed to load resource: net::ERR_INTERNET_DISCONNECTED @ https://claimavenue.com/api/skyline/air-ads:0
[115764480ms] [ERROR] Failed to load resource: net::ERR_INTERNET_DISCONNECTED @ https://claimavenue.com/api/skyline/billboard-ads:0
[115765555ms] [ERROR] Failed to load resource: net::ERR_INTERNET_DISCONNECTED @ https://claimavenue.com/api/skyline/reservations/holds:0
[115768554ms] [ERROR] Failed to load resource: net::ERR_INTERNET_DISCONNECTED @ https://claimavenue.com/api/skyline/reservations/holds:0
[115768853ms] [ERROR] Failed to load resource: net::ERR_INTERNET_DISCONNECTED @ https://claimavenue.com/api/skyline/statistics?live=1:0
[115771553ms] [ERROR] Failed to load resource: net::ERR_INTERNET_DISCONNECTED @ https://claimavenue.com/api/skyline/reservations/holds:0
[115773861ms] [ERROR] Failed to load resource: net::ERR_INTERNET_DISCONNECTED @ https://claimavenue.com/api/skyline/statistics?live=1:0
[115774478ms] [ERROR] Failed to load resource: net::ERR_INTERNET_DISCONNECTED @ https://claimavenue.com/api/skyline/air-ads:0
[115774478ms] [ERROR] Failed to load resource: net::ERR_INTERNET_DISCONNECTED @ https://claimavenue.com/api/skyline/billboard-ads:0
[115774478ms] [ERROR] Failed to load resource: net::ERR_INTERNET_DISCONNECTED @ https://claimavenue.com/api/skyline/bootstrap:0
[115774553ms] [ERROR] Failed to load resource: net::ERR_INTERNET_DISCONNECTED @ https://claimavenue.com/api/skyline/reservations/holds:0
[115774891ms] [ERROR] Failed to load resource: net::ERR_INTERNET_DISCONNECTED @ https://claimavenue.com/api/skyline/presence:0
[115777558ms] [ERROR] Failed to load resource: net::ERR_INTERNET_DISCONNECTED @ https://claimavenue.com/api/skyline/reservations/holds:0
[115778866ms] [ERROR] Failed to load resource: net::ERR_INTERNET_DISCONNECTED @ https://claimavenue.com/api/skyline/statistics?live=1:0
[115780553ms] [ERROR] Failed to load resource: net::ERR_INTERNET_DISCONNECTED @ https://claimavenue.com/api/skyline/reservations/holds:0
[115783556ms] [ERROR] Failed to load resource: net::ERR_INTERNET_DISCONNECTED @ https://claimavenue.com/api/skyline/reservations/holds:0
[115783872ms] [ERROR] Failed to load resource: net::ERR_INTERNET_DISCONNECTED @ https://claimavenue.com/api/skyline/statistics?live=1:0
[115784478ms] [ERROR] Failed to load resource: net::ERR_INTERNET_DISCONNECTED @ https://claimavenue.com/api/skyline/air-ads:0
[115784478ms] [ERROR] Failed to load resource: net::ERR_INTERNET_DISCONNECTED @ https://claimavenue.com/api/skyline/billboard-ads:0
[115786554ms] [ERROR] Failed to load resource: net::ERR_INTERNET_DISCONNECTED @ https://claimavenue.com/api/skyline/reservations/holds:0
[115786898ms] [ERROR] Failed to load resource: net::ERR_INTERNET_DISCONNECTED @ https://claimavenue.com/api/skyline/presence:0
[115788878ms] [ERROR] Failed to load resource: net::ERR_INTERNET_DISCONNECTED @ https://claimavenue.com/api/skyline/statistics?live=1:0
[115789482ms] [ERROR] Failed to load resource: net::ERR_INTERNET_DISCONNECTED @ https://claimavenue.com/api/skyline/bootstrap:0
[115789557ms] [ERROR] Failed to load resource: net::ERR_INTERNET_DISCONNECTED @ https://claimavenue.com/api/skyline/reservations/holds:0
[115792567ms] [ERROR] Failed to load resource: net::ERR_INTERNET_DISCONNECTED @ https://claimavenue.com/api/skyline/reservations/holds:0
[115793883ms] [ERROR] Failed to load resource: net::ERR_INTERNET_DISCONNECTED @ https://claimavenue.com/api/skyline/statistics?live=1:0
[115794477ms] [ERROR] Failed to load resource: net::ERR_INTERNET_DISCONNECTED @ https://claimavenue.com/api/skyline/air-ads:0
[115794478ms] [ERROR] Failed to load resource: net::ERR_INTERNET_DISCONNECTED @ https://claimavenue.com/api/skyline/billboard-ads:0
[115795555ms] [ERROR] Failed to load resource: net::ERR_INTERNET_DISCONNECTED @ https://claimavenue.com/api/skyline/reservations/holds:0
[115798558ms] [ERROR] Failed to load resource: net::ERR_INTERNET_DISCONNECTED @ https://claimavenue.com/api/skyline/reservations/holds:0
[115798888ms] [ERROR] Failed to load resource: net::ERR_INTERNET_DISCONNECTED @ https://claimavenue.com/api/skyline/statistics?live=1:0
[115798904ms] [ERROR] Failed to load resource: net::ERR_INTERNET_DISCONNECTED @ https://claimavenue.com/api/skyline/presence:0
[115801558ms] [ERROR] Failed to load resource: net::ERR_INTERNET_DISCONNECTED @ https://claimavenue.com/api/skyline/reservations/holds:0
[115803895ms] [ERROR] Failed to load resource: net::ERR_INTERNET_DISCONNECTED @ https://claimavenue.com/api/skyline/statistics?live=1:0
[115804478ms] [ERROR] Failed to load resource: net::ERR_INTERNET_DISCONNECTED @ https://claimavenue.com/api/skyline/bootstrap:0
[115804479ms] [ERROR] Failed to load resource: net::ERR_INTERNET_DISCONNECTED @ https://claimavenue.com/api/skyline/billboard-ads:0
[115804479ms] [ERROR] Failed to load resource: net::ERR_INTERNET_DISCONNECTED @ https://claimavenue.com/api/skyline/air-ads:0
[115804552ms] [ERROR] Failed to load resource: net::ERR_INTERNET_DISCONNECTED @ https://claimavenue.com/api/skyline/reservations/holds:0
[115807558ms] [ERROR] Failed to load resource: net::ERR_INTERNET_DISCONNECTED @ https://claimavenue.com/api/skyline/reservations/holds:0
[115808901ms] [ERROR] Failed to load resource: net::ERR_INTERNET_DISCONNECTED @ https://claimavenue.com/api/skyline/statistics?live=1:0
[115810554ms] [ERROR] Failed to load resource: net::ERR_INTERNET_DISCONNECTED @ https://claimavenue.com/api/skyline/reservations/holds:0
[115810914ms] [ERROR] Failed to load resource: net::ERR_INTERNET_DISCONNECTED @ https://claimavenue.com/api/skyline/presence:0
[115813557ms] [ERROR] Failed to load resource: net::ERR_INTERNET_DISCONNECTED @ https://claimavenue.com/api/skyline/reservations/holds:0
[115813907ms] [ERROR] Failed to load resource: net::ERR_INTERNET_DISCONNECTED @ https://claimavenue.com/api/skyline/statistics?live=1:0
[115814478ms] [ERROR] Failed to load resource: net::ERR_INTERNET_DISCONNECTED @ https://claimavenue.com/api/skyline/air-ads:0
[115814478ms] [ERROR] Failed to load resource: net::ERR_INTERNET_DISCONNECTED @ https://claimavenue.com/api/skyline/billboard-ads:0
[115816558ms] [ERROR] Failed to load resource: net::ERR_INTERNET_DISCONNECTED @ https://claimavenue.com/api/skyline/reservations/holds:0
[115818914ms] [ERROR] Failed to load resource: net::ERR_INTERNET_DISCONNECTED @ https://claimavenue.com/api/skyline/statistics?live=1:0
[115819480ms] [ERROR] Failed to load resource: net::ERR_INTERNET_DISCONNECTED @ https://claimavenue.com/api/skyline/bootstrap:0
[115819556ms] [ERROR] Failed to load resource: net::ERR_INTERNET_DISCONNECTED @ https://claimavenue.com/api/skyline/reservations/holds:0
[115822558ms] [ERROR] Failed to load resource: net::ERR_INTERNET_DISCONNECTED @ https://claimavenue.com/api/skyline/reservations/holds:0
[115822919ms] [ERROR] Failed to load resource: net::ERR_INTERNET_DISCONNECTED @ https://claimavenue.com/api/skyline/presence:0
[115823919ms] [ERROR] Failed to load resource: net::ERR_INTERNET_DISCONNECTED @ https://claimavenue.com/api/skyline/statistics?live=1:0
[115824478ms] [ERROR] Failed to load resource: net::ERR_INTERNET_DISCONNECTED @ https://claimavenue.com/api/skyline/air-ads:0
[115824479ms] [ERROR] Failed to load resource: net::ERR_INTERNET_DISCONNECTED @ https://claimavenue.com/api/skyline/billboard-ads:0
[115825555ms] [ERROR] Failed to load resource: net::ERR_INTERNET_DISCONNECTED @ https://claimavenue.com/api/skyline/reservations/holds:0
[115828556ms] [ERROR] Failed to load resource: net::ERR_INTERNET_DISCONNECTED @ https://claimavenue.com/api/skyline/reservations/holds:0
[115828924ms] [ERROR] Failed to load resource: net::ERR_INTERNET_DISCONNECTED @ https://claimavenue.com/api/skyline/statistics?live=1:0
[115831555ms] [ERROR] Failed to load resource: net::ERR_INTERNET_DISCONNECTED @ https://claimavenue.com/api/skyline/reservations/holds:0
[115833928ms] [ERROR] Failed to load resource: net::ERR_INTERNET_DISCONNECTED @ https://claimavenue.com/api/skyline/statistics?live=1:0
[115834477ms] [ERROR] Failed to load resource: net::ERR_INTERNET_DISCONNECTED @ https://claimavenue.com/api/skyline/air-ads:0
[115834478ms] [ERROR] Failed to load resource: net::ERR_INTERNET_DISCONNECTED @ https://claimavenue.com/api/skyline/billboard-ads:0
[115834478ms] [ERROR] Failed to load resource: net::ERR_INTERNET_DISCONNECTED @ https://claimavenue.com/api/skyline/bootstrap:0
[115834553ms] [ERROR] Failed to load resource: net::ERR_INTERNET_DISCONNECTED @ https://claimavenue.com/api/skyline/reservations/holds:0
[115834927ms] [ERROR] Failed to load resource: net::ERR_INTERNET_DISCONNECTED @ https://claimavenue.com/api/skyline/presence:0
[115837553ms] [ERROR] Failed to load resource: net::ERR_INTERNET_DISCONNECTED @ https://claimavenue.com/api/skyline/reservations/holds:0
[115838933ms] [ERROR] Failed to load resource: net::ERR_INTERNET_DISCONNECTED @ https://claimavenue.com/api/skyline/statistics?live=1:0
[115840558ms] [ERROR] Failed to load resource: net::ERR_INTERNET_DISCONNECTED @ https://claimavenue.com/api/skyline/reservations/holds:0
[115843554ms] [ERROR] Failed to load resource: net::ERR_INTERNET_DISCONNECTED @ https://claimavenue.com/api/skyline/reservations/holds:0
[115843940ms] [ERROR] Failed to load resource: net::ERR_INTERNET_DISCONNECTED @ https://claimavenue.com/api/skyline/statistics?live=1:0
[115844478ms] [ERROR] Failed to load resource: net::ERR_INTERNET_DISCONNECTED @ https://claimavenue.com/api/skyline/billboard-ads:0
[115844478ms] [ERROR] Failed to load resource: net::ERR_INTERNET_DISCONNECTED @ https://claimavenue.com/api/skyline/air-ads:0
[115846552ms] [ERROR] Failed to load resource: net::ERR_INTERNET_DISCONNECTED @ https://claimavenue.com/api/skyline/reservations/holds:0
[115846932ms] [ERROR] Failed to load resource: net::ERR_INTERNET_DISCONNECTED @ https://claimavenue.com/api/skyline/presence:0
[115848945ms] [ERROR] Failed to load resource: net::ERR_INTERNET_DISCONNECTED @ https://claimavenue.com/api/skyline/statistics?live=1:0
[115849486ms] [ERROR] Failed to load resource: net::ERR_INTERNET_DISCONNECTED @ https://claimavenue.com/api/skyline/bootstrap:0
[115849558ms] [ERROR] Failed to load resource: net::ERR_INTERNET_DISCONNECTED @ https://claimavenue.com/api/skyline/reservations/holds:0
[115852556ms] [ERROR] Failed to load resource: net::ERR_INTERNET_DISCONNECTED @ https://claimavenue.com/api/skyline/reservations/holds:0
[115853950ms] [ERROR] Failed to load resource: net::ERR_INTERNET_DISCONNECTED @ https://claimavenue.com/api/skyline/statistics?live=1:0
[115854480ms] [ERROR] Failed to load resource: net::ERR_INTERNET_DISCONNECTED @ https://claimavenue.com/api/skyline/air-ads:0
[115854481ms] [ERROR] Failed to load resource: net::ERR_INTERNET_DISCONNECTED @ https://claimavenue.com/api/skyline/billboard-ads:0
[115855556ms] [ERROR] Failed to load resource: net::ERR_INTERNET_DISCONNECTED @ https://claimavenue.com/api/skyline/reservations/holds:0
[115858559ms] [ERROR] Failed to load resource: net::ERR_INTERNET_DISCONNECTED @ https://claimavenue.com/api/skyline/reservations/holds:0
[115858936ms] [ERROR] Failed to load resource: net::ERR_INTERNET_DISCONNECTED @ https://claimavenue.com/api/skyline/presence:0
[115858956ms] [ERROR] Failed to load resource: net::ERR_INTERNET_DISCONNECTED @ https://claimavenue.com/api/skyline/statistics?live=1:0
[115861557ms] [ERROR] Failed to load resource: net::ERR_INTERNET_DISCONNECTED @ https://claimavenue.com/api/skyline/reservations/holds:0
[115863961ms] [ERROR] Failed to load resource: net::ERR_INTERNET_DISCONNECTED @ https://claimavenue.com/api/skyline/statistics?live=1:0
[115864478ms] [ERROR] Failed to load resource: net::ERR_INTERNET_DISCONNECTED @ https://claimavenue.com/api/skyline/bootstrap:0
[115864479ms] [ERROR] Failed to load resource: net::ERR_INTERNET_DISCONNECTED @ https://claimavenue.com/api/skyline/billboard-ads:0
[115864479ms] [ERROR] Failed to load resource: net::ERR_INTERNET_DISCONNECTED @ https://claimavenue.com/api/skyline/air-ads:0
[115864553ms] [ERROR] Failed to load resource: net::ERR_INTERNET_DISCONNECTED @ https://claimavenue.com/api/skyline/reservations/holds:0
[115867559ms] [ERROR] Failed to load resource: net::ERR_INTERNET_DISCONNECTED @ https://claimavenue.com/api/skyline/reservations/holds:0
[115868968ms] [ERROR] Failed to load resource: net::ERR_INTERNET_DISCONNECTED @ https://claimavenue.com/api/skyline/statistics?live=1:0
[115870556ms] [ERROR] Failed to load resource: net::ERR_INTERNET_DISCONNECTED @ https://claimavenue.com/api/skyline/reservations/holds:0
[115870944ms] [ERROR] Failed to load resource: net::ERR_INTERNET_DISCONNECTED @ https://claimavenue.com/api/skyline/presence:0
[115873556ms] [ERROR] Failed to load resource: net::ERR_INTERNET_DISCONNECTED @ https://claimavenue.com/api/skyline/reservations/holds:0
[115873973ms] [ERROR] Failed to load resource: net::ERR_INTERNET_DISCONNECTED @ https://claimavenue.com/api/skyline/statistics?live=1:0
[115874479ms] [ERROR] Failed to load resource: net::ERR_INTERNET_DISCONNECTED @ https://claimavenue.com/api/skyline/air-ads:0
[115874480ms] [ERROR] Failed to load resource: net::ERR_INTERNET_DISCONNECTED @ https://claimavenue.com/api/skyline/billboard-ads:0
[115876557ms] [ERROR] Failed to load resource: net::ERR_INTERNET_DISCONNECTED @ https://claimavenue.com/api/skyline/reservations/holds:0
[115878980ms] [ERROR] Failed to load resource: net::ERR_INTERNET_DISCONNECTED @ https://claimavenue.com/api/skyline/statistics?live=1:0
[115879481ms] [ERROR] Failed to load resource: net::ERR_INTERNET_DISCONNECTED @ https://claimavenue.com/api/skyline/bootstrap:0
[115879564ms] [ERROR] Failed to load resource: net::ERR_INTERNET_DISCONNECTED @ https://claimavenue.com/api/skyline/reservations/holds:0
[115882559ms] [ERROR] Failed to load resource: net::ERR_INTERNET_DISCONNECTED @ https://claimavenue.com/api/skyline/reservations/holds:0
[115882949ms] [ERROR] Failed to load resource: net::ERR_INTERNET_DISCONNECTED @ https://claimavenue.com/api/skyline/presence:0
[115883985ms] [ERROR] Failed to load resource: net::ERR_INTERNET_DISCONNECTED @ https://claimavenue.com/api/skyline/statistics?live=1:0
[115884478ms] [ERROR] Failed to load resource: net::ERR_INTERNET_DISCONNECTED @ https://claimavenue.com/api/skyline/air-ads:0
[115884479ms] [ERROR] Failed to load resource: net::ERR_INTERNET_DISCONNECTED @ https://claimavenue.com/api/skyline/billboard-ads:0
[115885560ms] [ERROR] Failed to load resource: net::ERR_INTERNET_DISCONNECTED @ https://claimavenue.com/api/skyline/reservations/holds:0
[115888555ms] [ERROR] Failed to load resource: net::ERR_INTERNET_DISCONNECTED @ https://claimavenue.com/api/skyline/reservations/holds:0
[115888991ms] [ERROR] Failed to load resource: net::ERR_INTERNET_DISCONNECTED @ https://claimavenue.com/api/skyline/statistics?live=1:0
[115891553ms] [ERROR] Failed to load resource: net::ERR_INTERNET_DISCONNECTED @ https://claimavenue.com/api/skyline/reservations/holds:0
[115893996ms] [ERROR] Failed to load resource: net::ERR_INTERNET_DISCONNECTED @ https://claimavenue.com/api/skyline/statistics?live=1:0
[115894482ms] [ERROR] Failed to load resource: net::ERR_INTERNET_DISCONNECTED @ https://claimavenue.com/api/skyline/bootstrap:0
[115894483ms] [ERROR] Failed to load resource: net::ERR_INTERNET_DISCONNECTED @ https://claimavenue.com/api/skyline/air-ads:0
[115894483ms] [ERROR] Failed to load resource: net::ERR_INTERNET_DISCONNECTED @ https://claimavenue.com/api/skyline/billboard-ads:0
[115894554ms] [ERROR] Failed to load resource: net::ERR_INTERNET_DISCONNECTED @ https://claimavenue.com/api/skyline/reservations/holds:0
[115894956ms] [ERROR] Failed to load resource: net::ERR_INTERNET_DISCONNECTED @ https://claimavenue.com/api/skyline/presence:0
[115897558ms] [ERROR] Failed to load resource: net::ERR_INTERNET_DISCONNECTED @ https://claimavenue.com/api/skyline/reservations/holds:0
[115899001ms] [ERROR] Failed to load resource: net::ERR_INTERNET_DISCONNECTED @ https://claimavenue.com/api/skyline/statistics?live=1:0
[115900554ms] [ERROR] Failed to load resource: net::ERR_INTERNET_DISCONNECTED @ https://claimavenue.com/api/skyline/reservations/holds:0
[115903556ms] [ERROR] Failed to load resource: net::ERR_INTERNET_DISCONNECTED @ https://claimavenue.com/api/skyline/reservations/holds:0
[115904005ms] [ERROR] Failed to load resource: net::ERR_INTERNET_DISCONNECTED @ https://claimavenue.com/api/skyline/statistics?live=1:0
[115904479ms] [ERROR] Failed to load resource: net::ERR_INTERNET_DISCONNECTED @ https://claimavenue.com/api/skyline/air-ads:0
[115904480ms] [ERROR] Failed to load resource: net::ERR_INTERNET_DISCONNECTED @ https://claimavenue.com/api/skyline/billboard-ads:0
[115906558ms] [ERROR] Failed to load resource: net::ERR_INTERNET_DISCONNECTED @ https://claimavenue.com/api/skyline/reservations/holds:0
[115906962ms] [ERROR] Failed to load resource: net::ERR_INTERNET_DISCONNECTED @ https://claimavenue.com/api/skyline/presence:0
[115909010ms] [ERROR] Failed to load resource: net::ERR_INTERNET_DISCONNECTED @ https://claimavenue.com/api/skyline/statistics?live=1:0
[115909488ms] [ERROR] Failed to load resource: net::ERR_INTERNET_DISCONNECTED @ https://claimavenue.com/api/skyline/bootstrap:0
[115909559ms] [ERROR] Failed to load resource: net::ERR_INTERNET_DISCONNECTED @ https://claimavenue.com/api/skyline/reservations/holds:0
[115912555ms] [ERROR] Failed to load resource: net::ERR_INTERNET_DISCONNECTED @ https://claimavenue.com/api/skyline/reservations/holds:0
[115914016ms] [ERROR] Failed to load resource: net::ERR_INTERNET_DISCONNECTED @ https://claimavenue.com/api/skyline/statistics?live=1:0
[115914479ms] [ERROR] Failed to load resource: net::ERR_INTERNET_DISCONNECTED @ https://claimavenue.com/api/skyline/air-ads:0
[115914480ms] [ERROR] Failed to load resource: net::ERR_INTERNET_DISCONNECTED @ https://claimavenue.com/api/skyline/billboard-ads:0
[115915563ms] [ERROR] Failed to load resource: net::ERR_INTERNET_DISCONNECTED @ https://claimavenue.com/api/skyline/reservations/holds:0
[115918560ms] [ERROR] Failed to load resource: net::ERR_INTERNET_DISCONNECTED @ https://claimavenue.com/api/skyline/reservations/holds:0
[115918967ms] [ERROR] Failed to load resource: net::ERR_INTERNET_DISCONNECTED @ https://claimavenue.com/api/skyline/presence:0
[115919020ms] [ERROR] Failed to load resource: net::ERR_INTERNET_DISCONNECTED @ https://claimavenue.com/api/skyline/statistics?live=1:0
[115921556ms] [ERROR] Failed to load resource: net::ERR_INTERNET_DISCONNECTED @ https://claimavenue.com/api/skyline/reservations/holds:0
[115924025ms] [ERROR] Failed to load resource: net::ERR_INTERNET_DISCONNECTED @ https://claimavenue.com/api/skyline/statistics?live=1:0
[115924484ms] [ERROR] Failed to load resource: net::ERR_INTERNET_DISCONNECTED @ https://claimavenue.com/api/skyline/air-ads:0
[115924485ms] [ERROR] Failed to load resource: net::ERR_INTERNET_DISCONNECTED @ https://claimavenue.com/api/skyline/bootstrap:0
[115924485ms] [ERROR] Failed to load resource: net::ERR_INTERNET_DISCONNECTED @ https://claimavenue.com/api/skyline/billboard-ads:0
[115924560ms] [ERROR] Failed to load resource: net::ERR_INTERNET_DISCONNECTED @ https://claimavenue.com/api/skyline/reservations/holds:0
[115927558ms] [ERROR] Failed to load resource: net::ERR_INTERNET_DISCONNECTED @ https://claimavenue.com/api/skyline/reservations/holds:0
[115929030ms] [ERROR] Failed to load resource: net::ERR_INTERNET_DISCONNECTED @ https://claimavenue.com/api/skyline/statistics?live=1:0
[115930558ms] [ERROR] Failed to load resource: net::ERR_INTERNET_DISCONNECTED @ https://claimavenue.com/api/skyline/reservations/holds:0
[115930972ms] [ERROR] Failed to load resource: net::ERR_INTERNET_DISCONNECTED @ https://claimavenue.com/api/skyline/presence:0
[115933555ms] [ERROR] Failed to load resource: net::ERR_INTERNET_DISCONNECTED @ https://claimavenue.com/api/skyline/reservations/holds:0
[115934037ms] [ERROR] Failed to load resource: net::ERR_INTERNET_DISCONNECTED @ https://claimavenue.com/api/skyline/statistics?live=1:0
[115934483ms] [ERROR] Failed to load resource: net::ERR_INTERNET_DISCONNECTED @ https://claimavenue.com/api/skyline/air-ads:0
[115934484ms] [ERROR] Failed to load resource: net::ERR_INTERNET_DISCONNECTED @ https://claimavenue.com/api/skyline/billboard-ads:0
[115936554ms] [ERROR] Failed to load resource: net::ERR_INTERNET_DISCONNECTED @ https://claimavenue.com/api/skyline/reservations/holds:0
[115939042ms] [ERROR] Failed to load resource: net::ERR_INTERNET_DISCONNECTED @ https://claimavenue.com/api/skyline/statistics?live=1:0
[115939491ms] [ERROR] Failed to load resource: net::ERR_INTERNET_DISCONNECTED @ https://claimavenue.com/api/skyline/bootstrap:0
[115939556ms] [ERROR] Failed to load resource: net::ERR_INTERNET_DISCONNECTED @ https://claimavenue.com/api/skyline/reservations/holds:0
[115942555ms] [ERROR] Failed to load resource: net::ERR_INTERNET_DISCONNECTED @ https://claimavenue.com/api/skyline/reservations/holds:0
[115942978ms] [ERROR] Failed to load resource: net::ERR_INTERNET_DISCONNECTED @ https://claimavenue.com/api/skyline/presence:0
[115944051ms] [ERROR] Failed to load resource: net::ERR_INTERNET_DISCONNECTED @ https://claimavenue.com/api/skyline/statistics?live=1:0
[115944480ms] [ERROR] Failed to load resource: net::ERR_INTERNET_DISCONNECTED @ https://claimavenue.com/api/skyline/air-ads:0
[115944480ms] [ERROR] Failed to load resource: net::ERR_INTERNET_DISCONNECTED @ https://claimavenue.com/api/skyline/billboard-ads:0
[115945554ms] [ERROR] Failed to load resource: net::ERR_INTERNET_DISCONNECTED @ https://claimavenue.com/api/skyline/reservations/holds:0
[115948554ms] [ERROR] Failed to load resource: net::ERR_INTERNET_DISCONNECTED @ https://claimavenue.com/api/skyline/reservations/holds:0
[115949058ms] [ERROR] Failed to load resource: net::ERR_INTERNET_DISCONNECTED @ https://claimavenue.com/api/skyline/statistics?live=1:0
[115951554ms] [ERROR] Failed to load resource: net::ERR_INTERNET_DISCONNECTED @ https://claimavenue.com/api/skyline/reservations/holds:0
[115954064ms] [ERROR] Failed to load resource: net::ERR_INTERNET_DISCONNECTED @ https://claimavenue.com/api/skyline/statistics?live=1:0
[115954479ms] [ERROR] Failed to load resource: net::ERR_INTERNET_DISCONNECTED @ https://claimavenue.com/api/skyline/air-ads:0
[115954480ms] [ERROR] Failed to load resource: net::ERR_INTERNET_DISCONNECTED @ https://claimavenue.com/api/skyline/billboard-ads:0
[115954480ms] [ERROR] Failed to load resource: net::ERR_INTERNET_DISCONNECTED @ https://claimavenue.com/api/skyline/bootstrap:0
[115954554ms] [ERROR] Failed to load resource: net::ERR_INTERNET_DISCONNECTED @ https://claimavenue.com/api/skyline/reservations/holds:0
[115954986ms] [ERROR] Failed to load resource: net::ERR_INTERNET_DISCONNECTED @ https://claimavenue.com/api/skyline/presence:0
[115957564ms] [ERROR] Failed to load resource: net::ERR_INTERNET_DISCONNECTED @ https://claimavenue.com/api/skyline/reservations/holds:0
[115959070ms] [ERROR] Failed to load resource: net::ERR_INTERNET_DISCONNECTED @ https://claimavenue.com/api/skyline/statistics?live=1:0
[115960554ms] [ERROR] Failed to load resource: net::ERR_INTERNET_DISCONNECTED @ https://claimavenue.com/api/skyline/reservations/holds:0
[115963555ms] [ERROR] Failed to load resource: net::ERR_INTERNET_DISCONNECTED @ https://claimavenue.com/api/skyline/reservations/holds:0
[115964078ms] [ERROR] Failed to load resource: net::ERR_INTERNET_DISCONNECTED @ https://claimavenue.com/api/skyline/statistics?live=1:0
[115964484ms] [ERROR] Failed to load resource: net::ERR_INTERNET_DISCONNECTED @ https://claimavenue.com/api/skyline/air-ads:0
[115964485ms] [ERROR] Failed to load resource: net::ERR_INTERNET_DISCONNECTED @ https://claimavenue.com/api/skyline/billboard-ads:0
[115966556ms] [ERROR] Failed to load resource: net::ERR_INTERNET_DISCONNECTED @ https://claimavenue.com/api/skyline/reservations/holds:0
[115966993ms] [ERROR] Failed to load resource: net::ERR_INTERNET_DISCONNECTED @ https://claimavenue.com/api/skyline/presence:0
[115969086ms] [ERROR] Failed to load resource: net::ERR_INTERNET_DISCONNECTED @ https://claimavenue.com/api/skyline/statistics?live=1:0
[115969480ms] [ERROR] Failed to load resource: net::ERR_INTERNET_DISCONNECTED @ https://claimavenue.com/api/skyline/bootstrap:0
[115969557ms] [ERROR] Failed to load resource: net::ERR_INTERNET_DISCONNECTED @ https://claimavenue.com/api/skyline/reservations/holds:0
[115972555ms] [ERROR] Failed to load resource: net::ERR_INTERNET_DISCONNECTED @ https://claimavenue.com/api/skyline/reservations/holds:0
[115974094ms] [ERROR] Failed to load resource: net::ERR_INTERNET_DISCONNECTED @ https://claimavenue.com/api/skyline/statistics?live=1:0
[115974481ms] [ERROR] Failed to load resource: net::ERR_INTERNET_DISCONNECTED @ https://claimavenue.com/api/skyline/air-ads:0
[115974482ms] [ERROR] Failed to load resource: net::ERR_INTERNET_DISCONNECTED @ https://claimavenue.com/api/skyline/billboard-ads:0
[115975554ms] [ERROR] Failed to load resource: net::ERR_INTERNET_DISCONNECTED @ https://claimavenue.com/api/skyline/reservations/holds:0
[115978558ms] [ERROR] Failed to load resource: net::ERR_INTERNET_DISCONNECTED @ https://claimavenue.com/api/skyline/reservations/holds:0
[115979000ms] [ERROR] Failed to load resource: net::ERR_INTERNET_DISCONNECTED @ https://claimavenue.com/api/skyline/presence:0
[115979103ms] [ERROR] Failed to load resource: net::ERR_INTERNET_DISCONNECTED @ https://claimavenue.com/api/skyline/statistics?live=1:0
[115981557ms] [ERROR] Failed to load resource: net::ERR_INTERNET_DISCONNECTED @ https://claimavenue.com/api/skyline/reservations/holds:0
[115984112ms] [ERROR] Failed to load resource: net::ERR_INTERNET_DISCONNECTED @ https://claimavenue.com/api/skyline/statistics?live=1:0
[115984479ms] [ERROR] Failed to load resource: net::ERR_INTERNET_DISCONNECTED @ https://claimavenue.com/api/skyline/air-ads:0
[115984480ms] [ERROR] Failed to load resource: net::ERR_INTERNET_DISCONNECTED @ https://claimavenue.com/api/skyline/bootstrap:0
[115984480ms] [ERROR] Failed to load resource: net::ERR_INTERNET_DISCONNECTED @ https://claimavenue.com/api/skyline/billboard-ads:0
[115984555ms] [ERROR] Failed to load resource: net::ERR_INTERNET_DISCONNECTED @ https://claimavenue.com/api/skyline/reservations/holds:0
[115987554ms] [ERROR] Failed to load resource: net::ERR_INTERNET_DISCONNECTED @ https://claimavenue.com/api/skyline/reservations/holds:0
[115989118ms] [ERROR] Failed to load resource: net::ERR_INTERNET_DISCONNECTED @ https://claimavenue.com/api/skyline/statistics?live=1:0
[115990555ms] [ERROR] Failed to load resource: net::ERR_INTERNET_DISCONNECTED @ https://claimavenue.com/api/skyline/reservations/holds:0
[115991007ms] [ERROR] Failed to load resource: net::ERR_INTERNET_DISCONNECTED @ https://claimavenue.com/api/skyline/presence:0
[115993565ms] [ERROR] Failed to load resource: net::ERR_INTERNET_DISCONNECTED @ https://claimavenue.com/api/skyline/reservations/holds:0
[115994132ms] [ERROR] Failed to load resource: net::ERR_INTERNET_DISCONNECTED @ https://claimavenue.com/api/skyline/statistics?live=1:0
[115994480ms] [ERROR] Failed to load resource: net::ERR_INTERNET_DISCONNECTED @ https://claimavenue.com/api/skyline/air-ads:0
[115994481ms] [ERROR] Failed to load resource: net::ERR_INTERNET_DISCONNECTED @ https://claimavenue.com/api/skyline/billboard-ads:0
[115996555ms] [ERROR] Failed to load resource: net::ERR_INTERNET_DISCONNECTED @ https://claimavenue.com/api/skyline/reservations/holds:0
[115999137ms] [ERROR] Failed to load resource: net::ERR_INTERNET_DISCONNECTED @ https://claimavenue.com/api/skyline/statistics?live=1:0
[115999483ms] [ERROR] Failed to load resource: net::ERR_INTERNET_DISCONNECTED @ https://claimavenue.com/api/skyline/bootstrap:0
[115999565ms] [ERROR] Failed to load resource: net::ERR_INTERNET_DISCONNECTED @ https://claimavenue.com/api/skyline/reservations/holds:0
[116002559ms] [ERROR] Failed to load resource: net::ERR_INTERNET_DISCONNECTED @ https://claimavenue.com/api/skyline/reservations/holds:0
[116003012ms] [ERROR] Failed to load resource: net::ERR_INTERNET_DISCONNECTED @ https://claimavenue.com/api/skyline/presence:0
[116004142ms] [ERROR] Failed to load resource: net::ERR_INTERNET_DISCONNECTED @ https://claimavenue.com/api/skyline/statistics?live=1:0
[116004485ms] [ERROR] Failed to load resource: net::ERR_INTERNET_DISCONNECTED @ https://claimavenue.com/api/skyline/air-ads:0
[116004487ms] [ERROR] Failed to load resource: net::ERR_INTERNET_DISCONNECTED @ https://claimavenue.com/api/skyline/billboard-ads:0
[116005557ms] [ERROR] Failed to load resource: net::ERR_INTERNET_DISCONNECTED @ https://claimavenue.com/api/skyline/reservations/holds:0
[116008556ms] [ERROR] Failed to load resource: net::ERR_INTERNET_DISCONNECTED @ https://claimavenue.com/api/skyline/reservations/holds:0
[116009151ms] [ERROR] Failed to load resource: net::ERR_INTERNET_DISCONNECTED @ https://claimavenue.com/api/skyline/statistics?live=1:0
[116011558ms] [ERROR] Failed to load resource: net::ERR_INTERNET_DISCONNECTED @ https://claimavenue.com/api/skyline/reservations/holds:0
[116014161ms] [ERROR] Failed to load resource: net::ERR_INTERNET_DISCONNECTED @ https://claimavenue.com/api/skyline/statistics?live=1:0
[116014480ms] [ERROR] Failed to load resource: net::ERR_INTERNET_DISCONNECTED @ https://claimavenue.com/api/skyline/air-ads:0
[116014481ms] [ERROR] Failed to load resource: net::ERR_INTERNET_DISCONNECTED @ https://claimavenue.com/api/skyline/bootstrap:0
[116014481ms] [ERROR] Failed to load resource: net::ERR_INTERNET_DISCONNECTED @ https://claimavenue.com/api/skyline/billboard-ads:0
[116014555ms] [ERROR] Failed to load resource: net::ERR_INTERNET_DISCONNECTED @ https://claimavenue.com/api/skyline/reservations/holds:0
[116015021ms] [ERROR] Failed to load resource: net::ERR_INTERNET_DISCONNECTED @ https://claimavenue.com/api/skyline/presence:0
[116017556ms] [ERROR] Failed to load resource: net::ERR_INTERNET_DISCONNECTED @ https://claimavenue.com/api/skyline/reservations/holds:0
[116019166ms] [ERROR] Failed to load resource: net::ERR_INTERNET_DISCONNECTED @ https://claimavenue.com/api/skyline/statistics?live=1:0
[116020559ms] [ERROR] Failed to load resource: net::ERR_INTERNET_DISCONNECTED @ https://claimavenue.com/api/skyline/reservations/holds:0
[116023555ms] [ERROR] Failed to load resource: net::ERR_INTERNET_DISCONNECTED @ https://claimavenue.com/api/skyline/reservations/holds:0
[116024172ms] [ERROR] Failed to load resource: net::ERR_INTERNET_DISCONNECTED @ https://claimavenue.com/api/skyline/statistics?live=1:0
[116024480ms] [ERROR] Failed to load resource: net::ERR_INTERNET_DISCONNECTED @ https://claimavenue.com/api/skyline/air-ads:0
[116024481ms] [ERROR] Failed to load resource: net::ERR_INTERNET_DISCONNECTED @ https://claimavenue.com/api/skyline/billboard-ads:0
[116026554ms] [ERROR] Failed to load resource: net::ERR_INTERNET_DISCONNECTED @ https://claimavenue.com/api/skyline/reservations/holds:0
[116027025ms] [ERROR] Failed to load resource: net::ERR_INTERNET_DISCONNECTED @ https://claimavenue.com/api/skyline/presence:0
[116029180ms] [ERROR] Failed to load resource: net::ERR_INTERNET_DISCONNECTED @ https://claimavenue.com/api/skyline/statistics?live=1:0
[116029482ms] [ERROR] Failed to load resource: net::ERR_INTERNET_DISCONNECTED @ https://claimavenue.com/api/skyline/bootstrap:0
[116029558ms] [ERROR] Failed to load resource: net::ERR_INTERNET_DISCONNECTED @ https://claimavenue.com/api/skyline/reservations/holds:0
[116032556ms] [ERROR] Failed to load resource: net::ERR_INTERNET_DISCONNECTED @ https://claimavenue.com/api/skyline/reservations/holds:0
[116034186ms] [ERROR] Failed to load resource: net::ERR_INTERNET_DISCONNECTED @ https://claimavenue.com/api/skyline/statistics?live=1:0
[116034482ms] [ERROR] Failed to load resource: net::ERR_INTERNET_DISCONNECTED @ https://claimavenue.com/api/skyline/air-ads:0
[116034483ms] [ERROR] Failed to load resource: net::ERR_INTERNET_DISCONNECTED @ https://claimavenue.com/api/skyline/billboard-ads:0
[116035559ms] [ERROR] Failed to load resource: net::ERR_INTERNET_DISCONNECTED @ https://claimavenue.com/api/skyline/reservations/holds:0
[116038561ms] [ERROR] Failed to load resource: net::ERR_INTERNET_DISCONNECTED @ https://claimavenue.com/api/skyline/reservations/holds:0
[116039029ms] [ERROR] Failed to load resource: net::ERR_INTERNET_DISCONNECTED @ https://claimavenue.com/api/skyline/presence:0
[116039194ms] [ERROR] Failed to load resource: net::ERR_INTERNET_DISCONNECTED @ https://claimavenue.com/api/skyline/statistics?live=1:0
[116041556ms] [ERROR] Failed to load resource: net::ERR_INTERNET_DISCONNECTED @ https://claimavenue.com/api/skyline/reservations/holds:0
[116044201ms] [ERROR] Failed to load resource: net::ERR_INTERNET_DISCONNECTED @ https://claimavenue.com/api/skyline/statistics?live=1:0
[116044483ms] [ERROR] Failed to load resource: net::ERR_INTERNET_DISCONNECTED @ https://claimavenue.com/api/skyline/air-ads:0
[116044484ms] [ERROR] Failed to load resource: net::ERR_INTERNET_DISCONNECTED @ https://claimavenue.com/api/skyline/bootstrap:0
[116044484ms] [ERROR] Failed to load resource: net::ERR_INTERNET_DISCONNECTED @ https://claimavenue.com/api/skyline/billboard-ads:0
[116044557ms] [ERROR] Failed to load resource: net::ERR_INTERNET_DISCONNECTED @ https://claimavenue.com/api/skyline/reservations/holds:0
[116047558ms] [ERROR] Failed to load resource: net::ERR_INTERNET_DISCONNECTED @ https://claimavenue.com/api/skyline/reservations/holds:0
[116049213ms] [ERROR] Failed to load resource: net::ERR_INTERNET_DISCONNECTED @ https://claimavenue.com/api/skyline/statistics?live=1:0
[116050558ms] [ERROR] Failed to load resource: net::ERR_INTERNET_DISCONNECTED @ https://claimavenue.com/api/skyline/reservations/holds:0
[116051033ms] [ERROR] Failed to load resource: net::ERR_INTERNET_DISCONNECTED @ https://claimavenue.com/api/skyline/presence:0
[116053553ms] [ERROR] Failed to load resource: net::ERR_INTERNET_DISCONNECTED @ https://claimavenue.com/api/skyline/reservations/holds:0
[116054220ms] [ERROR] Failed to load resource: net::ERR_INTERNET_DISCONNECTED @ https://claimavenue.com/api/skyline/statistics?live=1:0
[116054481ms] [ERROR] Failed to load resource: net::ERR_INTERNET_DISCONNECTED @ https://claimavenue.com/api/skyline/air-ads:0
[116054483ms] [ERROR] Failed to load resource: net::ERR_INTERNET_DISCONNECTED @ https://claimavenue.com/api/skyline/billboard-ads:0
[116056556ms] [ERROR] Failed to load resource: net::ERR_INTERNET_DISCONNECTED @ https://claimavenue.com/api/skyline/reservations/holds:0
[116059227ms] [ERROR] Failed to load resource: net::ERR_INTERNET_DISCONNECTED @ https://claimavenue.com/api/skyline/statistics?live=1:0
[116059481ms] [ERROR] Failed to load resource: net::ERR_INTERNET_DISCONNECTED @ https://claimavenue.com/api/skyline/bootstrap:0
[116059560ms] [ERROR] Failed to load resource: net::ERR_INTERNET_DISCONNECTED @ https://claimavenue.com/api/skyline/reservations/holds:0
[116062556ms] [ERROR] Failed to load resource: net::ERR_INTERNET_DISCONNECTED @ https://claimavenue.com/api/skyline/reservations/holds:0
[116063042ms] [ERROR] Failed to load resource: net::ERR_INTERNET_DISCONNECTED @ https://claimavenue.com/api/skyline/presence:0
[116064234ms] [ERROR] Failed to load resource: net::ERR_INTERNET_DISCONNECTED @ https://claimavenue.com/api/skyline/statistics?live=1:0
[116064481ms] [ERROR] Failed to load resource: net::ERR_INTERNET_DISCONNECTED @ https://claimavenue.com/api/skyline/air-ads:0
[116064482ms] [ERROR] Failed to load resource: net::ERR_INTERNET_DISCONNECTED @ https://claimavenue.com/api/skyline/billboard-ads:0
[116065558ms] [ERROR] Failed to load resource: net::ERR_INTERNET_DISCONNECTED @ https://claimavenue.com/api/skyline/reservations/holds:0
[116068556ms] [ERROR] Failed to load resource: net::ERR_INTERNET_DISCONNECTED @ https://claimavenue.com/api/skyline/reservations/holds:0
[116069241ms] [ERROR] Failed to load resource: net::ERR_INTERNET_DISCONNECTED @ https://claimavenue.com/api/skyline/statistics?live=1:0
[116071557ms] [ERROR] Failed to load resource: net::ERR_INTERNET_DISCONNECTED @ https://claimavenue.com/api/skyline/reservations/holds:0
[116074247ms] [ERROR] Failed to load resource: net::ERR_INTERNET_DISCONNECTED @ https://claimavenue.com/api/skyline/statistics?live=1:0
[116074480ms] [ERROR] Failed to load resource: net::ERR_INTERNET_DISCONNECTED @ https://claimavenue.com/api/skyline/air-ads:0
[116074480ms] [ERROR] Failed to load resource: net::ERR_INTERNET_DISCONNECTED @ https://claimavenue.com/api/skyline/billboard-ads:0
[116074480ms] [ERROR] Failed to load resource: net::ERR_INTERNET_DISCONNECTED @ https://claimavenue.com/api/skyline/bootstrap:0
[116074557ms] [ERROR] Failed to load resource: net::ERR_INTERNET_DISCONNECTED @ https://claimavenue.com/api/skyline/reservations/holds:0
[116075050ms] [ERROR] Failed to load resource: net::ERR_INTERNET_DISCONNECTED @ https://claimavenue.com/api/skyline/presence:0
[116077558ms] [ERROR] Failed to load resource: net::ERR_INTERNET_DISCONNECTED @ https://claimavenue.com/api/skyline/reservations/holds:0
[116079253ms] [ERROR] Failed to load resource: net::ERR_INTERNET_DISCONNECTED @ https://claimavenue.com/api/skyline/statistics?live=1:0
[116080560ms] [ERROR] Failed to load resource: net::ERR_INTERNET_DISCONNECTED @ https://claimavenue.com/api/skyline/reservations/holds:0
[116083559ms] [ERROR] Failed to load resource: net::ERR_INTERNET_DISCONNECTED @ https://claimavenue.com/api/skyline/reservations/holds:0
[116084262ms] [ERROR] Failed to load resource: net::ERR_INTERNET_DISCONNECTED @ https://claimavenue.com/api/skyline/statistics?live=1:0
[116084481ms] [ERROR] Failed to load resource: net::ERR_INTERNET_DISCONNECTED @ https://claimavenue.com/api/skyline/air-ads:0
[116084482ms] [ERROR] Failed to load resource: net::ERR_INTERNET_DISCONNECTED @ https://claimavenue.com/api/skyline/billboard-ads:0
[116086556ms] [ERROR] Failed to load resource: net::ERR_INTERNET_DISCONNECTED @ https://claimavenue.com/api/skyline/reservations/holds:0
[116087055ms] [ERROR] Failed to load resource: net::ERR_INTERNET_DISCONNECTED @ https://claimavenue.com/api/skyline/presence:0
[116089268ms] [ERROR] Failed to load resource: net::ERR_INTERNET_DISCONNECTED @ https://claimavenue.com/api/skyline/statistics?live=1:0
[116089485ms] [ERROR] Failed to load resource: net::ERR_INTERNET_DISCONNECTED @ https://claimavenue.com/api/skyline/bootstrap:0
[116089558ms] [ERROR] Failed to load resource: net::ERR_INTERNET_DISCONNECTED @ https://claimavenue.com/api/skyline/reservations/holds:0
[116092555ms] [ERROR] Failed to load resource: net::ERR_INTERNET_DISCONNECTED @ https://claimavenue.com/api/skyline/reservations/holds:0
[116094275ms] [ERROR] Failed to load resource: net::ERR_INTERNET_DISCONNECTED @ https://claimavenue.com/api/skyline/statistics?live=1:0
[116094481ms] [ERROR] Failed to load resource: net::ERR_INTERNET_DISCONNECTED @ https://claimavenue.com/api/skyline/air-ads:0
[116094482ms] [ERROR] Failed to load resource: net::ERR_INTERNET_DISCONNECTED @ https://claimavenue.com/api/skyline/billboard-ads:0
[116095561ms] [ERROR] Failed to load resource: net::ERR_INTERNET_DISCONNECTED @ https://claimavenue.com/api/skyline/reservations/holds:0
[116098556ms] [ERROR] Failed to load resource: net::ERR_INTERNET_DISCONNECTED @ https://claimavenue.com/api/skyline/reservations/holds:0
[116099061ms] [ERROR] Failed to load resource: net::ERR_INTERNET_DISCONNECTED @ https://claimavenue.com/api/skyline/presence:0
[116099278ms] [ERROR] Failed to load resource: net::ERR_INTERNET_DISCONNECTED @ https://claimavenue.com/api/skyline/statistics?live=1:0
[116101556ms] [ERROR] Failed to load resource: net::ERR_INTERNET_DISCONNECTED @ https://claimavenue.com/api/skyline/reservations/holds:0
[116104288ms] [ERROR] Failed to load resource: net::ERR_INTERNET_DISCONNECTED @ https://claimavenue.com/api/skyline/statistics?live=1:0
[116104484ms] [ERROR] Failed to load resource: net::ERR_INTERNET_DISCONNECTED @ https://claimavenue.com/api/skyline/air-ads:0
[116104485ms] [ERROR] Failed to load resource: net::ERR_INTERNET_DISCONNECTED @ https://claimavenue.com/api/skyline/billboard-ads:0
[116104485ms] [ERROR] Failed to load resource: net::ERR_INTERNET_DISCONNECTED @ https://claimavenue.com/api/skyline/bootstrap:0
[116104557ms] [ERROR] Failed to load resource: net::ERR_INTERNET_DISCONNECTED @ https://claimavenue.com/api/skyline/reservations/holds:0
[116107556ms] [ERROR] Failed to load resource: net::ERR_INTERNET_DISCONNECTED @ https://claimavenue.com/api/skyline/reservations/holds:0
[116109295ms] [ERROR] Failed to load resource: net::ERR_INTERNET_DISCONNECTED @ https://claimavenue.com/api/skyline/statistics?live=1:0
[116110556ms] [ERROR] Failed to load resource: net::ERR_INTERNET_DISCONNECTED @ https://claimavenue.com/api/skyline/reservations/holds:0
[116111067ms] [ERROR] Failed to load resource: net::ERR_INTERNET_DISCONNECTED @ https://claimavenue.com/api/skyline/presence:0
[116113556ms] [ERROR] Failed to load resource: net::ERR_INTERNET_DISCONNECTED @ https://claimavenue.com/api/skyline/reservations/holds:0
[116114301ms] [ERROR] Failed to load resource: net::ERR_INTERNET_DISCONNECTED @ https://claimavenue.com/api/skyline/statistics?live=1:0
[116114484ms] [ERROR] Failed to load resource: net::ERR_INTERNET_DISCONNECTED @ https://claimavenue.com/api/skyline/air-ads:0
[116114484ms] [ERROR] Failed to load resource: net::ERR_INTERNET_DISCONNECTED @ https://claimavenue.com/api/skyline/billboard-ads:0
[116116560ms] [ERROR] Failed to load resource: net::ERR_INTERNET_DISCONNECTED @ https://claimavenue.com/api/skyline/reservations/holds:0
[116119307ms] [ERROR] Failed to load resource: net::ERR_INTERNET_DISCONNECTED @ https://claimavenue.com/api/skyline/statistics?live=1:0
[116119481ms] [ERROR] Failed to load resource: net::ERR_INTERNET_DISCONNECTED @ https://claimavenue.com/api/skyline/bootstrap:0
[116119564ms] [ERROR] Failed to load resource: net::ERR_INTERNET_DISCONNECTED @ https://claimavenue.com/api/skyline/reservations/holds:0
[116122557ms] [ERROR] Failed to load resource: net::ERR_INTERNET_DISCONNECTED @ https://claimavenue.com/api/skyline/reservations/holds:0
[116123074ms] [ERROR] Failed to load resource: net::ERR_INTERNET_DISCONNECTED @ https://claimavenue.com/api/skyline/presence:0
[116124311ms] [ERROR] Failed to load resource: net::ERR_INTERNET_DISCONNECTED @ https://claimavenue.com/api/skyline/statistics?live=1:0
[116124481ms] [ERROR] Failed to load resource: net::ERR_INTERNET_DISCONNECTED @ https://claimavenue.com/api/skyline/air-ads:0
[116124482ms] [ERROR] Failed to load resource: net::ERR_INTERNET_DISCONNECTED @ https://claimavenue.com/api/skyline/billboard-ads:0
[116125560ms] [ERROR] Failed to load resource: net::ERR_INTERNET_DISCONNECTED @ https://claimavenue.com/api/skyline/reservations/holds:0
[116128560ms] [ERROR] Failed to load resource: net::ERR_INTERNET_DISCONNECTED @ https://claimavenue.com/api/skyline/reservations/holds:0
[116129318ms] [ERROR] Failed to load resource: net::ERR_INTERNET_DISCONNECTED @ https://claimavenue.com/api/skyline/statistics?live=1:0
[116131555ms] [ERROR] Failed to load resource: net::ERR_INTERNET_DISCONNECTED @ https://claimavenue.com/api/skyline/reservations/holds:0
[116134327ms] [ERROR] Failed to load resource: net::ERR_INTERNET_DISCONNECTED @ https://claimavenue.com/api/skyline/statistics?live=1:0
[116134481ms] [ERROR] Failed to load resource: net::ERR_INTERNET_DISCONNECTED @ https://claimavenue.com/api/skyline/air-ads:0
[116134482ms] [ERROR] Failed to load resource: net::ERR_INTERNET_DISCONNECTED @ https://claimavenue.com/api/skyline/billboard-ads:0
[116134482ms] [ERROR] Failed to load resource: net::ERR_INTERNET_DISCONNECTED @ https://claimavenue.com/api/skyline/bootstrap:0
[116134557ms] [ERROR] Failed to load resource: net::ERR_INTERNET_DISCONNECTED @ https://claimavenue.com/api/skyline/reservations/holds:0
[116135080ms] [ERROR] Failed to load resource: net::ERR_INTERNET_DISCONNECTED @ https://claimavenue.com/api/skyline/presence:0
[116137561ms] [ERROR] Failed to load resource: net::ERR_INTERNET_DISCONNECTED @ https://claimavenue.com/api/skyline/reservations/holds:0
[116139332ms] [ERROR] Failed to load resource: net::ERR_INTERNET_DISCONNECTED @ https://claimavenue.com/api/skyline/statistics?live=1:0
[116140559ms] [ERROR] Failed to load resource: net::ERR_INTERNET_DISCONNECTED @ https://claimavenue.com/api/skyline/reservations/holds:0
[116143558ms] [ERROR] Failed to load resource: net::ERR_INTERNET_DISCONNECTED @ https://claimavenue.com/api/skyline/reservations/holds:0
[116144340ms] [ERROR] Failed to load resource: net::ERR_INTERNET_DISCONNECTED @ https://claimavenue.com/api/skyline/statistics?live=1:0
[116144485ms] [ERROR] Failed to load resource: net::ERR_INTERNET_DISCONNECTED @ https://claimavenue.com/api/skyline/air-ads:0
[116144487ms] [ERROR] Failed to load resource: net::ERR_INTERNET_DISCONNECTED @ https://claimavenue.com/api/skyline/billboard-ads:0
[116146561ms] [ERROR] Failed to load resource: net::ERR_INTERNET_DISCONNECTED @ https://claimavenue.com/api/skyline/reservations/holds:0
[116147090ms] [ERROR] Failed to load resource: net::ERR_INTERNET_DISCONNECTED @ https://claimavenue.com/api/skyline/presence:0
[116149347ms] [ERROR] Failed to load resource: net::ERR_INTERNET_DISCONNECTED @ https://claimavenue.com/api/skyline/statistics?live=1:0
[116149481ms] [ERROR] Failed to load resource: net::ERR_INTERNET_DISCONNECTED @ https://claimavenue.com/api/skyline/bootstrap:0
[116149558ms] [ERROR] Failed to load resource: net::ERR_INTERNET_DISCONNECTED @ https://claimavenue.com/api/skyline/reservations/holds:0
[116152559ms] [ERROR] Failed to load resource: net::ERR_INTERNET_DISCONNECTED @ https://claimavenue.com/api/skyline/reservations/holds:0
[116154353ms] [ERROR] Failed to load resource: net::ERR_INTERNET_DISCONNECTED @ https://claimavenue.com/api/skyline/statistics?live=1:0
[116154491ms] [ERROR] Failed to load resource: net::ERR_INTERNET_DISCONNECTED @ https://claimavenue.com/api/skyline/air-ads:0
[116154492ms] [ERROR] Failed to load resource: net::ERR_INTERNET_DISCONNECTED @ https://claimavenue.com/api/skyline/billboard-ads:0
[116155556ms] [ERROR] Failed to load resource: net::ERR_INTERNET_DISCONNECTED @ https://claimavenue.com/api/skyline/reservations/holds:0
[116158557ms] [ERROR] Failed to load resource: net::ERR_INTERNET_DISCONNECTED @ https://claimavenue.com/api/skyline/reservations/holds:0
[116159098ms] [ERROR] Failed to load resource: net::ERR_INTERNET_DISCONNECTED @ https://claimavenue.com/api/skyline/presence:0
[116159358ms] [ERROR] Failed to load resource: net::ERR_INTERNET_DISCONNECTED @ https://claimavenue.com/api/skyline/statistics?live=1:0
[116161557ms] [ERROR] Failed to load resource: net::ERR_INTERNET_DISCONNECTED @ https://claimavenue.com/api/skyline/reservations/holds:0
[116164368ms] [ERROR] Failed to load resource: net::ERR_INTERNET_DISCONNECTED @ https://claimavenue.com/api/skyline/statistics?live=1:0
[116164484ms] [ERROR] Failed to load resource: net::ERR_INTERNET_DISCONNECTED @ https://claimavenue.com/api/skyline/air-ads:0
[116164488ms] [ERROR] Failed to load resource: net::ERR_INTERNET_DISCONNECTED @ https://claimavenue.com/api/skyline/billboard-ads:0
[116164489ms] [ERROR] Failed to load resource: net::ERR_INTERNET_DISCONNECTED @ https://claimavenue.com/api/skyline/bootstrap:0
[116164563ms] [ERROR] Failed to load resource: net::ERR_INTERNET_DISCONNECTED @ https://claimavenue.com/api/skyline/reservations/holds:0
[116167559ms] [ERROR] Failed to load resource: net::ERR_INTERNET_DISCONNECTED @ https://claimavenue.com/api/skyline/reservations/holds:0
[116169374ms] [ERROR] Failed to load resource: net::ERR_INTERNET_DISCONNECTED @ https://claimavenue.com/api/skyline/statistics?live=1:0
[116170555ms] [ERROR] Failed to load resource: net::ERR_INTERNET_DISCONNECTED @ https://claimavenue.com/api/skyline/reservations/holds:0
[116171105ms] [ERROR] Failed to load resource: net::ERR_INTERNET_DISCONNECTED @ https://claimavenue.com/api/skyline/presence:0
[116173557ms] [ERROR] Failed to load resource: net::ERR_INTERNET_DISCONNECTED @ https://claimavenue.com/api/skyline/reservations/holds:0
[116174379ms] [ERROR] Failed to load resource: net::ERR_INTERNET_DISCONNECTED @ https://claimavenue.com/api/skyline/statistics?live=1:0
[116174483ms] [ERROR] Failed to load resource: net::ERR_INTERNET_DISCONNECTED @ https://claimavenue.com/api/skyline/air-ads:0
[116174485ms] [ERROR] Failed to load resource: net::ERR_INTERNET_DISCONNECTED @ https://claimavenue.com/api/skyline/billboard-ads:0
[116176558ms] [ERROR] Failed to load resource: net::ERR_INTERNET_DISCONNECTED @ https://claimavenue.com/api/skyline/reservations/holds:0
[116179389ms] [ERROR] Failed to load resource: net::ERR_INTERNET_DISCONNECTED @ https://claimavenue.com/api/skyline/statistics?live=1:0
[116179492ms] [ERROR] Failed to load resource: net::ERR_INTERNET_DISCONNECTED @ https://claimavenue.com/api/skyline/bootstrap:0
[116179558ms] [ERROR] Failed to load resource: net::ERR_INTERNET_DISCONNECTED @ https://claimavenue.com/api/skyline/reservations/holds:0
[116182558ms] [ERROR] Failed to load resource: net::ERR_INTERNET_DISCONNECTED @ https://claimavenue.com/api/skyline/reservations/holds:0
[116183110ms] [ERROR] Failed to load resource: net::ERR_INTERNET_DISCONNECTED @ https://claimavenue.com/api/skyline/presence:0
[116184395ms] [ERROR] Failed to load resource: net::ERR_INTERNET_DISCONNECTED @ https://claimavenue.com/api/skyline/statistics?live=1:0
[116184482ms] [ERROR] Failed to load resource: net::ERR_INTERNET_DISCONNECTED @ https://claimavenue.com/api/skyline/air-ads:0
[116184482ms] [ERROR] Failed to load resource: net::ERR_INTERNET_DISCONNECTED @ https://claimavenue.com/api/skyline/billboard-ads:0
[116185556ms] [ERROR] Failed to load resource: net::ERR_INTERNET_DISCONNECTED @ https://claimavenue.com/api/skyline/reservations/holds:0
[116188558ms] [ERROR] Failed to load resource: net::ERR_INTERNET_DISCONNECTED @ https://claimavenue.com/api/skyline/reservations/holds:0
[116189399ms] [ERROR] Failed to load resource: net::ERR_INTERNET_DISCONNECTED @ https://claimavenue.com/api/skyline/statistics?live=1:0
[116191557ms] [ERROR] Failed to load resource: net::ERR_INTERNET_DISCONNECTED @ https://claimavenue.com/api/skyline/reservations/holds:0
[116194407ms] [ERROR] Failed to load resource: net::ERR_INTERNET_DISCONNECTED @ https://claimavenue.com/api/skyline/statistics?live=1:0
[116194483ms] [ERROR] Failed to load resource: net::ERR_INTERNET_DISCONNECTED @ https://claimavenue.com/api/skyline/air-ads:0
[116194484ms] [ERROR] Failed to load resource: net::ERR_INTERNET_DISCONNECTED @ https://claimavenue.com/api/skyline/bootstrap:0
[116194484ms] [ERROR] Failed to load resource: net::ERR_INTERNET_DISCONNECTED @ https://claimavenue.com/api/skyline/billboard-ads:0
[116194556ms] [ERROR] Failed to load resource: net::ERR_INTERNET_DISCONNECTED @ https://claimavenue.com/api/skyline/reservations/holds:0
[116195122ms] [ERROR] Failed to load resource: net::ERR_INTERNET_DISCONNECTED @ https://claimavenue.com/api/skyline/presence:0
[116197561ms] [ERROR] Failed to load resource: net::ERR_INTERNET_DISCONNECTED @ https://claimavenue.com/api/skyline/reservations/holds:0
[116199413ms] [ERROR] Failed to load resource: net::ERR_INTERNET_DISCONNECTED @ https://claimavenue.com/api/skyline/statistics?live=1:0
[116200555ms] [ERROR] Failed to load resource: net::ERR_INTERNET_DISCONNECTED @ https://claimavenue.com/api/skyline/reservations/holds:0
[116203557ms] [ERROR] Failed to load resource: net::ERR_INTERNET_DISCONNECTED @ https://claimavenue.com/api/skyline/reservations/holds:0
[116204417ms] [ERROR] Failed to load resource: net::ERR_INTERNET_DISCONNECTED @ https://claimavenue.com/api/skyline/statistics?live=1:0
[116204480ms] [ERROR] Failed to load resource: net::ERR_INTERNET_DISCONNECTED @ https://claimavenue.com/api/skyline/air-ads:0
[116204481ms] [ERROR] Failed to load resource: net::ERR_INTERNET_DISCONNECTED @ https://claimavenue.com/api/skyline/billboard-ads:0
[116206560ms] [ERROR] Failed to load resource: net::ERR_INTERNET_DISCONNECTED @ https://claimavenue.com/api/skyline/reservations/holds:0
[116207129ms] [ERROR] Failed to load resource: net::ERR_INTERNET_DISCONNECTED @ https://claimavenue.com/api/skyline/presence:0
[116209422ms] [ERROR] Failed to load resource: net::ERR_INTERNET_DISCONNECTED @ https://claimavenue.com/api/skyline/statistics?live=1:0
[116209482ms] [ERROR] Failed to load resource: net::ERR_INTERNET_DISCONNECTED @ https://claimavenue.com/api/skyline/bootstrap:0
[116209559ms] [ERROR] Failed to load resource: net::ERR_INTERNET_DISCONNECTED @ https://claimavenue.com/api/skyline/reservations/holds:0
[116212557ms] [ERROR] Failed to load resource: net::ERR_INTERNET_DISCONNECTED @ https://claimavenue.com/api/skyline/reservations/holds:0
[116214428ms] [ERROR] Failed to load resource: net::ERR_INTERNET_DISCONNECTED @ https://claimavenue.com/api/skyline/statistics?live=1:0
[116214482ms] [ERROR] Failed to load resource: net::ERR_INTERNET_DISCONNECTED @ https://claimavenue.com/api/skyline/air-ads:0
[116214484ms] [ERROR] Failed to load resource: net::ERR_INTERNET_DISCONNECTED @ https://claimavenue.com/api/skyline/billboard-ads:0
[116215556ms] [ERROR] Failed to load resource: net::ERR_INTERNET_DISCONNECTED @ https://claimavenue.com/api/skyline/reservations/holds:0
[116218557ms] [ERROR] Failed to load resource: net::ERR_INTERNET_DISCONNECTED @ https://claimavenue.com/api/skyline/reservations/holds:0
[116219135ms] [ERROR] Failed to load resource: net::ERR_INTERNET_DISCONNECTED @ https://claimavenue.com/api/skyline/presence:0
[116219436ms] [ERROR] Failed to load resource: net::ERR_INTERNET_DISCONNECTED @ https://claimavenue.com/api/skyline/statistics?live=1:0
[116221564ms] [ERROR] Failed to load resource: net::ERR_INTERNET_DISCONNECTED @ https://claimavenue.com/api/skyline/reservations/holds:0
[116224441ms] [ERROR] Failed to load resource: net::ERR_INTERNET_DISCONNECTED @ https://claimavenue.com/api/skyline/statistics?live=1:0
[116224482ms] [ERROR] Failed to load resource: net::ERR_INTERNET_DISCONNECTED @ https://claimavenue.com/api/skyline/air-ads:0
[116224483ms] [ERROR] Failed to load resource: net::ERR_INTERNET_DISCONNECTED @ https://claimavenue.com/api/skyline/bootstrap:0
[116224483ms] [ERROR] Failed to load resource: net::ERR_INTERNET_DISCONNECTED @ https://claimavenue.com/api/skyline/billboard-ads:0
[116224557ms] [ERROR] Failed to load resource: net::ERR_INTERNET_DISCONNECTED @ https://claimavenue.com/api/skyline/reservations/holds:0
[116227560ms] [ERROR] Failed to load resource: net::ERR_INTERNET_DISCONNECTED @ https://claimavenue.com/api/skyline/reservations/holds:0
[116229447ms] [ERROR] Failed to load resource: net::ERR_INTERNET_DISCONNECTED @ https://claimavenue.com/api/skyline/statistics?live=1:0
[116230557ms] [ERROR] Failed to load resource: net::ERR_INTERNET_DISCONNECTED @ https://claimavenue.com/api/skyline/reservations/holds:0
[116231145ms] [ERROR] Failed to load resource: net::ERR_INTERNET_DISCONNECTED @ https://claimavenue.com/api/skyline/presence:0
[116233559ms] [ERROR] Failed to load resource: net::ERR_INTERNET_DISCONNECTED @ https://claimavenue.com/api/skyline/reservations/holds:0
[116234457ms] [ERROR] Failed to load resource: net::ERR_INTERNET_DISCONNECTED @ https://claimavenue.com/api/skyline/statistics?live=1:0
[116234483ms] [ERROR] Failed to load resource: net::ERR_INTERNET_DISCONNECTED @ https://claimavenue.com/api/skyline/air-ads:0
[116234484ms] [ERROR] Failed to load resource: net::ERR_INTERNET_DISCONNECTED @ https://claimavenue.com/api/skyline/billboard-ads:0
[116236557ms] [ERROR] Failed to load resource: net::ERR_INTERNET_DISCONNECTED @ https://claimavenue.com/api/skyline/reservations/holds:0
[116239464ms] [ERROR] Failed to load resource: net::ERR_INTERNET_DISCONNECTED @ https://claimavenue.com/api/skyline/statistics?live=1:0
[116239481ms] [ERROR] Failed to load resource: net::ERR_INTERNET_DISCONNECTED @ https://claimavenue.com/api/skyline/bootstrap:0
[116239559ms] [ERROR] Failed to load resource: net::ERR_INTERNET_DISCONNECTED @ https://claimavenue.com/api/skyline/reservations/holds:0
[116242558ms] [ERROR] Failed to load resource: net::ERR_INTERNET_DISCONNECTED @ https://claimavenue.com/api/skyline/reservations/holds:0
[116243150ms] [ERROR] Failed to load resource: net::ERR_INTERNET_DISCONNECTED @ https://claimavenue.com/api/skyline/presence:0
[116244472ms] [ERROR] Failed to load resource: net::ERR_INTERNET_DISCONNECTED @ https://claimavenue.com/api/skyline/statistics?live=1:0
[116244483ms] [ERROR] Failed to load resource: net::ERR_INTERNET_DISCONNECTED @ https://claimavenue.com/api/skyline/air-ads:0
[116244484ms] [ERROR] Failed to load resource: net::ERR_INTERNET_DISCONNECTED @ https://claimavenue.com/api/skyline/billboard-ads:0
[116245558ms] [ERROR] Failed to load resource: net::ERR_INTERNET_DISCONNECTED @ https://claimavenue.com/api/skyline/reservations/holds:0
[116248557ms] [ERROR] Failed to load resource: net::ERR_INTERNET_DISCONNECTED @ https://claimavenue.com/api/skyline/reservations/holds:0
[116249477ms] [ERROR] Failed to load resource: net::ERR_INTERNET_DISCONNECTED @ https://claimavenue.com/api/skyline/statistics?live=1:0
[116251567ms] [ERROR] Failed to load resource: net::ERR_INTERNET_DISCONNECTED @ https://claimavenue.com/api/skyline/reservations/holds:0
[116254483ms] [ERROR] Failed to load resource: net::ERR_INTERNET_DISCONNECTED @ https://claimavenue.com/api/skyline/air-ads:0
[116254484ms] [ERROR] Failed to load resource: net::ERR_INTERNET_DISCONNECTED @ https://claimavenue.com/api/skyline/billboard-ads:0
[116254484ms] [ERROR] Failed to load resource: net::ERR_INTERNET_DISCONNECTED @ https://claimavenue.com/api/skyline/statistics?live=1:0
[116254484ms] [ERROR] Failed to load resource: net::ERR_INTERNET_DISCONNECTED @ https://claimavenue.com/api/skyline/bootstrap:0
[116254556ms] [ERROR] Failed to load resource: net::ERR_INTERNET_DISCONNECTED @ https://claimavenue.com/api/skyline/reservations/holds:0
[116255164ms] [ERROR] Failed to load resource: net::ERR_INTERNET_DISCONNECTED @ https://claimavenue.com/api/skyline/presence:0
[116257557ms] [ERROR] Failed to load resource: net::ERR_INTERNET_DISCONNECTED @ https://claimavenue.com/api/skyline/reservations/holds:0
[116259497ms] [ERROR] Failed to load resource: net::ERR_INTERNET_DISCONNECTED @ https://claimavenue.com/api/skyline/statistics?live=1:0
[116260559ms] [ERROR] Failed to load resource: net::ERR_INTERNET_DISCONNECTED @ https://claimavenue.com/api/skyline/reservations/holds:0
[116263559ms] [ERROR] Failed to load resource: net::ERR_INTERNET_DISCONNECTED @ https://claimavenue.com/api/skyline/reservations/holds:0
[116264484ms] [ERROR] Failed to load resource: net::ERR_INTERNET_DISCONNECTED @ https://claimavenue.com/api/skyline/air-ads:0
[116264484ms] [ERROR] Failed to load resource: net::ERR_INTERNET_DISCONNECTED @ https://claimavenue.com/api/skyline/billboard-ads:0
[116264505ms] [ERROR] Failed to load resource: net::ERR_INTERNET_DISCONNECTED @ https://claimavenue.com/api/skyline/statistics?live=1:0
[116266559ms] [ERROR] Failed to load resource: net::ERR_INTERNET_DISCONNECTED @ https://claimavenue.com/api/skyline/reservations/holds:0
[116267173ms] [ERROR] Failed to load resource: net::ERR_INTERNET_DISCONNECTED @ https://claimavenue.com/api/skyline/presence:0
[116269488ms] [ERROR] Failed to load resource: net::ERR_INTERNET_DISCONNECTED @ https://claimavenue.com/api/skyline/bootstrap:0
[116269509ms] [ERROR] Failed to load resource: net::ERR_INTERNET_DISCONNECTED @ https://claimavenue.com/api/skyline/statistics?live=1:0
[116269558ms] [ERROR] Failed to load resource: net::ERR_INTERNET_DISCONNECTED @ https://claimavenue.com/api/skyline/reservations/holds:0
[116272557ms] [ERROR] Failed to load resource: net::ERR_INTERNET_DISCONNECTED @ https://claimavenue.com/api/skyline/reservations/holds:0
[116274483ms] [ERROR] Failed to load resource: net::ERR_INTERNET_DISCONNECTED @ https://claimavenue.com/api/skyline/air-ads:0
[116274485ms] [ERROR] Failed to load resource: net::ERR_INTERNET_DISCONNECTED @ https://claimavenue.com/api/skyline/billboard-ads:0
[116274517ms] [ERROR] Failed to load resource: net::ERR_INTERNET_DISCONNECTED @ https://claimavenue.com/api/skyline/statistics?live=1:0
[116275562ms] [ERROR] Failed to load resource: net::ERR_INTERNET_DISCONNECTED @ https://claimavenue.com/api/skyline/reservations/holds:0
[116278559ms] [ERROR] Failed to load resource: net::ERR_INTERNET_DISCONNECTED @ https://claimavenue.com/api/skyline/reservations/holds:0
[116279181ms] [ERROR] Failed to load resource: net::ERR_INTERNET_DISCONNECTED @ https://claimavenue.com/api/skyline/presence:0
[116279522ms] [ERROR] Failed to load resource: net::ERR_INTERNET_DISCONNECTED @ https://claimavenue.com/api/skyline/statistics?live=1:0
[116281557ms] [ERROR] Failed to load resource: net::ERR_INTERNET_DISCONNECTED @ https://claimavenue.com/api/skyline/reservations/holds:0
[116284483ms] [ERROR] Failed to load resource: net::ERR_INTERNET_DISCONNECTED @ https://claimavenue.com/api/skyline/air-ads:0
[116284483ms] [ERROR] Failed to load resource: net::ERR_INTERNET_DISCONNECTED @ https://claimavenue.com/api/skyline/bootstrap:0
[116284484ms] [ERROR] Failed to load resource: net::ERR_INTERNET_DISCONNECTED @ https://claimavenue.com/api/skyline/billboard-ads:0
[116284527ms] [ERROR] Failed to load resource: net::ERR_INTERNET_DISCONNECTED @ https://claimavenue.com/api/skyline/statistics?live=1:0
[116284556ms] [ERROR] Failed to load resource: net::ERR_INTERNET_DISCONNECTED @ https://claimavenue.com/api/skyline/reservations/holds:0
[116287561ms] [ERROR] Failed to load resource: net::ERR_INTERNET_DISCONNECTED @ https://claimavenue.com/api/skyline/reservations/holds:0
[116289536ms] [ERROR] Failed to load resource: net::ERR_INTERNET_DISCONNECTED @ https://claimavenue.com/api/skyline/statistics?live=1:0
[116290562ms] [ERROR] Failed to load resource: net::ERR_INTERNET_DISCONNECTED @ https://claimavenue.com/api/skyline/reservations/holds:0
[116291190ms] [ERROR] Failed to load resource: net::ERR_INTERNET_DISCONNECTED @ https://claimavenue.com/api/skyline/presence:0
[116293558ms] [ERROR] Failed to load resource: net::ERR_INTERNET_DISCONNECTED @ https://claimavenue.com/api/skyline/reservations/holds:0
[116294483ms] [ERROR] Failed to load resource: net::ERR_INTERNET_DISCONNECTED @ https://claimavenue.com/api/skyline/air-ads:0
[116294483ms] [ERROR] Failed to load resource: net::ERR_INTERNET_DISCONNECTED @ https://claimavenue.com/api/skyline/billboard-ads:0
[116294541ms] [ERROR] Failed to load resource: net::ERR_INTERNET_DISCONNECTED @ https://claimavenue.com/api/skyline/statistics?live=1:0
[116296556ms] [ERROR] Failed to load resource: net::ERR_INTERNET_DISCONNECTED @ https://claimavenue.com/api/skyline/reservations/holds:0
[116299483ms] [ERROR] Failed to load resource: net::ERR_INTERNET_DISCONNECTED @ https://claimavenue.com/api/skyline/bootstrap:0
[116299545ms] [ERROR] Failed to load resource: net::ERR_INTERNET_DISCONNECTED @ https://claimavenue.com/api/skyline/statistics?live=1:0
[116299561ms] [ERROR] Failed to load resource: net::ERR_INTERNET_DISCONNECTED @ https://claimavenue.com/api/skyline/reservations/holds:0
[116302557ms] [ERROR] Failed to load resource: net::ERR_INTERNET_DISCONNECTED @ https://claimavenue.com/api/skyline/reservations/holds:0
[116303197ms] [ERROR] Failed to load resource: net::ERR_INTERNET_DISCONNECTED @ https://claimavenue.com/api/skyline/presence:0
[116304482ms] [ERROR] Failed to load resource: net::ERR_INTERNET_DISCONNECTED @ https://claimavenue.com/api/skyline/air-ads:0
[116304483ms] [ERROR] Failed to load resource: net::ERR_INTERNET_DISCONNECTED @ https://claimavenue.com/api/skyline/billboard-ads:0
[116304551ms] [ERROR] Failed to load resource: net::ERR_INTERNET_DISCONNECTED @ https://claimavenue.com/api/skyline/statistics?live=1:0
[116305557ms] [ERROR] Failed to load resource: net::ERR_INTERNET_DISCONNECTED @ https://claimavenue.com/api/skyline/reservations/holds:0
[116308567ms] [ERROR] Failed to load resource: net::ERR_INTERNET_DISCONNECTED @ https://claimavenue.com/api/skyline/reservations/holds:0
[116309559ms] [ERROR] Failed to load resource: net::ERR_INTERNET_DISCONNECTED @ https://claimavenue.com/api/skyline/statistics?live=1:0
[116311557ms] [ERROR] Failed to load resource: net::ERR_INTERNET_DISCONNECTED @ https://claimavenue.com/api/skyline/reservations/holds:0
[116314489ms] [ERROR] Failed to load resource: net::ERR_INTERNET_DISCONNECTED @ https://claimavenue.com/api/skyline/air-ads:0
[116314491ms] [ERROR] Failed to load resource: net::ERR_INTERNET_DISCONNECTED @ https://claimavenue.com/api/skyline/bootstrap:0
[116314492ms] [ERROR] Failed to load resource: net::ERR_INTERNET_DISCONNECTED @ https://claimavenue.com/api/skyline/billboard-ads:0
[116314559ms] [ERROR] Failed to load resource: net::ERR_INTERNET_DISCONNECTED @ https://claimavenue.com/api/skyline/reservations/holds:0
[116314564ms] [ERROR] Failed to load resource: net::ERR_INTERNET_DISCONNECTED @ https://claimavenue.com/api/skyline/statistics?live=1:0
[116315202ms] [ERROR] Failed to load resource: net::ERR_INTERNET_DISCONNECTED @ https://claimavenue.com/api/skyline/presence:0
[116317559ms] [ERROR] Failed to load resource: net::ERR_INTERNET_DISCONNECTED @ https://claimavenue.com/api/skyline/reservations/holds:0
[116319573ms] [ERROR] Failed to load resource: net::ERR_INTERNET_DISCONNECTED @ https://claimavenue.com/api/skyline/statistics?live=1:0
[116320572ms] [ERROR] Failed to load resource: net::ERR_INTERNET_DISCONNECTED @ https://claimavenue.com/api/skyline/reservations/holds:0
[116323562ms] [ERROR] Failed to load resource: net::ERR_INTERNET_DISCONNECTED @ https://claimavenue.com/api/skyline/reservations/holds:0
[116324482ms] [ERROR] Failed to load resource: net::ERR_INTERNET_DISCONNECTED @ https://claimavenue.com/api/skyline/air-ads:0
[116324485ms] [ERROR] Failed to load resource: net::ERR_INTERNET_DISCONNECTED @ https://claimavenue.com/api/skyline/billboard-ads:0
[116324577ms] [ERROR] Failed to load resource: net::ERR_INTERNET_DISCONNECTED @ https://claimavenue.com/api/skyline/statistics?live=1:0
[116326559ms] [ERROR] Failed to load resource: net::ERR_INTERNET_DISCONNECTED @ https://claimavenue.com/api/skyline/reservations/holds:0
[116327218ms] [ERROR] Failed to load resource: net::ERR_INTERNET_DISCONNECTED @ https://claimavenue.com/api/skyline/presence:0
[116329485ms] [ERROR] Failed to load resource: net::ERR_INTERNET_DISCONNECTED @ https://claimavenue.com/api/skyline/bootstrap:0
[116329561ms] [ERROR] Failed to load resource: net::ERR_INTERNET_DISCONNECTED @ https://claimavenue.com/api/skyline/reservations/holds:0
[116329584ms] [ERROR] Failed to load resource: net::ERR_INTERNET_DISCONNECTED @ https://claimavenue.com/api/skyline/statistics?live=1:0
[116332563ms] [ERROR] Failed to load resource: net::ERR_INTERNET_DISCONNECTED @ https://claimavenue.com/api/skyline/reservations/holds:0
[116334482ms] [ERROR] Failed to load resource: net::ERR_INTERNET_DISCONNECTED @ https://claimavenue.com/api/skyline/air-ads:0
[116334482ms] [ERROR] Failed to load resource: net::ERR_INTERNET_DISCONNECTED @ https://claimavenue.com/api/skyline/billboard-ads:0
[116334591ms] [ERROR] Failed to load resource: net::ERR_INTERNET_DISCONNECTED @ https://claimavenue.com/api/skyline/statistics?live=1:0
[116335559ms] [ERROR] Failed to load resource: net::ERR_INTERNET_DISCONNECTED @ https://claimavenue.com/api/skyline/reservations/holds:0
[116338562ms] [ERROR] Failed to load resource: net::ERR_INTERNET_DISCONNECTED @ https://claimavenue.com/api/skyline/reservations/holds:0
[116339224ms] [ERROR] Failed to load resource: net::ERR_INTERNET_DISCONNECTED @ https://claimavenue.com/api/skyline/presence:0
[116339600ms] [ERROR] Failed to load resource: net::ERR_INTERNET_DISCONNECTED @ https://claimavenue.com/api/skyline/statistics?live=1:0
[116341564ms] [ERROR] Failed to load resource: net::ERR_INTERNET_DISCONNECTED @ https://claimavenue.com/api/skyline/reservations/holds:0
[116344483ms] [ERROR] Failed to load resource: net::ERR_INTERNET_DISCONNECTED @ https://claimavenue.com/api/skyline/air-ads:0
[116344484ms] [ERROR] Failed to load resource: net::ERR_INTERNET_DISCONNECTED @ https://claimavenue.com/api/skyline/bootstrap:0
[116344485ms] [ERROR] Failed to load resource: net::ERR_INTERNET_DISCONNECTED @ https://claimavenue.com/api/skyline/billboard-ads:0
[116344561ms] [ERROR] Failed to load resource: net::ERR_INTERNET_DISCONNECTED @ https://claimavenue.com/api/skyline/reservations/holds:0
[116344606ms] [ERROR] Failed to load resource: net::ERR_INTERNET_DISCONNECTED @ https://claimavenue.com/api/skyline/statistics?live=1:0
[116347563ms] [ERROR] Failed to load resource: net::ERR_INTERNET_DISCONNECTED @ https://claimavenue.com/api/skyline/reservations/holds:0
[116349615ms] [ERROR] Failed to load resource: net::ERR_INTERNET_DISCONNECTED @ https://claimavenue.com/api/skyline/statistics?live=1:0
[116350558ms] [ERROR] Failed to load resource: net::ERR_INTERNET_DISCONNECTED @ https://claimavenue.com/api/skyline/reservations/holds:0
[116351231ms] [ERROR] Failed to load resource: net::ERR_INTERNET_DISCONNECTED @ https://claimavenue.com/api/skyline/presence:0
[116353558ms] [ERROR] Failed to load resource: net::ERR_INTERNET_DISCONNECTED @ https://claimavenue.com/api/skyline/reservations/holds:0
[116354487ms] [ERROR] Failed to load resource: net::ERR_INTERNET_DISCONNECTED @ https://claimavenue.com/api/skyline/air-ads:0
[116354488ms] [ERROR] Failed to load resource: net::ERR_INTERNET_DISCONNECTED @ https://claimavenue.com/api/skyline/billboard-ads:0
[116354620ms] [ERROR] Failed to load resource: net::ERR_INTERNET_DISCONNECTED @ https://claimavenue.com/api/skyline/statistics?live=1:0
[116356557ms] [ERROR] Failed to load resource: net::ERR_INTERNET_DISCONNECTED @ https://claimavenue.com/api/skyline/reservations/holds:0
[116359484ms] [ERROR] Failed to load resource: net::ERR_INTERNET_DISCONNECTED @ https://claimavenue.com/api/skyline/bootstrap:0
[116359559ms] [ERROR] Failed to load resource: net::ERR_INTERNET_DISCONNECTED @ https://claimavenue.com/api/skyline/reservations/holds:0
[116359625ms] [ERROR] Failed to load resource: net::ERR_INTERNET_DISCONNECTED @ https://claimavenue.com/api/skyline/statistics?live=1:0
[116362560ms] [ERROR] Failed to load resource: net::ERR_INTERNET_DISCONNECTED @ https://claimavenue.com/api/skyline/reservations/holds:0
[116363237ms] [ERROR] Failed to load resource: net::ERR_INTERNET_DISCONNECTED @ https://claimavenue.com/api/skyline/presence:0
[116364485ms] [ERROR] Failed to load resource: net::ERR_INTERNET_DISCONNECTED @ https://claimavenue.com/api/skyline/air-ads:0
[116364486ms] [ERROR] Failed to load resource: net::ERR_INTERNET_DISCONNECTED @ https://claimavenue.com/api/skyline/billboard-ads:0
[116364634ms] [ERROR] Failed to load resource: net::ERR_INTERNET_DISCONNECTED @ https://claimavenue.com/api/skyline/statistics?live=1:0
[116365558ms] [ERROR] Failed to load resource: net::ERR_INTERNET_DISCONNECTED @ https://claimavenue.com/api/skyline/reservations/holds:0
[116368563ms] [ERROR] Failed to load resource: net::ERR_INTERNET_DISCONNECTED @ https://claimavenue.com/api/skyline/reservations/holds:0
[116369640ms] [ERROR] Failed to load resource: net::ERR_INTERNET_DISCONNECTED @ https://claimavenue.com/api/skyline/statistics?live=1:0
[116371559ms] [ERROR] Failed to load resource: net::ERR_INTERNET_DISCONNECTED @ https://claimavenue.com/api/skyline/reservations/holds:0
[116374486ms] [ERROR] Failed to load resource: net::ERR_INTERNET_DISCONNECTED @ https://claimavenue.com/api/skyline/air-ads:0
[116374487ms] [ERROR] Failed to load resource: net::ERR_INTERNET_DISCONNECTED @ https://claimavenue.com/api/skyline/bootstrap:0
[116374487ms] [ERROR] Failed to load resource: net::ERR_INTERNET_DISCONNECTED @ https://claimavenue.com/api/skyline/billboard-ads:0
[116374562ms] [ERROR] Failed to load resource: net::ERR_INTERNET_DISCONNECTED @ https://claimavenue.com/api/skyline/reservations/holds:0
[116374648ms] [ERROR] Failed to load resource: net::ERR_INTERNET_DISCONNECTED @ https://claimavenue.com/api/skyline/statistics?live=1:0
[116375242ms] [ERROR] Failed to load resource: net::ERR_INTERNET_DISCONNECTED @ https://claimavenue.com/api/skyline/presence:0
[116377562ms] [ERROR] Failed to load resource: net::ERR_INTERNET_DISCONNECTED @ https://claimavenue.com/api/skyline/reservations/holds:0
[116379656ms] [ERROR] Failed to load resource: net::ERR_INTERNET_DISCONNECTED @ https://claimavenue.com/api/skyline/statistics?live=1:0
[116380562ms] [ERROR] Failed to load resource: net::ERR_INTERNET_DISCONNECTED @ https://claimavenue.com/api/skyline/reservations/holds:0
[116383559ms] [ERROR] Failed to load resource: net::ERR_INTERNET_DISCONNECTED @ https://claimavenue.com/api/skyline/reservations/holds:0
[116384483ms] [ERROR] Failed to load resource: net::ERR_INTERNET_DISCONNECTED @ https://claimavenue.com/api/skyline/air-ads:0
[116384484ms] [ERROR] Failed to load resource: net::ERR_INTERNET_DISCONNECTED @ https://claimavenue.com/api/skyline/billboard-ads:0
[116384666ms] [ERROR] Failed to load resource: net::ERR_INTERNET_DISCONNECTED @ https://claimavenue.com/api/skyline/statistics?live=1:0
[116386561ms] [ERROR] Failed to load resource: net::ERR_INTERNET_DISCONNECTED @ https://claimavenue.com/api/skyline/reservations/holds:0
[116387247ms] [ERROR] Failed to load resource: net::ERR_INTERNET_DISCONNECTED @ https://claimavenue.com/api/skyline/presence:0
[116389486ms] [ERROR] Failed to load resource: net::ERR_INTERNET_DISCONNECTED @ https://claimavenue.com/api/skyline/bootstrap:0
[116389563ms] [ERROR] Failed to load resource: net::ERR_INTERNET_DISCONNECTED @ https://claimavenue.com/api/skyline/reservations/holds:0
[116389672ms] [ERROR] Failed to load resource: net::ERR_INTERNET_DISCONNECTED @ https://claimavenue.com/api/skyline/statistics?live=1:0
[116392560ms] [ERROR] Failed to load resource: net::ERR_INTERNET_DISCONNECTED @ https://claimavenue.com/api/skyline/reservations/holds:0
[116394485ms] [ERROR] Failed to load resource: net::ERR_INTERNET_DISCONNECTED @ https://claimavenue.com/api/skyline/air-ads:0
[116394487ms] [ERROR] Failed to load resource: net::ERR_INTERNET_DISCONNECTED @ https://claimavenue.com/api/skyline/billboard-ads:0
[116394677ms] [ERROR] Failed to load resource: net::ERR_INTERNET_DISCONNECTED @ https://claimavenue.com/api/skyline/statistics?live=1:0
[116395564ms] [ERROR] Failed to load resource: net::ERR_INTERNET_DISCONNECTED @ https://claimavenue.com/api/skyline/reservations/holds:0
[116398559ms] [ERROR] Failed to load resource: net::ERR_INTERNET_DISCONNECTED @ https://claimavenue.com/api/skyline/reservations/holds:0
[116399252ms] [ERROR] Failed to load resource: net::ERR_INTERNET_DISCONNECTED @ https://claimavenue.com/api/skyline/presence:0
[116399688ms] [ERROR] Failed to load resource: net::ERR_INTERNET_DISCONNECTED @ https://claimavenue.com/api/skyline/statistics?live=1:0
[116401563ms] [ERROR] Failed to load resource: net::ERR_INTERNET_DISCONNECTED @ https://claimavenue.com/api/skyline/reservations/holds:0
[116404482ms] [ERROR] Failed to load resource: net::ERR_INTERNET_DISCONNECTED @ https://claimavenue.com/api/skyline/air-ads:0
[116404483ms] [ERROR] Failed to load resource: net::ERR_INTERNET_DISCONNECTED @ https://claimavenue.com/api/skyline/billboard-ads:0
[116404483ms] [ERROR] Failed to load resource: net::ERR_INTERNET_DISCONNECTED @ https://claimavenue.com/api/skyline/bootstrap:0
[116404559ms] [ERROR] Failed to load resource: net::ERR_INTERNET_DISCONNECTED @ https://claimavenue.com/api/skyline/reservations/holds:0
[116404692ms] [ERROR] Failed to load resource: net::ERR_INTERNET_DISCONNECTED @ https://claimavenue.com/api/skyline/statistics?live=1:0
[116407560ms] [ERROR] Failed to load resource: net::ERR_INTERNET_DISCONNECTED @ https://claimavenue.com/api/skyline/reservations/holds:0
[116409701ms] [ERROR] Failed to load resource: net::ERR_INTERNET_DISCONNECTED @ https://claimavenue.com/api/skyline/statistics?live=1:0
[116410559ms] [ERROR] Failed to load resource: net::ERR_INTERNET_DISCONNECTED @ https://claimavenue.com/api/skyline/reservations/holds:0
[116411259ms] [ERROR] Failed to load resource: net::ERR_INTERNET_DISCONNECTED @ https://claimavenue.com/api/skyline/presence:0
[116413562ms] [ERROR] Failed to load resource: net::ERR_INTERNET_DISCONNECTED @ https://claimavenue.com/api/skyline/reservations/holds:0
[116414484ms] [ERROR] Failed to load resource: net::ERR_INTERNET_DISCONNECTED @ https://claimavenue.com/api/skyline/air-ads:0
[116414485ms] [ERROR] Failed to load resource: net::ERR_INTERNET_DISCONNECTED @ https://claimavenue.com/api/skyline/billboard-ads:0
[116414706ms] [ERROR] Failed to load resource: net::ERR_INTERNET_DISCONNECTED @ https://claimavenue.com/api/skyline/statistics?live=1:0
[116416562ms] [ERROR] Failed to load resource: net::ERR_INTERNET_DISCONNECTED @ https://claimavenue.com/api/skyline/reservations/holds:0
[116419487ms] [ERROR] Failed to load resource: net::ERR_INTERNET_DISCONNECTED @ https://claimavenue.com/api/skyline/bootstrap:0
[116419571ms] [ERROR] Failed to load resource: net::ERR_INTERNET_DISCONNECTED @ https://claimavenue.com/api/skyline/reservations/holds:0
[116419712ms] [ERROR] Failed to load resource: net::ERR_INTERNET_DISCONNECTED @ https://claimavenue.com/api/skyline/statistics?live=1:0
[116422564ms] [ERROR] Failed to load resource: net::ERR_INTERNET_DISCONNECTED @ https://claimavenue.com/api/skyline/reservations/holds:0
[116423264ms] [ERROR] Failed to load resource: net::ERR_INTERNET_DISCONNECTED @ https://claimavenue.com/api/skyline/presence:0
[116424486ms] [ERROR] Failed to load resource: net::ERR_INTERNET_DISCONNECTED @ https://claimavenue.com/api/skyline/air-ads:0
[116424487ms] [ERROR] Failed to load resource: net::ERR_INTERNET_DISCONNECTED @ https://claimavenue.com/api/skyline/billboard-ads:0
[116424718ms] [ERROR] Failed to load resource: net::ERR_INTERNET_DISCONNECTED @ https://claimavenue.com/api/skyline/statistics?live=1:0
[116425560ms] [ERROR] Failed to load resource: net::ERR_INTERNET_DISCONNECTED @ https://claimavenue.com/api/skyline/reservations/holds:0
[116428567ms] [ERROR] Failed to load resource: net::ERR_INTERNET_DISCONNECTED @ https://claimavenue.com/api/skyline/reservations/holds:0
[116429727ms] [ERROR] Failed to load resource: net::ERR_INTERNET_DISCONNECTED @ https://claimavenue.com/api/skyline/statistics?live=1:0
[116431559ms] [ERROR] Failed to load resource: net::ERR_INTERNET_DISCONNECTED @ https://claimavenue.com/api/skyline/reservations/holds:0
[116434486ms] [ERROR] Failed to load resource: net::ERR_INTERNET_DISCONNECTED @ https://claimavenue.com/api/skyline/air-ads:0
[116434487ms] [ERROR] Failed to load resource: net::ERR_INTERNET_DISCONNECTED @ https://claimavenue.com/api/skyline/billboard-ads:0
[116434487ms] [ERROR] Failed to load resource: net::ERR_INTERNET_DISCONNECTED @ https://claimavenue.com/api/skyline/bootstrap:0
[116434558ms] [ERROR] Failed to load resource: net::ERR_INTERNET_DISCONNECTED @ https://claimavenue.com/api/skyline/reservations/holds:0
[116434732ms] [ERROR] Failed to load resource: net::ERR_INTERNET_DISCONNECTED @ https://claimavenue.com/api/skyline/statistics?live=1:0
[116435269ms] [ERROR] Failed to load resource: net::ERR_INTERNET_DISCONNECTED @ https://claimavenue.com/api/skyline/presence:0
[116437559ms] [ERROR] Failed to load resource: net::ERR_INTERNET_DISCONNECTED @ https://claimavenue.com/api/skyline/reservations/holds:0
[116439739ms] [ERROR] Failed to load resource: net::ERR_INTERNET_DISCONNECTED @ https://claimavenue.com/api/skyline/statistics?live=1:0
[116440563ms] [ERROR] Failed to load resource: net::ERR_INTERNET_DISCONNECTED @ https://claimavenue.com/api/skyline/reservations/holds:0
[116443562ms] [ERROR] Failed to load resource: net::ERR_INTERNET_DISCONNECTED @ https://claimavenue.com/api/skyline/reservations/holds:0
[116444484ms] [ERROR] Failed to load resource: net::ERR_INTERNET_DISCONNECTED @ https://claimavenue.com/api/skyline/air-ads:0
[116444485ms] [ERROR] Failed to load resource: net::ERR_INTERNET_DISCONNECTED @ https://claimavenue.com/api/skyline/billboard-ads:0
[116444751ms] [ERROR] Failed to load resource: net::ERR_INTERNET_DISCONNECTED @ https://claimavenue.com/api/skyline/statistics?live=1:0
[116446558ms] [ERROR] Failed to load resource: net::ERR_INTERNET_DISCONNECTED @ https://claimavenue.com/api/skyline/reservations/holds:0
[116447275ms] [ERROR] Failed to load resource: net::ERR_INTERNET_DISCONNECTED @ https://claimavenue.com/api/skyline/presence:0
[116449487ms] [ERROR] Failed to load resource: net::ERR_INTERNET_DISCONNECTED @ https://claimavenue.com/api/skyline/bootstrap:0
[116449561ms] [ERROR] Failed to load resource: net::ERR_INTERNET_DISCONNECTED @ https://claimavenue.com/api/skyline/reservations/holds:0
[116449757ms] [ERROR] Failed to load resource: net::ERR_INTERNET_DISCONNECTED @ https://claimavenue.com/api/skyline/statistics?live=1:0
[116452570ms] [ERROR] Failed to load resource: net::ERR_INTERNET_DISCONNECTED @ https://claimavenue.com/api/skyline/reservations/holds:0
[116454483ms] [ERROR] Failed to load resource: net::ERR_INTERNET_DISCONNECTED @ https://claimavenue.com/api/skyline/air-ads:0
[116454483ms] [ERROR] Failed to load resource: net::ERR_INTERNET_DISCONNECTED @ https://claimavenue.com/api/skyline/billboard-ads:0
[116454762ms] [ERROR] Failed to load resource: net::ERR_INTERNET_DISCONNECTED @ https://claimavenue.com/api/skyline/statistics?live=1:0
[116455564ms] [ERROR] Failed to load resource: net::ERR_INTERNET_DISCONNECTED @ https://claimavenue.com/api/skyline/reservations/holds:0
[116458566ms] [ERROR] Failed to load resource: net::ERR_INTERNET_DISCONNECTED @ https://claimavenue.com/api/skyline/reservations/holds:0
[116459283ms] [ERROR] Failed to load resource: net::ERR_INTERNET_DISCONNECTED @ https://claimavenue.com/api/skyline/presence:0
[116459774ms] [ERROR] Failed to load resource: net::ERR_INTERNET_DISCONNECTED @ https://claimavenue.com/api/skyline/statistics?live=1:0
[116461558ms] [ERROR] Failed to load resource: net::ERR_INTERNET_DISCONNECTED @ https://claimavenue.com/api/skyline/reservations/holds:0
[116464488ms] [ERROR] Failed to load resource: net::ERR_INTERNET_DISCONNECTED @ https://claimavenue.com/api/skyline/air-ads:0
[116464488ms] [ERROR] Failed to load resource: net::ERR_INTERNET_DISCONNECTED @ https://claimavenue.com/api/skyline/bootstrap:0
[116464489ms] [ERROR] Failed to load resource: net::ERR_INTERNET_DISCONNECTED @ https://claimavenue.com/api/skyline/billboard-ads:0
[116464558ms] [ERROR] Failed to load resource: net::ERR_INTERNET_DISCONNECTED @ https://claimavenue.com/api/skyline/reservations/holds:0
[116464778ms] [ERROR] Failed to load resource: net::ERR_INTERNET_DISCONNECTED @ https://claimavenue.com/api/skyline/statistics?live=1:0
[116467565ms] [ERROR] Failed to load resource: net::ERR_INTERNET_DISCONNECTED @ https://claimavenue.com/api/skyline/reservations/holds:0
[116469784ms] [ERROR] Failed to load resource: net::ERR_INTERNET_DISCONNECTED @ https://claimavenue.com/api/skyline/statistics?live=1:0
[116470560ms] [ERROR] Failed to load resource: net::ERR_INTERNET_DISCONNECTED @ https://claimavenue.com/api/skyline/reservations/holds:0
[116471291ms] [ERROR] Failed to load resource: net::ERR_INTERNET_DISCONNECTED @ https://claimavenue.com/api/skyline/presence:0
[116473562ms] [ERROR] Failed to load resource: net::ERR_INTERNET_DISCONNECTED @ https://claimavenue.com/api/skyline/reservations/holds:0
[116474483ms] [ERROR] Failed to load resource: net::ERR_INTERNET_DISCONNECTED @ https://claimavenue.com/api/skyline/air-ads:0
[116474484ms] [ERROR] Failed to load resource: net::ERR_INTERNET_DISCONNECTED @ https://claimavenue.com/api/skyline/billboard-ads:0
[116474793ms] [ERROR] Failed to load resource: net::ERR_INTERNET_DISCONNECTED @ https://claimavenue.com/api/skyline/statistics?live=1:0
[116476564ms] [ERROR] Failed to load resource: net::ERR_INTERNET_DISCONNECTED @ https://claimavenue.com/api/skyline/reservations/holds:0
[116479484ms] [ERROR] Failed to load resource: net::ERR_INTERNET_DISCONNECTED @ https://claimavenue.com/api/skyline/bootstrap:0
[116479561ms] [ERROR] Failed to load resource: net::ERR_INTERNET_DISCONNECTED @ https://claimavenue.com/api/skyline/reservations/holds:0
[116479803ms] [ERROR] Failed to load resource: net::ERR_INTERNET_DISCONNECTED @ https://claimavenue.com/api/skyline/statistics?live=1:0
[116482559ms] [ERROR] Failed to load resource: net::ERR_INTERNET_DISCONNECTED @ https://claimavenue.com/api/skyline/reservations/holds:0
[116483296ms] [ERROR] Failed to load resource: net::ERR_INTERNET_DISCONNECTED @ https://claimavenue.com/api/skyline/presence:0
[116484484ms] [ERROR] Failed to load resource: net::ERR_INTERNET_DISCONNECTED @ https://claimavenue.com/api/skyline/air-ads:0
[116484485ms] [ERROR] Failed to load resource: net::ERR_INTERNET_DISCONNECTED @ https://claimavenue.com/api/skyline/billboard-ads:0
[116484809ms] [ERROR] Failed to load resource: net::ERR_INTERNET_DISCONNECTED @ https://claimavenue.com/api/skyline/statistics?live=1:0
[116485563ms] [ERROR] Failed to load resource: net::ERR_INTERNET_DISCONNECTED @ https://claimavenue.com/api/skyline/reservations/holds:0
[116488566ms] [ERROR] Failed to load resource: net::ERR_INTERNET_DISCONNECTED @ https://claimavenue.com/api/skyline/reservations/holds:0
[116489815ms] [ERROR] Failed to load resource: net::ERR_INTERNET_DISCONNECTED @ https://claimavenue.com/api/skyline/statistics?live=1:0
[116491559ms] [ERROR] Failed to load resource: net::ERR_INTERNET_DISCONNECTED @ https://claimavenue.com/api/skyline/reservations/holds:0
[116494491ms] [ERROR] Failed to load resource: net::ERR_INTERNET_DISCONNECTED @ https://claimavenue.com/api/skyline/billboard-ads:0
[116494492ms] [ERROR] Failed to load resource: net::ERR_INTERNET_DISCONNECTED @ https://claimavenue.com/api/skyline/air-ads:0
[116494492ms] [ERROR] Failed to load resource: net::ERR_INTERNET_DISCONNECTED @ https://claimavenue.com/api/skyline/bootstrap:0
[116494563ms] [ERROR] Failed to load resource: net::ERR_INTERNET_DISCONNECTED @ https://claimavenue.com/api/skyline/reservations/holds:0
[116494818ms] [ERROR] Failed to load resource: net::ERR_INTERNET_DISCONNECTED @ https://claimavenue.com/api/skyline/statistics?live=1:0
[116495308ms] [ERROR] Failed to load resource: net::ERR_INTERNET_DISCONNECTED @ https://claimavenue.com/api/skyline/presence:0
[116497564ms] [ERROR] Failed to load resource: net::ERR_INTERNET_DISCONNECTED @ https://claimavenue.com/api/skyline/reservations/holds:0
[116499823ms] [ERROR] Failed to load resource: net::ERR_INTERNET_DISCONNECTED @ https://claimavenue.com/api/skyline/statistics?live=1:0
[116500565ms] [ERROR] Failed to load resource: net::ERR_INTERNET_DISCONNECTED @ https://claimavenue.com/api/skyline/reservations/holds:0
[116503558ms] [ERROR] Failed to load resource: net::ERR_INTERNET_DISCONNECTED @ https://claimavenue.com/api/skyline/reservations/holds:0
[116504483ms] [ERROR] Failed to load resource: net::ERR_INTERNET_DISCONNECTED @ https://claimavenue.com/api/skyline/air-ads:0
[116504484ms] [ERROR] Failed to load resource: net::ERR_INTERNET_DISCONNECTED @ https://claimavenue.com/api/skyline/billboard-ads:0
[116504829ms] [ERROR] Failed to load resource: net::ERR_INTERNET_DISCONNECTED @ https://claimavenue.com/api/skyline/statistics?live=1:0
[116506562ms] [ERROR] Failed to load resource: net::ERR_INTERNET_DISCONNECTED @ https://claimavenue.com/api/skyline/reservations/holds:0
[116507317ms] [ERROR] Failed to load resource: net::ERR_INTERNET_DISCONNECTED @ https://claimavenue.com/api/skyline/presence:0
[116509489ms] [ERROR] Failed to load resource: net::ERR_INTERNET_DISCONNECTED @ https://claimavenue.com/api/skyline/bootstrap:0
[116509561ms] [ERROR] Failed to load resource: net::ERR_INTERNET_DISCONNECTED @ https://claimavenue.com/api/skyline/reservations/holds:0
[116509851ms] [ERROR] Failed to load resource: net::ERR_INTERNET_DISCONNECTED @ https://claimavenue.com/api/skyline/statistics?live=1:0
[116512561ms] [ERROR] Failed to load resource: net::ERR_INTERNET_DISCONNECTED @ https://claimavenue.com/api/skyline/reservations/holds:0
[116514490ms] [ERROR] Failed to load resource: net::ERR_INTERNET_DISCONNECTED @ https://claimavenue.com/api/skyline/air-ads:0
[116514490ms] [ERROR] Failed to load resource: net::ERR_INTERNET_DISCONNECTED @ https://claimavenue.com/api/skyline/billboard-ads:0
[116514866ms] [ERROR] Failed to load resource: net::ERR_INTERNET_DISCONNECTED @ https://claimavenue.com/api/skyline/statistics?live=1:0
[116515561ms] [ERROR] Failed to load resource: net::ERR_INTERNET_DISCONNECTED @ https://claimavenue.com/api/skyline/reservations/holds:0
[116518569ms] [ERROR] Failed to load resource: net::ERR_INTERNET_DISCONNECTED @ https://claimavenue.com/api/skyline/reservations/holds:0
[116519324ms] [ERROR] Failed to load resource: net::ERR_INTERNET_DISCONNECTED @ https://claimavenue.com/api/skyline/presence:0
[116519872ms] [ERROR] Failed to load resource: net::ERR_INTERNET_DISCONNECTED @ https://claimavenue.com/api/skyline/statistics?live=1:0
[116521558ms] [ERROR] Failed to load resource: net::ERR_INTERNET_DISCONNECTED @ https://claimavenue.com/api/skyline/reservations/holds:0
[116524488ms] [ERROR] Failed to load resource: net::ERR_INTERNET_DISCONNECTED @ https://claimavenue.com/api/skyline/air-ads:0
[116524488ms] [ERROR] Failed to load resource: net::ERR_INTERNET_DISCONNECTED @ https://claimavenue.com/api/skyline/bootstrap:0
[116524488ms] [ERROR] Failed to load resource: net::ERR_INTERNET_DISCONNECTED @ https://claimavenue.com/api/skyline/billboard-ads:0
[116524560ms] [ERROR] Failed to load resource: net::ERR_INTERNET_DISCONNECTED @ https://claimavenue.com/api/skyline/reservations/holds:0
[116524879ms] [ERROR] Failed to load resource: net::ERR_INTERNET_DISCONNECTED @ https://claimavenue.com/api/skyline/statistics?live=1:0
[116527560ms] [ERROR] Failed to load resource: net::ERR_INTERNET_DISCONNECTED @ https://claimavenue.com/api/skyline/reservations/holds:0
[116529897ms] [ERROR] Failed to load resource: net::ERR_INTERNET_DISCONNECTED @ https://claimavenue.com/api/skyline/statistics?live=1:0
[116530560ms] [ERROR] Failed to load resource: net::ERR_INTERNET_DISCONNECTED @ https://claimavenue.com/api/skyline/reservations/holds:0
[116531337ms] [ERROR] Failed to load resource: net::ERR_INTERNET_DISCONNECTED @ https://claimavenue.com/api/skyline/presence:0
[116533566ms] [ERROR] Failed to load resource: net::ERR_INTERNET_DISCONNECTED @ https://claimavenue.com/api/skyline/reservations/holds:0
[116534489ms] [ERROR] Failed to load resource: net::ERR_INTERNET_DISCONNECTED @ https://claimavenue.com/api/skyline/air-ads:0
[116534490ms] [ERROR] Failed to load resource: net::ERR_INTERNET_DISCONNECTED @ https://claimavenue.com/api/skyline/billboard-ads:0
[116534903ms] [ERROR] Failed to load resource: net::ERR_INTERNET_DISCONNECTED @ https://claimavenue.com/api/skyline/statistics?live=1:0
[116536562ms] [ERROR] Failed to load resource: net::ERR_INTERNET_DISCONNECTED @ https://claimavenue.com/api/skyline/reservations/holds:0
[116539488ms] [ERROR] Failed to load resource: net::ERR_INTERNET_DISCONNECTED @ https://claimavenue.com/api/skyline/bootstrap:0
[116539563ms] [ERROR] Failed to load resource: net::ERR_INTERNET_DISCONNECTED @ https://claimavenue.com/api/skyline/reservations/holds:0
[116539908ms] [ERROR] Failed to load resource: net::ERR_INTERNET_DISCONNECTED @ https://claimavenue.com/api/skyline/statistics?live=1:0
[116542562ms] [ERROR] Failed to load resource: net::ERR_INTERNET_DISCONNECTED @ https://claimavenue.com/api/skyline/reservations/holds:0
[116543348ms] [ERROR] Failed to load resource: net::ERR_INTERNET_DISCONNECTED @ https://claimavenue.com/api/skyline/presence:0
[116544493ms] [ERROR] Failed to load resource: net::ERR_INTERNET_DISCONNECTED @ https://claimavenue.com/api/skyline/air-ads:0
[116544494ms] [ERROR] Failed to load resource: net::ERR_INTERNET_DISCONNECTED @ https://claimavenue.com/api/skyline/billboard-ads:0
[116544912ms] [ERROR] Failed to load resource: net::ERR_INTERNET_DISCONNECTED @ https://claimavenue.com/api/skyline/statistics?live=1:0
[116545563ms] [ERROR] Failed to load resource: net::ERR_INTERNET_DISCONNECTED @ https://claimavenue.com/api/skyline/reservations/holds:0
[116548565ms] [ERROR] Failed to load resource: net::ERR_INTERNET_DISCONNECTED @ https://claimavenue.com/api/skyline/reservations/holds:0
[116549921ms] [ERROR] Failed to load resource: net::ERR_INTERNET_DISCONNECTED @ https://claimavenue.com/api/skyline/statistics?live=1:0
[116551561ms] [ERROR] Failed to load resource: net::ERR_INTERNET_DISCONNECTED @ https://claimavenue.com/api/skyline/reservations/holds:0
[116554485ms] [ERROR] Failed to load resource: net::ERR_INTERNET_DISCONNECTED @ https://claimavenue.com/api/skyline/bootstrap:0
[116554486ms] [ERROR] Failed to load resource: net::ERR_INTERNET_DISCONNECTED @ https://claimavenue.com/api/skyline/air-ads:0
[116554486ms] [ERROR] Failed to load resource: net::ERR_INTERNET_DISCONNECTED @ https://claimavenue.com/api/skyline/billboard-ads:0
[116554559ms] [ERROR] Failed to load resource: net::ERR_INTERNET_DISCONNECTED @ https://claimavenue.com/api/skyline/reservations/holds:0
[116554927ms] [ERROR] Failed to load resource: net::ERR_INTERNET_DISCONNECTED @ https://claimavenue.com/api/skyline/statistics?live=1:0
[116555356ms] [ERROR] Failed to load resource: net::ERR_INTERNET_DISCONNECTED @ https://claimavenue.com/api/skyline/presence:0
[116557567ms] [ERROR] Failed to load resource: net::ERR_INTERNET_DISCONNECTED @ https://claimavenue.com/api/skyline/reservations/holds:0
[116559935ms] [ERROR] Failed to load resource: net::ERR_INTERNET_DISCONNECTED @ https://claimavenue.com/api/skyline/statistics?live=1:0
[116560560ms] [ERROR] Failed to load resource: net::ERR_INTERNET_DISCONNECTED @ https://claimavenue.com/api/skyline/reservations/holds:0
[116563563ms] [ERROR] Failed to load resource: net::ERR_INTERNET_DISCONNECTED @ https://claimavenue.com/api/skyline/reservations/holds:0
[116564498ms] [ERROR] Failed to load resource: net::ERR_INTERNET_DISCONNECTED @ https://claimavenue.com/api/skyline/air-ads:0
[116564499ms] [ERROR] Failed to load resource: net::ERR_INTERNET_DISCONNECTED @ https://claimavenue.com/api/skyline/billboard-ads:0
[116564941ms] [ERROR] Failed to load resource: net::ERR_INTERNET_DISCONNECTED @ https://claimavenue.com/api/skyline/statistics?live=1:0
[116566561ms] [ERROR] Failed to load resource: net::ERR_INTERNET_DISCONNECTED @ https://claimavenue.com/api/skyline/reservations/holds:0
[116567368ms] [ERROR] Failed to load resource: net::ERR_INTERNET_DISCONNECTED @ https://claimavenue.com/api/skyline/presence:0
[116569487ms] [ERROR] Failed to load resource: net::ERR_INTERNET_DISCONNECTED @ https://claimavenue.com/api/skyline/bootstrap:0
[116569559ms] [ERROR] Failed to load resource: net::ERR_INTERNET_DISCONNECTED @ https://claimavenue.com/api/skyline/reservations/holds:0
[116569947ms] [ERROR] Failed to load resource: net::ERR_INTERNET_DISCONNECTED @ https://claimavenue.com/api/skyline/statistics?live=1:0
[116572565ms] [ERROR] Failed to load resource: net::ERR_INTERNET_DISCONNECTED @ https://claimavenue.com/api/skyline/reservations/holds:0
[116574489ms] [ERROR] Failed to load resource: net::ERR_INTERNET_DISCONNECTED @ https://claimavenue.com/api/skyline/billboard-ads:0
[116574489ms] [ERROR] Failed to load resource: net::ERR_INTERNET_DISCONNECTED @ https://claimavenue.com/api/skyline/air-ads:0
[116574954ms] [ERROR] Failed to load resource: net::ERR_INTERNET_DISCONNECTED @ https://claimavenue.com/api/skyline/statistics?live=1:0
[116575564ms] [ERROR] Failed to load resource: net::ERR_INTERNET_DISCONNECTED @ https://claimavenue.com/api/skyline/reservations/holds:0
[116578564ms] [ERROR] Failed to load resource: net::ERR_INTERNET_DISCONNECTED @ https://claimavenue.com/api/skyline/reservations/holds:0
[116579375ms] [ERROR] Failed to load resource: net::ERR_INTERNET_DISCONNECTED @ https://claimavenue.com/api/skyline/presence:0
[116579958ms] [ERROR] Failed to load resource: net::ERR_INTERNET_DISCONNECTED @ https://claimavenue.com/api/skyline/statistics?live=1:0
[116581561ms] [ERROR] Failed to load resource: net::ERR_INTERNET_DISCONNECTED @ https://claimavenue.com/api/skyline/reservations/holds:0
[116584489ms] [ERROR] Failed to load resource: net::ERR_INTERNET_DISCONNECTED @ https://claimavenue.com/api/skyline/air-ads:0
[116584490ms] [ERROR] Failed to load resource: net::ERR_INTERNET_DISCONNECTED @ https://claimavenue.com/api/skyline/billboard-ads:0
[116584490ms] [ERROR] Failed to load resource: net::ERR_INTERNET_DISCONNECTED @ https://claimavenue.com/api/skyline/bootstrap:0
[116584560ms] [ERROR] Failed to load resource: net::ERR_INTERNET_DISCONNECTED @ https://claimavenue.com/api/skyline/reservations/holds:0
[116584964ms] [ERROR] Failed to load resource: net::ERR_INTERNET_DISCONNECTED @ https://claimavenue.com/api/skyline/statistics?live=1:0
[116587564ms] [ERROR] Failed to load resource: net::ERR_INTERNET_DISCONNECTED @ https://claimavenue.com/api/skyline/reservations/holds:0
[116589973ms] [ERROR] Failed to load resource: net::ERR_INTERNET_DISCONNECTED @ https://claimavenue.com/api/skyline/statistics?live=1:0
[116590562ms] [ERROR] Failed to load resource: net::ERR_INTERNET_DISCONNECTED @ https://claimavenue.com/api/skyline/reservations/holds:0
[116591388ms] [ERROR] Failed to load resource: net::ERR_INTERNET_DISCONNECTED @ https://claimavenue.com/api/skyline/presence:0
[116593565ms] [ERROR] Failed to load resource: net::ERR_INTERNET_DISCONNECTED @ https://claimavenue.com/api/skyline/reservations/holds:0
[116594486ms] [ERROR] Failed to load resource: net::ERR_INTERNET_DISCONNECTED @ https://claimavenue.com/api/skyline/air-ads:0
[116594487ms] [ERROR] Failed to load resource: net::ERR_INTERNET_DISCONNECTED @ https://claimavenue.com/api/skyline/billboard-ads:0
[116594980ms] [ERROR] Failed to load resource: net::ERR_INTERNET_DISCONNECTED @ https://claimavenue.com/api/skyline/statistics?live=1:0
[116596572ms] [ERROR] Failed to load resource: net::ERR_INTERNET_DISCONNECTED @ https://claimavenue.com/api/skyline/reservations/holds:0
[116599487ms] [ERROR] Failed to load resource: net::ERR_INTERNET_DISCONNECTED @ https://claimavenue.com/api/skyline/bootstrap:0
[116599560ms] [ERROR] Failed to load resource: net::ERR_INTERNET_DISCONNECTED @ https://claimavenue.com/api/skyline/reservations/holds:0
[116599989ms] [ERROR] Failed to load resource: net::ERR_INTERNET_DISCONNECTED @ https://claimavenue.com/api/skyline/statistics?live=1:0
[116602568ms] [ERROR] Failed to load resource: net::ERR_INTERNET_DISCONNECTED @ https://claimavenue.com/api/skyline/reservations/holds:0
[116603399ms] [ERROR] Failed to load resource: net::ERR_INTERNET_DISCONNECTED @ https://claimavenue.com/api/skyline/presence:0
[116604486ms] [ERROR] Failed to load resource: net::ERR_INTERNET_DISCONNECTED @ https://claimavenue.com/api/skyline/air-ads:0
[116604487ms] [ERROR] Failed to load resource: net::ERR_INTERNET_DISCONNECTED @ https://claimavenue.com/api/skyline/billboard-ads:0
[116604994ms] [ERROR] Failed to load resource: net::ERR_INTERNET_DISCONNECTED @ https://claimavenue.com/api/skyline/statistics?live=1:0
[116605561ms] [ERROR] Failed to load resource: net::ERR_INTERNET_DISCONNECTED @ https://claimavenue.com/api/skyline/reservations/holds:0
[116608567ms] [ERROR] Failed to load resource: net::ERR_INTERNET_DISCONNECTED @ https://claimavenue.com/api/skyline/reservations/holds:0
[116610000ms] [ERROR] Failed to load resource: net::ERR_INTERNET_DISCONNECTED @ https://claimavenue.com/api/skyline/statistics?live=1:0
[116611561ms] [ERROR] Failed to load resource: net::ERR_INTERNET_DISCONNECTED @ https://claimavenue.com/api/skyline/reservations/holds:0
[116614487ms] [ERROR] Failed to load resource: net::ERR_INTERNET_DISCONNECTED @ https://claimavenue.com/api/skyline/billboard-ads:0
[116614488ms] [ERROR] Failed to load resource: net::ERR_INTERNET_DISCONNECTED @ https://claimavenue.com/api/skyline/air-ads:0
[116614488ms] [ERROR] Failed to load resource: net::ERR_INTERNET_DISCONNECTED @ https://claimavenue.com/api/skyline/bootstrap:0
[116614560ms] [ERROR] Failed to load resource: net::ERR_INTERNET_DISCONNECTED @ https://claimavenue.com/api/skyline/reservations/holds:0
[116615004ms] [ERROR] Failed to load resource: net::ERR_INTERNET_DISCONNECTED @ https://claimavenue.com/api/skyline/statistics?live=1:0
[116615410ms] [ERROR] Failed to load resource: net::ERR_INTERNET_DISCONNECTED @ https://claimavenue.com/api/skyline/presence:0
[116617563ms] [ERROR] Failed to load resource: net::ERR_INTERNET_DISCONNECTED @ https://claimavenue.com/api/skyline/reservations/holds:0
[116620012ms] [ERROR] Failed to load resource: net::ERR_INTERNET_DISCONNECTED @ https://claimavenue.com/api/skyline/statistics?live=1:0
[116620561ms] [ERROR] Failed to load resource: net::ERR_INTERNET_DISCONNECTED @ https://claimavenue.com/api/skyline/reservations/holds:0
[116623561ms] [ERROR] Failed to load resource: net::ERR_INTERNET_DISCONNECTED @ https://claimavenue.com/api/skyline/reservations/holds:0
[116624490ms] [ERROR] Failed to load resource: net::ERR_INTERNET_DISCONNECTED @ https://claimavenue.com/api/skyline/air-ads:0
[116624490ms] [ERROR] Failed to load resource: net::ERR_INTERNET_DISCONNECTED @ https://claimavenue.com/api/skyline/billboard-ads:0
[116625022ms] [ERROR] Failed to load resource: net::ERR_INTERNET_DISCONNECTED @ https://claimavenue.com/api/skyline/statistics?live=1:0
[116626564ms] [ERROR] Failed to load resource: net::ERR_INTERNET_DISCONNECTED @ https://claimavenue.com/api/skyline/reservations/holds:0
[116627418ms] [ERROR] Failed to load resource: net::ERR_INTERNET_DISCONNECTED @ https://claimavenue.com/api/skyline/presence:0
[116629500ms] [ERROR] Failed to load resource: net::ERR_INTERNET_DISCONNECTED @ https://claimavenue.com/api/skyline/bootstrap:0
[116629561ms] [ERROR] Failed to load resource: net::ERR_INTERNET_DISCONNECTED @ https://claimavenue.com/api/skyline/reservations/holds:0
[116630031ms] [ERROR] Failed to load resource: net::ERR_INTERNET_DISCONNECTED @ https://claimavenue.com/api/skyline/statistics?live=1:0
[116632574ms] [ERROR] Failed to load resource: net::ERR_INTERNET_DISCONNECTED @ https://claimavenue.com/api/skyline/reservations/holds:0
[116634493ms] [ERROR] Failed to load resource: net::ERR_INTERNET_DISCONNECTED @ https://claimavenue.com/api/skyline/air-ads:0
[116634493ms] [ERROR] Failed to load resource: net::ERR_INTERNET_DISCONNECTED @ https://claimavenue.com/api/skyline/billboard-ads:0
[116635037ms] [ERROR] Failed to load resource: net::ERR_INTERNET_DISCONNECTED @ https://claimavenue.com/api/skyline/statistics?live=1:0
[116635560ms] [ERROR] Failed to load resource: net::ERR_INTERNET_DISCONNECTED @ https://claimavenue.com/api/skyline/reservations/holds:0
[116638561ms] [ERROR] Failed to load resource: net::ERR_INTERNET_DISCONNECTED @ https://claimavenue.com/api/skyline/reservations/holds:0
[116639426ms] [ERROR] Failed to load resource: net::ERR_INTERNET_DISCONNECTED @ https://claimavenue.com/api/skyline/presence:0
[116640043ms] [ERROR] Failed to load resource: net::ERR_INTERNET_DISCONNECTED @ https://claimavenue.com/api/skyline/statistics?live=1:0
[116641559ms] [ERROR] Failed to load resource: net::ERR_INTERNET_DISCONNECTED @ https://claimavenue.com/api/skyline/reservations/holds:0
[116644505ms] [ERROR] Failed to load resource: net::ERR_INTERNET_DISCONNECTED @ https://claimavenue.com/api/skyline/air-ads:0
[116644506ms] [ERROR] Failed to load resource: net::ERR_INTERNET_DISCONNECTED @ https://claimavenue.com/api/skyline/bootstrap:0
[116644507ms] [ERROR] Failed to load resource: net::ERR_INTERNET_DISCONNECTED @ https://claimavenue.com/api/skyline/billboard-ads:0
[116644562ms] [ERROR] Failed to load resource: net::ERR_INTERNET_DISCONNECTED @ https://claimavenue.com/api/skyline/reservations/holds:0
[116645051ms] [ERROR] Failed to load resource: net::ERR_INTERNET_DISCONNECTED @ https://claimavenue.com/api/skyline/statistics?live=1:0
[116647564ms] [ERROR] Failed to load resource: net::ERR_INTERNET_DISCONNECTED @ https://claimavenue.com/api/skyline/reservations/holds:0
[116650060ms] [ERROR] Failed to load resource: net::ERR_INTERNET_DISCONNECTED @ https://claimavenue.com/api/skyline/statistics?live=1:0
[116650562ms] [ERROR] Failed to load resource: net::ERR_INTERNET_DISCONNECTED @ https://claimavenue.com/api/skyline/reservations/holds:0
[116651434ms] [ERROR] Failed to load resource: net::ERR_INTERNET_DISCONNECTED @ https://claimavenue.com/api/skyline/presence:0
[116653561ms] [ERROR] Failed to load resource: net::ERR_INTERNET_DISCONNECTED @ https://claimavenue.com/api/skyline/reservations/holds:0
[116654487ms] [ERROR] Failed to load resource: net::ERR_INTERNET_DISCONNECTED @ https://claimavenue.com/api/skyline/air-ads:0
[116654488ms] [ERROR] Failed to load resource: net::ERR_INTERNET_DISCONNECTED @ https://claimavenue.com/api/skyline/billboard-ads:0
[116655064ms] [ERROR] Failed to load resource: net::ERR_INTERNET_DISCONNECTED @ https://claimavenue.com/api/skyline/statistics?live=1:0
[116656564ms] [ERROR] Failed to load resource: net::ERR_INTERNET_DISCONNECTED @ https://claimavenue.com/api/skyline/reservations/holds:0
[116659487ms] [ERROR] Failed to load resource: net::ERR_INTERNET_DISCONNECTED @ https://claimavenue.com/api/skyline/bootstrap:0
[116659560ms] [ERROR] Failed to load resource: net::ERR_INTERNET_DISCONNECTED @ https://claimavenue.com/api/skyline/reservations/holds:0
[116660076ms] [ERROR] Failed to load resource: net::ERR_INTERNET_DISCONNECTED @ https://claimavenue.com/api/skyline/statistics?live=1:0
[116662569ms] [ERROR] Failed to load resource: net::ERR_INTERNET_DISCONNECTED @ https://claimavenue.com/api/skyline/reservations/holds:0
[116663442ms] [ERROR] Failed to load resource: net::ERR_INTERNET_DISCONNECTED @ https://claimavenue.com/api/skyline/presence:0
[116664486ms] [ERROR] Failed to load resource: net::ERR_INTERNET_DISCONNECTED @ https://claimavenue.com/api/skyline/air-ads:0
[116664487ms] [ERROR] Failed to load resource: net::ERR_INTERNET_DISCONNECTED @ https://claimavenue.com/api/skyline/billboard-ads:0
[116665087ms] [ERROR] Failed to load resource: net::ERR_INTERNET_DISCONNECTED @ https://claimavenue.com/api/skyline/statistics?live=1:0
[116665564ms] [ERROR] Failed to load resource: net::ERR_INTERNET_DISCONNECTED @ https://claimavenue.com/api/skyline/reservations/holds:0
[116668562ms] [ERROR] Failed to load resource: net::ERR_INTERNET_DISCONNECTED @ https://claimavenue.com/api/skyline/reservations/holds:0
[116670095ms] [ERROR] Failed to load resource: net::ERR_INTERNET_DISCONNECTED @ https://claimavenue.com/api/skyline/statistics?live=1:0
[116671566ms] [ERROR] Failed to load resource: net::ERR_INTERNET_DISCONNECTED @ https://claimavenue.com/api/skyline/reservations/holds:0
[116674489ms] [ERROR] Failed to load resource: net::ERR_INTERNET_DISCONNECTED @ https://claimavenue.com/api/skyline/air-ads:0
[116674490ms] [ERROR] Failed to load resource: net::ERR_INTERNET_DISCONNECTED @ https://claimavenue.com/api/skyline/billboard-ads:0
[116674490ms] [ERROR] Failed to load resource: net::ERR_INTERNET_DISCONNECTED @ https://claimavenue.com/api/skyline/bootstrap:0
[116674564ms] [ERROR] Failed to load resource: net::ERR_INTERNET_DISCONNECTED @ https://claimavenue.com/api/skyline/reservations/holds:0
[116675101ms] [ERROR] Failed to load resource: net::ERR_INTERNET_DISCONNECTED @ https://claimavenue.com/api/skyline/statistics?live=1:0
[116675449ms] [ERROR] Failed to load resource: net::ERR_INTERNET_DISCONNECTED @ https://claimavenue.com/api/skyline/presence:0
[116677570ms] [ERROR] Failed to load resource: net::ERR_INTERNET_DISCONNECTED @ https://claimavenue.com/api/skyline/reservations/holds:0
[116680108ms] [ERROR] Failed to load resource: net::ERR_INTERNET_DISCONNECTED @ https://claimavenue.com/api/skyline/statistics?live=1:0
[116680568ms] [ERROR] Failed to load resource: net::ERR_INTERNET_DISCONNECTED @ https://claimavenue.com/api/skyline/reservations/holds:0
[116683562ms] [ERROR] Failed to load resource: net::ERR_INTERNET_DISCONNECTED @ https://claimavenue.com/api/skyline/reservations/holds:0
[116684489ms] [ERROR] Failed to load resource: net::ERR_INTERNET_DISCONNECTED @ https://claimavenue.com/api/skyline/air-ads:0
[116684489ms] [ERROR] Failed to load resource: net::ERR_INTERNET_DISCONNECTED @ https://claimavenue.com/api/skyline/billboard-ads:0
[116685114ms] [ERROR] Failed to load resource: net::ERR_INTERNET_DISCONNECTED @ https://claimavenue.com/api/skyline/statistics?live=1:0
[116686570ms] [ERROR] Failed to load resource: net::ERR_INTERNET_DISCONNECTED @ https://claimavenue.com/api/skyline/reservations/holds:0
[116687467ms] [ERROR] Failed to load resource: net::ERR_INTERNET_DISCONNECTED @ https://claimavenue.com/api/skyline/presence:0
[116689488ms] [ERROR] Failed to load resource: net::ERR_INTERNET_DISCONNECTED @ https://claimavenue.com/api/skyline/bootstrap:0
[116689561ms] [ERROR] Failed to load resource: net::ERR_INTERNET_DISCONNECTED @ https://claimavenue.com/api/skyline/reservations/holds:0
[116690123ms] [ERROR] Failed to load resource: net::ERR_INTERNET_DISCONNECTED @ https://claimavenue.com/api/skyline/statistics?live=1:0
[116692567ms] [ERROR] Failed to load resource: net::ERR_INTERNET_DISCONNECTED @ https://claimavenue.com/api/skyline/reservations/holds:0
[116694495ms] [ERROR] Failed to load resource: net::ERR_INTERNET_DISCONNECTED @ https://claimavenue.com/api/skyline/air-ads:0
[116694496ms] [ERROR] Failed to load resource: net::ERR_INTERNET_DISCONNECTED @ https://claimavenue.com/api/skyline/billboard-ads:0
[116695129ms] [ERROR] Failed to load resource: net::ERR_INTERNET_DISCONNECTED @ https://claimavenue.com/api/skyline/statistics?live=1:0
[116695562ms] [ERROR] Failed to load resource: net::ERR_INTERNET_DISCONNECTED @ https://claimavenue.com/api/skyline/reservations/holds:0
[116698567ms] [ERROR] Failed to load resource: net::ERR_INTERNET_DISCONNECTED @ https://claimavenue.com/api/skyline/reservations/holds:0
[116699479ms] [ERROR] Failed to load resource: net::ERR_INTERNET_DISCONNECTED @ https://claimavenue.com/api/skyline/presence:0
[116700134ms] [ERROR] Failed to load resource: net::ERR_INTERNET_DISCONNECTED @ https://claimavenue.com/api/skyline/statistics?live=1:0
[116701563ms] [ERROR] Failed to load resource: net::ERR_INTERNET_DISCONNECTED @ https://claimavenue.com/api/skyline/reservations/holds:0
[116704548ms] [ERROR] Failed to load resource: net::ERR_INTERNET_DISCONNECTED @ https://claimavenue.com/api/skyline/air-ads:0
[116704548ms] [ERROR] Failed to load resource: net::ERR_INTERNET_DISCONNECTED @ https://claimavenue.com/api/skyline/bootstrap:0
[116704550ms] [ERROR] Failed to load resource: net::ERR_INTERNET_DISCONNECTED @ https://claimavenue.com/api/skyline/billboard-ads:0
[116704573ms] [ERROR] Failed to load resource: net::ERR_INTERNET_DISCONNECTED @ https://claimavenue.com/api/skyline/reservations/holds:0
[116705141ms] [ERROR] Failed to load resource: net::ERR_INTERNET_DISCONNECTED @ https://claimavenue.com/api/skyline/statistics?live=1:0
[116707573ms] [ERROR] Failed to load resource: net::ERR_INTERNET_DISCONNECTED @ https://claimavenue.com/api/skyline/reservations/holds:0
[116710147ms] [ERROR] Failed to load resource: net::ERR_INTERNET_DISCONNECTED @ https://claimavenue.com/api/skyline/statistics?live=1:0
[116710559ms] [ERROR] Failed to load resource: net::ERR_INTERNET_DISCONNECTED @ https://claimavenue.com/api/skyline/reservations/holds:0
[116711484ms] [ERROR] Failed to load resource: net::ERR_INTERNET_DISCONNECTED @ https://claimavenue.com/api/skyline/presence:0
[116713562ms] [ERROR] Failed to load resource: net::ERR_INTERNET_DISCONNECTED @ https://claimavenue.com/api/skyline/reservations/holds:0
[116714485ms] [ERROR] Failed to load resource: net::ERR_INTERNET_DISCONNECTED @ https://claimavenue.com/api/skyline/air-ads:0
[116714488ms] [ERROR] Failed to load resource: net::ERR_INTERNET_DISCONNECTED @ https://claimavenue.com/api/skyline/billboard-ads:0
[116715151ms] [ERROR] Failed to load resource: net::ERR_INTERNET_DISCONNECTED @ https://claimavenue.com/api/skyline/statistics?live=1:0
[116716569ms] [ERROR] Failed to load resource: net::ERR_INTERNET_DISCONNECTED @ https://claimavenue.com/api/skyline/reservations/holds:0
[116719487ms] [ERROR] Failed to load resource: net::ERR_INTERNET_DISCONNECTED @ https://claimavenue.com/api/skyline/bootstrap:0
[116719566ms] [ERROR] Failed to load resource: net::ERR_INTERNET_DISCONNECTED @ https://claimavenue.com/api/skyline/reservations/holds:0
[116720155ms] [ERROR] Failed to load resource: net::ERR_INTERNET_DISCONNECTED @ https://claimavenue.com/api/skyline/statistics?live=1:0
[116722561ms] [ERROR] Failed to load resource: net::ERR_INTERNET_DISCONNECTED @ https://claimavenue.com/api/skyline/reservations/holds:0
[116723491ms] [ERROR] Failed to load resource: net::ERR_INTERNET_DISCONNECTED @ https://claimavenue.com/api/skyline/presence:0
[116724486ms] [ERROR] Failed to load resource: net::ERR_INTERNET_DISCONNECTED @ https://claimavenue.com/api/skyline/air-ads:0
[116724487ms] [ERROR] Failed to load resource: net::ERR_INTERNET_DISCONNECTED @ https://claimavenue.com/api/skyline/billboard-ads:0
[116725160ms] [ERROR] Failed to load resource: net::ERR_INTERNET_DISCONNECTED @ https://claimavenue.com/api/skyline/statistics?live=1:0
[116725561ms] [ERROR] Failed to load resource: net::ERR_INTERNET_DISCONNECTED @ https://claimavenue.com/api/skyline/reservations/holds:0
[116728560ms] [ERROR] Failed to load resource: net::ERR_INTERNET_DISCONNECTED @ https://claimavenue.com/api/skyline/reservations/holds:0
[116730166ms] [ERROR] Failed to load resource: net::ERR_INTERNET_DISCONNECTED @ https://claimavenue.com/api/skyline/statistics?live=1:0
[116731565ms] [ERROR] Failed to load resource: net::ERR_INTERNET_DISCONNECTED @ https://claimavenue.com/api/skyline/reservations/holds:0
[116734487ms] [ERROR] Failed to load resource: net::ERR_INTERNET_DISCONNECTED @ https://claimavenue.com/api/skyline/air-ads:0
[116734487ms] [ERROR] Failed to load resource: net::ERR_INTERNET_DISCONNECTED @ https://claimavenue.com/api/skyline/bootstrap:0
[116734488ms] [ERROR] Failed to load resource: net::ERR_INTERNET_DISCONNECTED @ https://claimavenue.com/api/skyline/billboard-ads:0
[116734561ms] [ERROR] Failed to load resource: net::ERR_INTERNET_DISCONNECTED @ https://claimavenue.com/api/skyline/reservations/holds:0
[116735174ms] [ERROR] Failed to load resource: net::ERR_INTERNET_DISCONNECTED @ https://claimavenue.com/api/skyline/statistics?live=1:0
[116735497ms] [ERROR] Failed to load resource: net::ERR_INTERNET_DISCONNECTED @ https://claimavenue.com/api/skyline/presence:0
[116737561ms] [ERROR] Failed to load resource: net::ERR_INTERNET_DISCONNECTED @ https://claimavenue.com/api/skyline/reservations/holds:0
[116740179ms] [ERROR] Failed to load resource: net::ERR_INTERNET_DISCONNECTED @ https://claimavenue.com/api/skyline/statistics?live=1:0
[116740569ms] [ERROR] Failed to load resource: net::ERR_INTERNET_DISCONNECTED @ https://claimavenue.com/api/skyline/reservations/holds:0
[116743566ms] [ERROR] Failed to load resource: net::ERR_INTERNET_DISCONNECTED @ https://claimavenue.com/api/skyline/reservations/holds:0
[116744492ms] [ERROR] Failed to load resource: net::ERR_INTERNET_DISCONNECTED @ https://claimavenue.com/api/skyline/air-ads:0
[116744494ms] [ERROR] Failed to load resource: net::ERR_INTERNET_DISCONNECTED @ https://claimavenue.com/api/skyline/billboard-ads:0
[116745185ms] [ERROR] Failed to load resource: net::ERR_INTERNET_DISCONNECTED @ https://claimavenue.com/api/skyline/statistics?live=1:0
[116746560ms] [ERROR] Failed to load resource: net::ERR_INTERNET_DISCONNECTED @ https://claimavenue.com/api/skyline/reservations/holds:0
[116747501ms] [ERROR] Failed to load resource: net::ERR_INTERNET_DISCONNECTED @ https://claimavenue.com/api/skyline/presence:0
[116749486ms] [ERROR] Failed to load resource: net::ERR_INTERNET_DISCONNECTED @ https://claimavenue.com/api/skyline/bootstrap:0
[116749564ms] [ERROR] Failed to load resource: net::ERR_INTERNET_DISCONNECTED @ https://claimavenue.com/api/skyline/reservations/holds:0
[116750190ms] [ERROR] Failed to load resource: net::ERR_INTERNET_DISCONNECTED @ https://claimavenue.com/api/skyline/statistics?live=1:0
[116752561ms] [ERROR] Failed to load resource: net::ERR_INTERNET_DISCONNECTED @ https://claimavenue.com/api/skyline/reservations/holds:0
[116754488ms] [ERROR] Failed to load resource: net::ERR_INTERNET_DISCONNECTED @ https://claimavenue.com/api/skyline/air-ads:0
[116754489ms] [ERROR] Failed to load resource: net::ERR_INTERNET_DISCONNECTED @ https://claimavenue.com/api/skyline/billboard-ads:0
[116755195ms] [ERROR] Failed to load resource: net::ERR_INTERNET_DISCONNECTED @ https://claimavenue.com/api/skyline/statistics?live=1:0
[116755565ms] [ERROR] Failed to load resource: net::ERR_INTERNET_DISCONNECTED @ https://claimavenue.com/api/skyline/reservations/holds:0
[116758562ms] [ERROR] Failed to load resource: net::ERR_INTERNET_DISCONNECTED @ https://claimavenue.com/api/skyline/reservations/holds:0
[116759506ms] [ERROR] Failed to load resource: net::ERR_INTERNET_DISCONNECTED @ https://claimavenue.com/api/skyline/presence:0
[116760200ms] [ERROR] Failed to load resource: net::ERR_INTERNET_DISCONNECTED @ https://claimavenue.com/api/skyline/statistics?live=1:0
[116761561ms] [ERROR] Failed to load resource: net::ERR_INTERNET_DISCONNECTED @ https://claimavenue.com/api/skyline/reservations/holds:0
[116764489ms] [ERROR] Failed to load resource: net::ERR_INTERNET_DISCONNECTED @ https://claimavenue.com/api/skyline/bootstrap:0
[116764491ms] [ERROR] Failed to load resource: net::ERR_INTERNET_DISCONNECTED @ https://claimavenue.com/api/skyline/billboard-ads:0
[116764491ms] [ERROR] Failed to load resource: net::ERR_INTERNET_DISCONNECTED @ https://claimavenue.com/api/skyline/air-ads:0
[116764561ms] [ERROR] Failed to load resource: net::ERR_INTERNET_DISCONNECTED @ https://claimavenue.com/api/skyline/reservations/holds:0
[116765206ms] [ERROR] Failed to load resource: net::ERR_INTERNET_DISCONNECTED @ https://claimavenue.com/api/skyline/statistics?live=1:0
[116767561ms] [ERROR] Failed to load resource: net::ERR_INTERNET_DISCONNECTED @ https://claimavenue.com/api/skyline/reservations/holds:0
[116770211ms] [ERROR] Failed to load resource: net::ERR_INTERNET_DISCONNECTED @ https://claimavenue.com/api/skyline/statistics?live=1:0
[116770565ms] [ERROR] Failed to load resource: net::ERR_INTERNET_DISCONNECTED @ https://claimavenue.com/api/skyline/reservations/holds:0
[116771515ms] [ERROR] Failed to load resource: net::ERR_INTERNET_DISCONNECTED @ https://claimavenue.com/api/skyline/presence:0
[116773565ms] [ERROR] Failed to load resource: net::ERR_INTERNET_DISCONNECTED @ https://claimavenue.com/api/skyline/reservations/holds:0
[116774489ms] [ERROR] Failed to load resource: net::ERR_INTERNET_DISCONNECTED @ https://claimavenue.com/api/skyline/air-ads:0
[116774489ms] [ERROR] Failed to load resource: net::ERR_INTERNET_DISCONNECTED @ https://claimavenue.com/api/skyline/billboard-ads:0
[116775216ms] [ERROR] Failed to load resource: net::ERR_INTERNET_DISCONNECTED @ https://claimavenue.com/api/skyline/statistics?live=1:0
[116776566ms] [ERROR] Failed to load resource: net::ERR_INTERNET_DISCONNECTED @ https://claimavenue.com/api/skyline/reservations/holds:0
[116779492ms] [ERROR] Failed to load resource: net::ERR_INTERNET_DISCONNECTED @ https://claimavenue.com/api/skyline/bootstrap:0
[116779567ms] [ERROR] Failed to load resource: net::ERR_INTERNET_DISCONNECTED @ https://claimavenue.com/api/skyline/reservations/holds:0
[116780221ms] [ERROR] Failed to load resource: net::ERR_INTERNET_DISCONNECTED @ https://claimavenue.com/api/skyline/statistics?live=1:0
[116782560ms] [ERROR] Failed to load resource: net::ERR_INTERNET_DISCONNECTED @ https://claimavenue.com/api/skyline/reservations/holds:0
[116783523ms] [ERROR] Failed to load resource: net::ERR_INTERNET_DISCONNECTED @ https://claimavenue.com/api/skyline/presence:0
[116784495ms] [ERROR] Failed to load resource: net::ERR_INTERNET_DISCONNECTED @ https://claimavenue.com/api/skyline/air-ads:0
[116784495ms] [ERROR] Failed to load resource: net::ERR_INTERNET_DISCONNECTED @ https://claimavenue.com/api/skyline/billboard-ads:0
[116785226ms] [ERROR] Failed to load resource: net::ERR_INTERNET_DISCONNECTED @ https://claimavenue.com/api/skyline/statistics?live=1:0
[116785566ms] [ERROR] Failed to load resource: net::ERR_INTERNET_DISCONNECTED @ https://claimavenue.com/api/skyline/reservations/holds:0
[116788563ms] [ERROR] Failed to load resource: net::ERR_INTERNET_DISCONNECTED @ https://claimavenue.com/api/skyline/reservations/holds:0
[116790231ms] [ERROR] Failed to load resource: net::ERR_INTERNET_DISCONNECTED @ https://claimavenue.com/api/skyline/statistics?live=1:0
[116791564ms] [ERROR] Failed to load resource: net::ERR_INTERNET_DISCONNECTED @ https://claimavenue.com/api/skyline/reservations/holds:0
[116794487ms] [ERROR] Failed to load resource: net::ERR_INTERNET_DISCONNECTED @ https://claimavenue.com/api/skyline/bootstrap:0
[116794493ms] [ERROR] Failed to load resource: net::ERR_INTERNET_DISCONNECTED @ https://claimavenue.com/api/skyline/air-ads:0
[116794493ms] [ERROR] Failed to load resource: net::ERR_INTERNET_DISCONNECTED @ https://claimavenue.com/api/skyline/billboard-ads:0
[116794561ms] [ERROR] Failed to load resource: net::ERR_INTERNET_DISCONNECTED @ https://claimavenue.com/api/skyline/reservations/holds:0
[116795238ms] [ERROR] Failed to load resource: net::ERR_INTERNET_DISCONNECTED @ https://claimavenue.com/api/skyline/statistics?live=1:0
[116795528ms] [ERROR] Failed to load resource: net::ERR_INTERNET_DISCONNECTED @ https://claimavenue.com/api/skyline/presence:0
[116797562ms] [ERROR] Failed to load resource: net::ERR_INTERNET_DISCONNECTED @ https://claimavenue.com/api/skyline/reservations/holds:0
[116800244ms] [ERROR] Failed to load resource: net::ERR_INTERNET_DISCONNECTED @ https://claimavenue.com/api/skyline/statistics?live=1:0
[116800564ms] [ERROR] Failed to load resource: net::ERR_INTERNET_DISCONNECTED @ https://claimavenue.com/api/skyline/reservations/holds:0
[116803561ms] [ERROR] Failed to load resource: net::ERR_INTERNET_DISCONNECTED @ https://claimavenue.com/api/skyline/reservations/holds:0
[116804488ms] [ERROR] Failed to load resource: net::ERR_INTERNET_DISCONNECTED @ https://claimavenue.com/api/skyline/air-ads:0
[116804489ms] [ERROR] Failed to load resource: net::ERR_INTERNET_DISCONNECTED @ https://claimavenue.com/api/skyline/billboard-ads:0
[116805254ms] [ERROR] Failed to load resource: net::ERR_INTERNET_DISCONNECTED @ https://claimavenue.com/api/skyline/statistics?live=1:0
[116806566ms] [ERROR] Failed to load resource: net::ERR_INTERNET_DISCONNECTED @ https://claimavenue.com/api/skyline/reservations/holds:0
[116807534ms] [ERROR] Failed to load resource: net::ERR_INTERNET_DISCONNECTED @ https://claimavenue.com/api/skyline/presence:0
[116809499ms] [ERROR] Failed to load resource: net::ERR_INTERNET_DISCONNECTED @ https://claimavenue.com/api/skyline/bootstrap:0
[116809571ms] [ERROR] Failed to load resource: net::ERR_INTERNET_DISCONNECTED @ https://claimavenue.com/api/skyline/reservations/holds:0
[116810266ms] [ERROR] Failed to load resource: net::ERR_INTERNET_DISCONNECTED @ https://claimavenue.com/api/skyline/statistics?live=1:0
[116812563ms] [ERROR] Failed to load resource: net::ERR_INTERNET_DISCONNECTED @ https://claimavenue.com/api/skyline/reservations/holds:0
[116814491ms] [ERROR] Failed to load resource: net::ERR_INTERNET_DISCONNECTED @ https://claimavenue.com/api/skyline/air-ads:0
[116814492ms] [ERROR] Failed to load resource: net::ERR_INTERNET_DISCONNECTED @ https://claimavenue.com/api/skyline/billboard-ads:0
[116815271ms] [ERROR] Failed to load resource: net::ERR_INTERNET_DISCONNECTED @ https://claimavenue.com/api/skyline/statistics?live=1:0
[116815562ms] [ERROR] Failed to load resource: net::ERR_INTERNET_DISCONNECTED @ https://claimavenue.com/api/skyline/reservations/holds:0
[116818568ms] [ERROR] Failed to load resource: net::ERR_INTERNET_DISCONNECTED @ https://claimavenue.com/api/skyline/reservations/holds:0
[116819540ms] [ERROR] Failed to load resource: net::ERR_INTERNET_DISCONNECTED @ https://claimavenue.com/api/skyline/presence:0
[116820276ms] [ERROR] Failed to load resource: net::ERR_INTERNET_DISCONNECTED @ https://claimavenue.com/api/skyline/statistics?live=1:0
[116821561ms] [ERROR] Failed to load resource: net::ERR_INTERNET_DISCONNECTED @ https://claimavenue.com/api/skyline/reservations/holds:0
[116824497ms] [ERROR] Failed to load resource: net::ERR_INTERNET_DISCONNECTED @ https://claimavenue.com/api/skyline/air-ads:0
[116824499ms] [ERROR] Failed to load resource: net::ERR_INTERNET_DISCONNECTED @ https://claimavenue.com/api/skyline/bootstrap:0
[116824499ms] [ERROR] Failed to load resource: net::ERR_INTERNET_DISCONNECTED @ https://claimavenue.com/api/skyline/billboard-ads:0
[116824564ms] [ERROR] Failed to load resource: net::ERR_INTERNET_DISCONNECTED @ https://claimavenue.com/api/skyline/reservations/holds:0
[116825281ms] [ERROR] Failed to load resource: net::ERR_INTERNET_DISCONNECTED @ https://claimavenue.com/api/skyline/statistics?live=1:0
[116827565ms] [ERROR] Failed to load resource: net::ERR_INTERNET_DISCONNECTED @ https://claimavenue.com/api/skyline/reservations/holds:0
[116830289ms] [ERROR] Failed to load resource: net::ERR_INTERNET_DISCONNECTED @ https://claimavenue.com/api/skyline/statistics?live=1:0
[116830561ms] [ERROR] Failed to load resource: net::ERR_INTERNET_DISCONNECTED @ https://claimavenue.com/api/skyline/reservations/holds:0
[116831546ms] [ERROR] Failed to load resource: net::ERR_INTERNET_DISCONNECTED @ https://claimavenue.com/api/skyline/presence:0
[116833563ms] [ERROR] Failed to load resource: net::ERR_INTERNET_DISCONNECTED @ https://claimavenue.com/api/skyline/reservations/holds:0
[116834488ms] [ERROR] Failed to load resource: net::ERR_INTERNET_DISCONNECTED @ https://claimavenue.com/api/skyline/air-ads:0
[116834495ms] [ERROR] Failed to load resource: net::ERR_INTERNET_DISCONNECTED @ https://claimavenue.com/api/skyline/billboard-ads:0
[116835293ms] [ERROR] Failed to load resource: net::ERR_INTERNET_DISCONNECTED @ https://claimavenue.com/api/skyline/statistics?live=1:0
[116836563ms] [ERROR] Failed to load resource: net::ERR_INTERNET_DISCONNECTED @ https://claimavenue.com/api/skyline/reservations/holds:0
[116839490ms] [ERROR] Failed to load resource: net::ERR_INTERNET_DISCONNECTED @ https://claimavenue.com/api/skyline/bootstrap:0
[116839567ms] [ERROR] Failed to load resource: net::ERR_INTERNET_DISCONNECTED @ https://claimavenue.com/api/skyline/reservations/holds:0
[116840298ms] [ERROR] Failed to load resource: net::ERR_INTERNET_DISCONNECTED @ https://claimavenue.com/api/skyline/statistics?live=1:0
[116842563ms] [ERROR] Failed to load resource: net::ERR_INTERNET_DISCONNECTED @ https://claimavenue.com/api/skyline/reservations/holds:0
[116843555ms] [ERROR] Failed to load resource: net::ERR_INTERNET_DISCONNECTED @ https://claimavenue.com/api/skyline/presence:0
[116844490ms] [ERROR] Failed to load resource: net::ERR_INTERNET_DISCONNECTED @ https://claimavenue.com/api/skyline/air-ads:0
[116844491ms] [ERROR] Failed to load resource: net::ERR_INTERNET_DISCONNECTED @ https://claimavenue.com/api/skyline/billboard-ads:0
[116845303ms] [ERROR] Failed to load resource: net::ERR_INTERNET_DISCONNECTED @ https://claimavenue.com/api/skyline/statistics?live=1:0
[116845561ms] [ERROR] Failed to load resource: net::ERR_INTERNET_DISCONNECTED @ https://claimavenue.com/api/skyline/reservations/holds:0
[116848561ms] [ERROR] Failed to load resource: net::ERR_INTERNET_DISCONNECTED @ https://claimavenue.com/api/skyline/reservations/holds:0
[116850309ms] [ERROR] Failed to load resource: net::ERR_INTERNET_DISCONNECTED @ https://claimavenue.com/api/skyline/statistics?live=1:0
[116851562ms] [ERROR] Failed to load resource: net::ERR_INTERNET_DISCONNECTED @ https://claimavenue.com/api/skyline/reservations/holds:0
[116854494ms] [ERROR] Failed to load resource: net::ERR_INTERNET_DISCONNECTED @ https://claimavenue.com/api/skyline/billboard-ads:0
[116854495ms] [ERROR] Failed to load resource: net::ERR_INTERNET_DISCONNECTED @ https://claimavenue.com/api/skyline/air-ads:0
[116854495ms] [ERROR] Failed to load resource: net::ERR_INTERNET_DISCONNECTED @ https://claimavenue.com/api/skyline/bootstrap:0
[116854562ms] [ERROR] Failed to load resource: net::ERR_INTERNET_DISCONNECTED @ https://claimavenue.com/api/skyline/reservations/holds:0
[116855313ms] [ERROR] Failed to load resource: net::ERR_INTERNET_DISCONNECTED @ https://claimavenue.com/api/skyline/statistics?live=1:0
[116855564ms] [ERROR] Failed to load resource: net::ERR_INTERNET_DISCONNECTED @ https://claimavenue.com/api/skyline/presence:0
[116857565ms] [ERROR] Failed to load resource: net::ERR_INTERNET_DISCONNECTED @ https://claimavenue.com/api/skyline/reservations/holds:0
[116860320ms] [ERROR] Failed to load resource: net::ERR_INTERNET_DISCONNECTED @ https://claimavenue.com/api/skyline/statistics?live=1:0
[116860565ms] [ERROR] Failed to load resource: net::ERR_INTERNET_DISCONNECTED @ https://claimavenue.com/api/skyline/reservations/holds:0
[116863561ms] [ERROR] Failed to load resource: net::ERR_INTERNET_DISCONNECTED @ https://claimavenue.com/api/skyline/reservations/holds:0
[116864491ms] [ERROR] Failed to load resource: net::ERR_INTERNET_DISCONNECTED @ https://claimavenue.com/api/skyline/air-ads:0
[116864495ms] [ERROR] Failed to load resource: net::ERR_INTERNET_DISCONNECTED @ https://claimavenue.com/api/skyline/billboard-ads:0
[116865326ms] [ERROR] Failed to load resource: net::ERR_INTERNET_DISCONNECTED @ https://claimavenue.com/api/skyline/statistics?live=1:0
[116866565ms] [ERROR] Failed to load resource: net::ERR_INTERNET_DISCONNECTED @ https://claimavenue.com/api/skyline/reservations/holds:0
[116867570ms] [ERROR] Failed to load resource: net::ERR_INTERNET_DISCONNECTED @ https://claimavenue.com/api/skyline/presence:0
[116869487ms] [ERROR] Failed to load resource: net::ERR_INTERNET_DISCONNECTED @ https://claimavenue.com/api/skyline/bootstrap:0
[116869567ms] [ERROR] Failed to load resource: net::ERR_INTERNET_DISCONNECTED @ https://claimavenue.com/api/skyline/reservations/holds:0
[116870336ms] [ERROR] Failed to load resource: net::ERR_INTERNET_DISCONNECTED @ https://claimavenue.com/api/skyline/statistics?live=1:0
[116872562ms] [ERROR] Failed to load resource: net::ERR_INTERNET_DISCONNECTED @ https://claimavenue.com/api/skyline/reservations/holds:0
[116874487ms] [ERROR] Failed to load resource: net::ERR_INTERNET_DISCONNECTED @ https://claimavenue.com/api/skyline/air-ads:0
[116874489ms] [ERROR] Failed to load resource: net::ERR_INTERNET_DISCONNECTED @ https://claimavenue.com/api/skyline/billboard-ads:0
[116875343ms] [ERROR] Failed to load resource: net::ERR_INTERNET_DISCONNECTED @ https://claimavenue.com/api/skyline/statistics?live=1:0
[116875564ms] [ERROR] Failed to load resource: net::ERR_INTERNET_DISCONNECTED @ https://claimavenue.com/api/skyline/reservations/holds:0
[116878563ms] [ERROR] Failed to load resource: net::ERR_INTERNET_DISCONNECTED @ https://claimavenue.com/api/skyline/reservations/holds:0
[116879582ms] [ERROR] Failed to load resource: net::ERR_INTERNET_DISCONNECTED @ https://claimavenue.com/api/skyline/presence:0
[116880349ms] [ERROR] Failed to load resource: net::ERR_INTERNET_DISCONNECTED @ https://claimavenue.com/api/skyline/statistics?live=1:0
[116881562ms] [ERROR] Failed to load resource: net::ERR_INTERNET_DISCONNECTED @ https://claimavenue.com/api/skyline/reservations/holds:0
[116884489ms] [ERROR] Failed to load resource: net::ERR_INTERNET_DISCONNECTED @ https://claimavenue.com/api/skyline/bootstrap:0
[116884489ms] [ERROR] Failed to load resource: net::ERR_INTERNET_DISCONNECTED @ https://claimavenue.com/api/skyline/air-ads:0
[116884489ms] [ERROR] Failed to load resource: net::ERR_INTERNET_DISCONNECTED @ https://claimavenue.com/api/skyline/billboard-ads:0
[116884561ms] [ERROR] Failed to load resource: net::ERR_INTERNET_DISCONNECTED @ https://claimavenue.com/api/skyline/reservations/holds:0
[116885365ms] [ERROR] Failed to load resource: net::ERR_INTERNET_DISCONNECTED @ https://claimavenue.com/api/skyline/statistics?live=1:0
[116887563ms] [ERROR] Failed to load resource: net::ERR_INTERNET_DISCONNECTED @ https://claimavenue.com/api/skyline/reservations/holds:0
[116890372ms] [ERROR] Failed to load resource: net::ERR_INTERNET_DISCONNECTED @ https://claimavenue.com/api/skyline/statistics?live=1:0
[116890562ms] [ERROR] Failed to load resource: net::ERR_INTERNET_DISCONNECTED @ https://claimavenue.com/api/skyline/reservations/holds:0
[116891591ms] [ERROR] Failed to load resource: net::ERR_INTERNET_DISCONNECTED @ https://claimavenue.com/api/skyline/presence:0
[116893567ms] [ERROR] Failed to load resource: net::ERR_INTERNET_DISCONNECTED @ https://claimavenue.com/api/skyline/reservations/holds:0
[116894487ms] [ERROR] Failed to load resource: net::ERR_INTERNET_DISCONNECTED @ https://claimavenue.com/api/skyline/air-ads:0
[116894488ms] [ERROR] Failed to load resource: net::ERR_INTERNET_DISCONNECTED @ https://claimavenue.com/api/skyline/billboard-ads:0
[116895377ms] [ERROR] Failed to load resource: net::ERR_INTERNET_DISCONNECTED @ https://claimavenue.com/api/skyline/statistics?live=1:0
[116896563ms] [ERROR] Failed to load resource: net::ERR_INTERNET_DISCONNECTED @ https://claimavenue.com/api/skyline/reservations/holds:0
[116899494ms] [ERROR] Failed to load resource: net::ERR_INTERNET_DISCONNECTED @ https://claimavenue.com/api/skyline/bootstrap:0
[116899567ms] [ERROR] Failed to load resource: net::ERR_INTERNET_DISCONNECTED @ https://claimavenue.com/api/skyline/reservations/holds:0
[116900382ms] [ERROR] Failed to load resource: net::ERR_INTERNET_DISCONNECTED @ https://claimavenue.com/api/skyline/statistics?live=1:0
[116902563ms] [ERROR] Failed to load resource: net::ERR_INTERNET_DISCONNECTED @ https://claimavenue.com/api/skyline/reservations/holds:0
[116903597ms] [ERROR] Failed to load resource: net::ERR_INTERNET_DISCONNECTED @ https://claimavenue.com/api/skyline/presence:0
[116904491ms] [ERROR] Failed to load resource: net::ERR_INTERNET_DISCONNECTED @ https://claimavenue.com/api/skyline/air-ads:0
[116904492ms] [ERROR] Failed to load resource: net::ERR_INTERNET_DISCONNECTED @ https://claimavenue.com/api/skyline/billboard-ads:0
[116905393ms] [ERROR] Failed to load resource: net::ERR_INTERNET_DISCONNECTED @ https://claimavenue.com/api/skyline/statistics?live=1:0
[116905562ms] [ERROR] Failed to load resource: net::ERR_INTERNET_DISCONNECTED @ https://claimavenue.com/api/skyline/reservations/holds:0
[116908572ms] [ERROR] Failed to load resource: net::ERR_INTERNET_DISCONNECTED @ https://claimavenue.com/api/skyline/reservations/holds:0
[116910398ms] [ERROR] Failed to load resource: net::ERR_INTERNET_DISCONNECTED @ https://claimavenue.com/api/skyline/statistics?live=1:0
[116911562ms] [ERROR] Failed to load resource: net::ERR_INTERNET_DISCONNECTED @ https://claimavenue.com/api/skyline/reservations/holds:0
[116914499ms] [ERROR] Failed to load resource: net::ERR_INTERNET_DISCONNECTED @ https://claimavenue.com/api/skyline/air-ads:0
[116914500ms] [ERROR] Failed to load resource: net::ERR_INTERNET_DISCONNECTED @ https://claimavenue.com/api/skyline/bootstrap:0
[116914500ms] [ERROR] Failed to load resource: net::ERR_INTERNET_DISCONNECTED @ https://claimavenue.com/api/skyline/billboard-ads:0
[116914562ms] [ERROR] Failed to load resource: net::ERR_INTERNET_DISCONNECTED @ https://claimavenue.com/api/skyline/reservations/holds:0
[116915417ms] [ERROR] Failed to load resource: net::ERR_INTERNET_DISCONNECTED @ https://claimavenue.com/api/skyline/statistics?live=1:0
[116915601ms] [ERROR] Failed to load resource: net::ERR_INTERNET_DISCONNECTED @ https://claimavenue.com/api/skyline/presence:0
[116917562ms] [ERROR] Failed to load resource: net::ERR_INTERNET_DISCONNECTED @ https://claimavenue.com/api/skyline/reservations/holds:0
[116920426ms] [ERROR] Failed to load resource: net::ERR_INTERNET_DISCONNECTED @ https://claimavenue.com/api/skyline/statistics?live=1:0
[116920567ms] [ERROR] Failed to load resource: net::ERR_INTERNET_DISCONNECTED @ https://claimavenue.com/api/skyline/reservations/holds:0
[116923569ms] [ERROR] Failed to load resource: net::ERR_INTERNET_DISCONNECTED @ https://claimavenue.com/api/skyline/reservations/holds:0
[116924492ms] [ERROR] Failed to load resource: net::ERR_INTERNET_DISCONNECTED @ https://claimavenue.com/api/skyline/air-ads:0
[116924492ms] [ERROR] Failed to load resource: net::ERR_INTERNET_DISCONNECTED @ https://claimavenue.com/api/skyline/billboard-ads:0
[116925437ms] [ERROR] Failed to load resource: net::ERR_INTERNET_DISCONNECTED @ https://claimavenue.com/api/skyline/statistics?live=1:0
[116926563ms] [ERROR] Failed to load resource: net::ERR_INTERNET_DISCONNECTED @ https://claimavenue.com/api/skyline/reservations/holds:0
[116927608ms] [ERROR] Failed to load resource: net::ERR_INTERNET_DISCONNECTED @ https://claimavenue.com/api/skyline/presence:0
[116929489ms] [ERROR] Failed to load resource: net::ERR_INTERNET_DISCONNECTED @ https://claimavenue.com/api/skyline/bootstrap:0
[116929568ms] [ERROR] Failed to load resource: net::ERR_INTERNET_DISCONNECTED @ https://claimavenue.com/api/skyline/reservations/holds:0
[116930448ms] [ERROR] Failed to load resource: net::ERR_INTERNET_DISCONNECTED @ https://claimavenue.com/api/skyline/statistics?live=1:0
[116932563ms] [ERROR] Failed to load resource: net::ERR_INTERNET_DISCONNECTED @ https://claimavenue.com/api/skyline/reservations/holds:0
[116934491ms] [ERROR] Failed to load resource: net::ERR_INTERNET_DISCONNECTED @ https://claimavenue.com/api/skyline/air-ads:0
[116934491ms] [ERROR] Failed to load resource: net::ERR_INTERNET_DISCONNECTED @ https://claimavenue.com/api/skyline/billboard-ads:0
[116935459ms] [ERROR] Failed to load resource: net::ERR_INTERNET_DISCONNECTED @ https://claimavenue.com/api/skyline/statistics?live=1:0
[116935569ms] [ERROR] Failed to load resource: net::ERR_INTERNET_DISCONNECTED @ https://claimavenue.com/api/skyline/reservations/holds:0
[116938562ms] [ERROR] Failed to load resource: net::ERR_INTERNET_DISCONNECTED @ https://claimavenue.com/api/skyline/reservations/holds:0
[116939613ms] [ERROR] Failed to load resource: net::ERR_INTERNET_DISCONNECTED @ https://claimavenue.com/api/skyline/presence:0
[116940470ms] [ERROR] Failed to load resource: net::ERR_INTERNET_DISCONNECTED @ https://claimavenue.com/api/skyline/statistics?live=1:0
[116941563ms] [ERROR] Failed to load resource: net::ERR_INTERNET_DISCONNECTED @ https://claimavenue.com/api/skyline/reservations/holds:0
[116944492ms] [ERROR] Failed to load resource: net::ERR_INTERNET_DISCONNECTED @ https://claimavenue.com/api/skyline/air-ads:0
[116944494ms] [ERROR] Failed to load resource: net::ERR_INTERNET_DISCONNECTED @ https://claimavenue.com/api/skyline/bootstrap:0
[116944495ms] [ERROR] Failed to load resource: net::ERR_INTERNET_DISCONNECTED @ https://claimavenue.com/api/skyline/billboard-ads:0
[116944562ms] [ERROR] Failed to load resource: net::ERR_INTERNET_DISCONNECTED @ https://claimavenue.com/api/skyline/reservations/holds:0
[116945477ms] [ERROR] Failed to load resource: net::ERR_INTERNET_DISCONNECTED @ https://claimavenue.com/api/skyline/statistics?live=1:0
[116947563ms] [ERROR] Failed to load resource: net::ERR_INTERNET_DISCONNECTED @ https://claimavenue.com/api/skyline/reservations/holds:0
[116950487ms] [ERROR] Failed to load resource: net::ERR_INTERNET_DISCONNECTED @ https://claimavenue.com/api/skyline/statistics?live=1:0
[116950565ms] [ERROR] Failed to load resource: net::ERR_INTERNET_DISCONNECTED @ https://claimavenue.com/api/skyline/reservations/holds:0
[116951624ms] [ERROR] Failed to load resource: net::ERR_INTERNET_DISCONNECTED @ https://claimavenue.com/api/skyline/presence:0
[116953565ms] [ERROR] Failed to load resource: net::ERR_INTERNET_DISCONNECTED @ https://claimavenue.com/api/skyline/reservations/holds:0
[116954500ms] [ERROR] Failed to load resource: net::ERR_INTERNET_DISCONNECTED @ https://claimavenue.com/api/skyline/air-ads:0
[116954502ms] [ERROR] Failed to load resource: net::ERR_INTERNET_DISCONNECTED @ https://claimavenue.com/api/skyline/billboard-ads:0
[116955496ms] [ERROR] Failed to load resource: net::ERR_INTERNET_DISCONNECTED @ https://claimavenue.com/api/skyline/statistics?live=1:0
[116956564ms] [ERROR] Failed to load resource: net::ERR_INTERNET_DISCONNECTED @ https://claimavenue.com/api/skyline/reservations/holds:0
[116959488ms] [ERROR] Failed to load resource: net::ERR_INTERNET_DISCONNECTED @ https://claimavenue.com/api/skyline/bootstrap:0
[116959564ms] [ERROR] Failed to load resource: net::ERR_INTERNET_DISCONNECTED @ https://claimavenue.com/api/skyline/reservations/holds:0
[116960506ms] [ERROR] Failed to load resource: net::ERR_INTERNET_DISCONNECTED @ https://claimavenue.com/api/skyline/statistics?live=1:0
[116962563ms] [ERROR] Failed to load resource: net::ERR_INTERNET_DISCONNECTED @ https://claimavenue.com/api/skyline/reservations/holds:0
[116963630ms] [ERROR] Failed to load resource: net::ERR_INTERNET_DISCONNECTED @ https://claimavenue.com/api/skyline/presence:0
[116964488ms] [ERROR] Failed to load resource: net::ERR_INTERNET_DISCONNECTED @ https://claimavenue.com/api/skyline/air-ads:0
[116964488ms] [ERROR] Failed to load resource: net::ERR_INTERNET_DISCONNECTED @ https://claimavenue.com/api/skyline/billboard-ads:0
[116965515ms] [ERROR] Failed to load resource: net::ERR_INTERNET_DISCONNECTED @ https://claimavenue.com/api/skyline/statistics?live=1:0
[116965563ms] [ERROR] Failed to load resource: net::ERR_INTERNET_DISCONNECTED @ https://claimavenue.com/api/skyline/reservations/holds:0
[116968568ms] [ERROR] Failed to load resource: net::ERR_INTERNET_DISCONNECTED @ https://claimavenue.com/api/skyline/reservations/holds:0
[116970520ms] [ERROR] Failed to load resource: net::ERR_INTERNET_DISCONNECTED @ https://claimavenue.com/api/skyline/statistics?live=1:0
[116971566ms] [ERROR] Failed to load resource: net::ERR_INTERNET_DISCONNECTED @ https://claimavenue.com/api/skyline/reservations/holds:0
[116974497ms] [ERROR] Failed to load resource: net::ERR_INTERNET_DISCONNECTED @ https://claimavenue.com/api/skyline/air-ads:0
[116974500ms] [ERROR] Failed to load resource: net::ERR_INTERNET_DISCONNECTED @ https://claimavenue.com/api/skyline/billboard-ads:0
[116974500ms] [ERROR] Failed to load resource: net::ERR_INTERNET_DISCONNECTED @ https://claimavenue.com/api/skyline/bootstrap:0
[116974563ms] [ERROR] Failed to load resource: net::ERR_INTERNET_DISCONNECTED @ https://claimavenue.com/api/skyline/reservations/holds:0
[116975531ms] [ERROR] Failed to load resource: net::ERR_INTERNET_DISCONNECTED @ https://claimavenue.com/api/skyline/statistics?live=1:0
[116975636ms] [ERROR] Failed to load resource: net::ERR_INTERNET_DISCONNECTED @ https://claimavenue.com/api/skyline/presence:0
[116977563ms] [ERROR] Failed to load resource: net::ERR_INTERNET_DISCONNECTED @ https://claimavenue.com/api/skyline/reservations/holds:0
[116980540ms] [ERROR] Failed to load resource: net::ERR_INTERNET_DISCONNECTED @ https://claimavenue.com/api/skyline/statistics?live=1:0
[116980563ms] [ERROR] Failed to load resource: net::ERR_INTERNET_DISCONNECTED @ https://claimavenue.com/api/skyline/reservations/holds:0
[116983564ms] [ERROR] Failed to load resource: net::ERR_INTERNET_DISCONNECTED @ https://claimavenue.com/api/skyline/reservations/holds:0
[116984488ms] [ERROR] Failed to load resource: net::ERR_INTERNET_DISCONNECTED @ https://claimavenue.com/api/skyline/billboard-ads:0
[116984488ms] [ERROR] Failed to load resource: net::ERR_INTERNET_DISCONNECTED @ https://claimavenue.com/api/skyline/air-ads:0
[116985550ms] [ERROR] Failed to load resource: net::ERR_INTERNET_DISCONNECTED @ https://claimavenue.com/api/skyline/statistics?live=1:0
[116986563ms] [ERROR] Failed to load resource: net::ERR_INTERNET_DISCONNECTED @ https://claimavenue.com/api/skyline/reservations/holds:0
[116987647ms] [ERROR] Failed to load resource: net::ERR_INTERNET_DISCONNECTED @ https://claimavenue.com/api/skyline/presence:0
[116989489ms] [ERROR] Failed to load resource: net::ERR_INTERNET_DISCONNECTED @ https://claimavenue.com/api/skyline/bootstrap:0
[116989566ms] [ERROR] Failed to load resource: net::ERR_INTERNET_DISCONNECTED @ https://claimavenue.com/api/skyline/reservations/holds:0
[116990558ms] [ERROR] Failed to load resource: net::ERR_INTERNET_DISCONNECTED @ https://claimavenue.com/api/skyline/statistics?live=1:0
[116992569ms] [ERROR] Failed to load resource: net::ERR_INTERNET_DISCONNECTED @ https://claimavenue.com/api/skyline/reservations/holds:0
[116994493ms] [ERROR] Failed to load resource: net::ERR_INTERNET_DISCONNECTED @ https://claimavenue.com/api/skyline/billboard-ads:0
[116994494ms] [ERROR] Failed to load resource: net::ERR_INTERNET_DISCONNECTED @ https://claimavenue.com/api/skyline/air-ads:0
[116995563ms] [ERROR] Failed to load resource: net::ERR_INTERNET_DISCONNECTED @ https://claimavenue.com/api/skyline/statistics?live=1:0
[116995564ms] [ERROR] Failed to load resource: net::ERR_INTERNET_DISCONNECTED @ https://claimavenue.com/api/skyline/reservations/holds:0
[116998562ms] [ERROR] Failed to load resource: net::ERR_INTERNET_DISCONNECTED @ https://claimavenue.com/api/skyline/reservations/holds:0
[116999655ms] [ERROR] Failed to load resource: net::ERR_INTERNET_DISCONNECTED @ https://claimavenue.com/api/skyline/presence:0
[117000569ms] [ERROR] Failed to load resource: net::ERR_INTERNET_DISCONNECTED @ https://claimavenue.com/api/skyline/statistics?live=1:0
[117001565ms] [ERROR] Failed to load resource: net::ERR_INTERNET_DISCONNECTED @ https://claimavenue.com/api/skyline/reservations/holds:0
[117004497ms] [ERROR] Failed to load resource: net::ERR_INTERNET_DISCONNECTED @ https://claimavenue.com/api/skyline/air-ads:0
[117004498ms] [ERROR] Failed to load resource: net::ERR_INTERNET_DISCONNECTED @ https://claimavenue.com/api/skyline/bootstrap:0
[117004498ms] [ERROR] Failed to load resource: net::ERR_INTERNET_DISCONNECTED @ https://claimavenue.com/api/skyline/billboard-ads:0
[117004562ms] [ERROR] Failed to load resource: net::ERR_INTERNET_DISCONNECTED @ https://claimavenue.com/api/skyline/reservations/holds:0
[117005575ms] [ERROR] Failed to load resource: net::ERR_INTERNET_DISCONNECTED @ https://claimavenue.com/api/skyline/statistics?live=1:0
[117007564ms] [ERROR] Failed to load resource: net::ERR_INTERNET_DISCONNECTED @ https://claimavenue.com/api/skyline/reservations/holds:0
[117010564ms] [ERROR] Failed to load resource: net::ERR_INTERNET_DISCONNECTED @ https://claimavenue.com/api/skyline/reservations/holds:0
[117010584ms] [ERROR] Failed to load resource: net::ERR_INTERNET_DISCONNECTED @ https://claimavenue.com/api/skyline/statistics?live=1:0
[117011660ms] [ERROR] Failed to load resource: net::ERR_INTERNET_DISCONNECTED @ https://claimavenue.com/api/skyline/presence:0
[117013566ms] [ERROR] Failed to load resource: net::ERR_INTERNET_DISCONNECTED @ https://claimavenue.com/api/skyline/reservations/holds:0
[117014490ms] [ERROR] Failed to load resource: net::ERR_INTERNET_DISCONNECTED @ https://claimavenue.com/api/skyline/air-ads:0
[117014491ms] [ERROR] Failed to load resource: net::ERR_INTERNET_DISCONNECTED @ https://claimavenue.com/api/skyline/billboard-ads:0
[117015591ms] [ERROR] Failed to load resource: net::ERR_INTERNET_DISCONNECTED @ https://claimavenue.com/api/skyline/statistics?live=1:0
[117016567ms] [ERROR] Failed to load resource: net::ERR_INTERNET_DISCONNECTED @ https://claimavenue.com/api/skyline/reservations/holds:0
[117019492ms] [ERROR] Failed to load resource: net::ERR_INTERNET_DISCONNECTED @ https://claimavenue.com/api/skyline/bootstrap:0
[117019571ms] [ERROR] Failed to load resource: net::ERR_INTERNET_DISCONNECTED @ https://claimavenue.com/api/skyline/reservations/holds:0
[117020602ms] [ERROR] Failed to load resource: net::ERR_INTERNET_DISCONNECTED @ https://claimavenue.com/api/skyline/statistics?live=1:0
[117022564ms] [ERROR] Failed to load resource: net::ERR_INTERNET_DISCONNECTED @ https://claimavenue.com/api/skyline/reservations/holds:0
[117023665ms] [ERROR] Failed to load resource: net::ERR_INTERNET_DISCONNECTED @ https://claimavenue.com/api/skyline/presence:0
[117024491ms] [ERROR] Failed to load resource: net::ERR_INTERNET_DISCONNECTED @ https://claimavenue.com/api/skyline/air-ads:0
[117024492ms] [ERROR] Failed to load resource: net::ERR_INTERNET_DISCONNECTED @ https://claimavenue.com/api/skyline/billboard-ads:0
[117025564ms] [ERROR] Failed to load resource: net::ERR_INTERNET_DISCONNECTED @ https://claimavenue.com/api/skyline/reservations/holds:0
[117025607ms] [ERROR] Failed to load resource: net::ERR_INTERNET_DISCONNECTED @ https://claimavenue.com/api/skyline/statistics?live=1:0
[117028566ms] [ERROR] Failed to load resource: net::ERR_INTERNET_DISCONNECTED @ https://claimavenue.com/api/skyline/reservations/holds:0
[117030612ms] [ERROR] Failed to load resource: net::ERR_INTERNET_DISCONNECTED @ https://claimavenue.com/api/skyline/statistics?live=1:0
[117031563ms] [ERROR] Failed to load resource: net::ERR_INTERNET_DISCONNECTED @ https://claimavenue.com/api/skyline/reservations/holds:0
[117034489ms] [ERROR] Failed to load resource: net::ERR_INTERNET_DISCONNECTED @ https://claimavenue.com/api/skyline/bootstrap:0
[117034490ms] [ERROR] Failed to load resource: net::ERR_INTERNET_DISCONNECTED @ https://claimavenue.com/api/skyline/billboard-ads:0
[117034490ms] [ERROR] Failed to load resource: net::ERR_INTERNET_DISCONNECTED @ https://claimavenue.com/api/skyline/air-ads:0
[117034563ms] [ERROR] Failed to load resource: net::ERR_INTERNET_DISCONNECTED @ https://claimavenue.com/api/skyline/reservations/holds:0
[117035618ms] [ERROR] Failed to load resource: net::ERR_INTERNET_DISCONNECTED @ https://claimavenue.com/api/skyline/statistics?live=1:0
[117035671ms] [ERROR] Failed to load resource: net::ERR_INTERNET_DISCONNECTED @ https://claimavenue.com/api/skyline/presence:0
[117037563ms] [ERROR] Failed to load resource: net::ERR_INTERNET_DISCONNECTED @ https://claimavenue.com/api/skyline/reservations/holds:0
[117040580ms] [ERROR] Failed to load resource: net::ERR_INTERNET_DISCONNECTED @ https://claimavenue.com/api/skyline/reservations/holds:0
[117040635ms] [ERROR] Failed to load resource: net::ERR_INTERNET_DISCONNECTED @ https://claimavenue.com/api/skyline/statistics?live=1:0
[117043564ms] [ERROR] Failed to load resource: net::ERR_INTERNET_DISCONNECTED @ https://claimavenue.com/api/skyline/reservations/holds:0
[117044487ms] [ERROR] Failed to load resource: net::ERR_INTERNET_DISCONNECTED @ https://claimavenue.com/api/skyline/air-ads:0
[117044490ms] [ERROR] Failed to load resource: net::ERR_INTERNET_DISCONNECTED @ https://claimavenue.com/api/skyline/billboard-ads:0
[117045642ms] [ERROR] Failed to load resource: net::ERR_INTERNET_DISCONNECTED @ https://claimavenue.com/api/skyline/statistics?live=1:0
[117046564ms] [ERROR] Failed to load resource: net::ERR_INTERNET_DISCONNECTED @ https://claimavenue.com/api/skyline/reservations/holds:0
[117047675ms] [ERROR] Failed to load resource: net::ERR_INTERNET_DISCONNECTED @ https://claimavenue.com/api/skyline/presence:0
[117049489ms] [ERROR] Failed to load resource: net::ERR_INTERNET_DISCONNECTED @ https://claimavenue.com/api/skyline/bootstrap:0
[117049568ms] [ERROR] Failed to load resource: net::ERR_INTERNET_DISCONNECTED @ https://claimavenue.com/api/skyline/reservations/holds:0
[117050646ms] [ERROR] Failed to load resource: net::ERR_INTERNET_DISCONNECTED @ https://claimavenue.com/api/skyline/statistics?live=1:0
[117052564ms] [ERROR] Failed to load resource: net::ERR_INTERNET_DISCONNECTED @ https://claimavenue.com/api/skyline/reservations/holds:0
[117054492ms] [ERROR] Failed to load resource: net::ERR_INTERNET_DISCONNECTED @ https://claimavenue.com/api/skyline/air-ads:0
[117054492ms] [ERROR] Failed to load resource: net::ERR_INTERNET_DISCONNECTED @ https://claimavenue.com/api/skyline/billboard-ads:0
[117055565ms] [ERROR] Failed to load resource: net::ERR_INTERNET_DISCONNECTED @ https://claimavenue.com/api/skyline/reservations/holds:0
[117055658ms] [ERROR] Failed to load resource: net::ERR_INTERNET_DISCONNECTED @ https://claimavenue.com/api/skyline/statistics?live=1:0
[117058563ms] [ERROR] Failed to load resource: net::ERR_INTERNET_DISCONNECTED @ https://claimavenue.com/api/skyline/reservations/holds:0
[117059687ms] [ERROR] Failed to load resource: net::ERR_INTERNET_DISCONNECTED @ https://claimavenue.com/api/skyline/presence:0
[117060667ms] [ERROR] Failed to load resource: net::ERR_INTERNET_DISCONNECTED @ https://claimavenue.com/api/skyline/statistics?live=1:0
[117061563ms] [ERROR] Failed to load resource: net::ERR_INTERNET_DISCONNECTED @ https://claimavenue.com/api/skyline/reservations/holds:0
[117064492ms] [ERROR] Failed to load resource: net::ERR_INTERNET_DISCONNECTED @ https://claimavenue.com/api/skyline/bootstrap:0
[117064494ms] [ERROR] Failed to load resource: net::ERR_INTERNET_DISCONNECTED @ https://claimavenue.com/api/skyline/billboard-ads:0
[117064494ms] [ERROR] Failed to load resource: net::ERR_INTERNET_DISCONNECTED @ https://claimavenue.com/api/skyline/air-ads:0
[117064567ms] [ERROR] Failed to load resource: net::ERR_INTERNET_DISCONNECTED @ https://claimavenue.com/api/skyline/reservations/holds:0
[117065672ms] [ERROR] Failed to load resource: net::ERR_INTERNET_DISCONNECTED @ https://claimavenue.com/api/skyline/statistics?live=1:0
[117067564ms] [ERROR] Failed to load resource: net::ERR_INTERNET_DISCONNECTED @ https://claimavenue.com/api/skyline/reservations/holds:0
[117070570ms] [ERROR] Failed to load resource: net::ERR_INTERNET_DISCONNECTED @ https://claimavenue.com/api/skyline/reservations/holds:0
[117070676ms] [ERROR] Failed to load resource: net::ERR_INTERNET_DISCONNECTED @ https://claimavenue.com/api/skyline/statistics?live=1:0
[117071698ms] [ERROR] Failed to load resource: net::ERR_INTERNET_DISCONNECTED @ https://claimavenue.com/api/skyline/presence:0
[117073564ms] [ERROR] Failed to load resource: net::ERR_INTERNET_DISCONNECTED @ https://claimavenue.com/api/skyline/reservations/holds:0
[117074492ms] [ERROR] Failed to load resource: net::ERR_INTERNET_DISCONNECTED @ https://claimavenue.com/api/skyline/air-ads:0
[117074493ms] [ERROR] Failed to load resource: net::ERR_INTERNET_DISCONNECTED @ https://claimavenue.com/api/skyline/billboard-ads:0
[117075682ms] [ERROR] Failed to load resource: net::ERR_INTERNET_DISCONNECTED @ https://claimavenue.com/api/skyline/statistics?live=1:0
[117076566ms] [ERROR] Failed to load resource: net::ERR_INTERNET_DISCONNECTED @ https://claimavenue.com/api/skyline/reservations/holds:0
[117079489ms] [ERROR] Failed to load resource: net::ERR_INTERNET_DISCONNECTED @ https://claimavenue.com/api/skyline/bootstrap:0
[117079573ms] [ERROR] Failed to load resource: net::ERR_INTERNET_DISCONNECTED @ https://claimavenue.com/api/skyline/reservations/holds:0
[117080687ms] [ERROR] Failed to load resource: net::ERR_INTERNET_DISCONNECTED @ https://claimavenue.com/api/skyline/statistics?live=1:0
[117082565ms] [ERROR] Failed to load resource: net::ERR_INTERNET_DISCONNECTED @ https://claimavenue.com/api/skyline/reservations/holds:0
[117084016ms] [ERROR] Failed to load resource: net::ERR_INTERNET_DISCONNECTED @ https://claimavenue.com/api/skyline/presence:0
[117084489ms] [ERROR] Failed to load resource: net::ERR_INTERNET_DISCONNECTED @ https://claimavenue.com/api/skyline/air-ads:0
[117084490ms] [ERROR] Failed to load resource: net::ERR_INTERNET_DISCONNECTED @ https://claimavenue.com/api/skyline/billboard-ads:0
[117085564ms] [ERROR] Failed to load resource: net::ERR_INTERNET_DISCONNECTED @ https://claimavenue.com/api/skyline/reservations/holds:0
[117085692ms] [ERROR] Failed to load resource: net::ERR_INTERNET_DISCONNECTED @ https://claimavenue.com/api/skyline/statistics?live=1:0
[117088573ms] [ERROR] Failed to load resource: net::ERR_INTERNET_DISCONNECTED @ https://claimavenue.com/api/skyline/reservations/holds:0
[117090698ms] [ERROR] Failed to load resource: net::ERR_INTERNET_DISCONNECTED @ https://claimavenue.com/api/skyline/statistics?live=1:0
[117091564ms] [ERROR] Failed to load resource: net::ERR_INTERNET_DISCONNECTED @ https://claimavenue.com/api/skyline/reservations/holds:0
[117094489ms] [ERROR] Failed to load resource: net::ERR_INTERNET_DISCONNECTED @ https://claimavenue.com/api/skyline/air-ads:0
[117094490ms] [ERROR] Failed to load resource: net::ERR_INTERNET_DISCONNECTED @ https://claimavenue.com/api/skyline/bootstrap:0
[117094490ms] [ERROR] Failed to load resource: net::ERR_INTERNET_DISCONNECTED @ https://claimavenue.com/api/skyline/billboard-ads:0
[117094563ms] [ERROR] Failed to load resource: net::ERR_INTERNET_DISCONNECTED @ https://claimavenue.com/api/skyline/reservations/holds:0
[117095703ms] [ERROR] Failed to load resource: net::ERR_INTERNET_DISCONNECTED @ https://claimavenue.com/api/skyline/statistics?live=1:0
[117096027ms] [ERROR] Failed to load resource: net::ERR_INTERNET_DISCONNECTED @ https://claimavenue.com/api/skyline/presence:0
[117097563ms] [ERROR] Failed to load resource: net::ERR_INTERNET_DISCONNECTED @ https://claimavenue.com/api/skyline/reservations/holds:0
[117100565ms] [ERROR] Failed to load resource: net::ERR_INTERNET_DISCONNECTED @ https://claimavenue.com/api/skyline/reservations/holds:0
[117100708ms] [ERROR] Failed to load resource: net::ERR_INTERNET_DISCONNECTED @ https://claimavenue.com/api/skyline/statistics?live=1:0
[117103565ms] [ERROR] Failed to load resource: net::ERR_INTERNET_DISCONNECTED @ https://claimavenue.com/api/skyline/reservations/holds:0
[117104492ms] [ERROR] Failed to load resource: net::ERR_INTERNET_DISCONNECTED @ https://claimavenue.com/api/skyline/air-ads:0
[117104493ms] [ERROR] Failed to load resource: net::ERR_INTERNET_DISCONNECTED @ https://claimavenue.com/api/skyline/billboard-ads:0
[117105722ms] [ERROR] Failed to load resource: net::ERR_INTERNET_DISCONNECTED @ https://claimavenue.com/api/skyline/statistics?live=1:0
[117106563ms] [ERROR] Failed to load resource: net::ERR_INTERNET_DISCONNECTED @ https://claimavenue.com/api/skyline/reservations/holds:0
[117108033ms] [ERROR] Failed to load resource: net::ERR_INTERNET_DISCONNECTED @ https://claimavenue.com/api/skyline/presence:0
[117109495ms] [ERROR] Failed to load resource: net::ERR_INTERNET_DISCONNECTED @ https://claimavenue.com/api/skyline/bootstrap:0
[117109563ms] [ERROR] Failed to load resource: net::ERR_INTERNET_DISCONNECTED @ https://claimavenue.com/api/skyline/reservations/holds:0
[117110733ms] [ERROR] Failed to load resource: net::ERR_INTERNET_DISCONNECTED @ https://claimavenue.com/api/skyline/statistics?live=1:0
[117112567ms] [ERROR] Failed to load resource: net::ERR_INTERNET_DISCONNECTED @ https://claimavenue.com/api/skyline/reservations/holds:0
[117114489ms] [ERROR] Failed to load resource: net::ERR_INTERNET_DISCONNECTED @ https://claimavenue.com/api/skyline/air-ads:0
[117114490ms] [ERROR] Failed to load resource: net::ERR_INTERNET_DISCONNECTED @ https://claimavenue.com/api/skyline/billboard-ads:0
[117115563ms] [ERROR] Failed to load resource: net::ERR_INTERNET_DISCONNECTED @ https://claimavenue.com/api/skyline/reservations/holds:0
[117115739ms] [ERROR] Failed to load resource: net::ERR_INTERNET_DISCONNECTED @ https://claimavenue.com/api/skyline/statistics?live=1:0
[117118572ms] [ERROR] Failed to load resource: net::ERR_INTERNET_DISCONNECTED @ https://claimavenue.com/api/skyline/reservations/holds:0
[117120037ms] [ERROR] Failed to load resource: net::ERR_INTERNET_DISCONNECTED @ https://claimavenue.com/api/skyline/presence:0
[117120746ms] [ERROR] Failed to load resource: net::ERR_INTERNET_DISCONNECTED @ https://claimavenue.com/api/skyline/statistics?live=1:0
[117121567ms] [ERROR] Failed to load resource: net::ERR_INTERNET_DISCONNECTED @ https://claimavenue.com/api/skyline/reservations/holds:0
[117124492ms] [ERROR] Failed to load resource: net::ERR_INTERNET_DISCONNECTED @ https://claimavenue.com/api/skyline/billboard-ads:0
[117124492ms] [ERROR] Failed to load resource: net::ERR_INTERNET_DISCONNECTED @ https://claimavenue.com/api/skyline/bootstrap:0
[117124492ms] [ERROR] Failed to load resource: net::ERR_INTERNET_DISCONNECTED @ https://claimavenue.com/api/skyline/air-ads:0
[117124565ms] [ERROR] Failed to load resource: net::ERR_INTERNET_DISCONNECTED @ https://claimavenue.com/api/skyline/reservations/holds:0
[117125750ms] [ERROR] Failed to load resource: net::ERR_INTERNET_DISCONNECTED @ https://claimavenue.com/api/skyline/statistics?live=1:0
[117127566ms] [ERROR] Failed to load resource: net::ERR_INTERNET_DISCONNECTED @ https://claimavenue.com/api/skyline/reservations/holds:0
[117130564ms] [ERROR] Failed to load resource: net::ERR_INTERNET_DISCONNECTED @ https://claimavenue.com/api/skyline/reservations/holds:0
[117130755ms] [ERROR] Failed to load resource: net::ERR_INTERNET_DISCONNECTED @ https://claimavenue.com/api/skyline/statistics?live=1:0
[117132042ms] [ERROR] Failed to load resource: net::ERR_INTERNET_DISCONNECTED @ https://claimavenue.com/api/skyline/presence:0
[117133570ms] [ERROR] Failed to load resource: net::ERR_INTERNET_DISCONNECTED @ https://claimavenue.com/api/skyline/reservations/holds:0
[117134489ms] [ERROR] Failed to load resource: net::ERR_INTERNET_DISCONNECTED @ https://claimavenue.com/api/skyline/air-ads:0
[117134490ms] [ERROR] Failed to load resource: net::ERR_INTERNET_DISCONNECTED @ https://claimavenue.com/api/skyline/billboard-ads:0
[117135765ms] [ERROR] Failed to load resource: net::ERR_INTERNET_DISCONNECTED @ https://claimavenue.com/api/skyline/statistics?live=1:0
[117136564ms] [ERROR] Failed to load resource: net::ERR_INTERNET_DISCONNECTED @ https://claimavenue.com/api/skyline/reservations/holds:0
[117139495ms] [ERROR] Failed to load resource: net::ERR_INTERNET_DISCONNECTED @ https://claimavenue.com/api/skyline/bootstrap:0
[117139567ms] [ERROR] Failed to load resource: net::ERR_INTERNET_DISCONNECTED @ https://claimavenue.com/api/skyline/reservations/holds:0
[117140777ms] [ERROR] Failed to load resource: net::ERR_INTERNET_DISCONNECTED @ https://claimavenue.com/api/skyline/statistics?live=1:0
[117142566ms] [ERROR] Failed to load resource: net::ERR_INTERNET_DISCONNECTED @ https://claimavenue.com/api/skyline/reservations/holds:0
[117144047ms] [ERROR] Failed to load resource: net::ERR_INTERNET_DISCONNECTED @ https://claimavenue.com/api/skyline/presence:0
[117144501ms] [ERROR] Failed to load resource: net::ERR_INTERNET_DISCONNECTED @ https://claimavenue.com/api/skyline/air-ads:0
[117144502ms] [ERROR] Failed to load resource: net::ERR_INTERNET_DISCONNECTED @ https://claimavenue.com/api/skyline/billboard-ads:0
[117145565ms] [ERROR] Failed to load resource: net::ERR_INTERNET_DISCONNECTED @ https://claimavenue.com/api/skyline/reservations/holds:0
[117145782ms] [ERROR] Failed to load resource: net::ERR_INTERNET_DISCONNECTED @ https://claimavenue.com/api/skyline/statistics?live=1:0
[117148571ms] [ERROR] Failed to load resource: net::ERR_INTERNET_DISCONNECTED @ https://claimavenue.com/api/skyline/reservations/holds:0
[117150787ms] [ERROR] Failed to load resource: net::ERR_INTERNET_DISCONNECTED @ https://claimavenue.com/api/skyline/statistics?live=1:0
[117151569ms] [ERROR] Failed to load resource: net::ERR_INTERNET_DISCONNECTED @ https://claimavenue.com/api/skyline/reservations/holds:0
[117154495ms] [ERROR] Failed to load resource: net::ERR_INTERNET_DISCONNECTED @ https://claimavenue.com/api/skyline/air-ads:0
[117154496ms] [ERROR] Failed to load resource: net::ERR_INTERNET_DISCONNECTED @ https://claimavenue.com/api/skyline/bootstrap:0
[117154496ms] [ERROR] Failed to load resource: net::ERR_INTERNET_DISCONNECTED @ https://claimavenue.com/api/skyline/billboard-ads:0
[117154563ms] [ERROR] Failed to load resource: net::ERR_INTERNET_DISCONNECTED @ https://claimavenue.com/api/skyline/reservations/holds:0
[117155793ms] [ERROR] Failed to load resource: net::ERR_INTERNET_DISCONNECTED @ https://claimavenue.com/api/skyline/statistics?live=1:0
[117156057ms] [ERROR] Failed to load resource: net::ERR_INTERNET_DISCONNECTED @ https://claimavenue.com/api/skyline/presence:0
[117157571ms] [ERROR] Failed to load resource: net::ERR_INTERNET_DISCONNECTED @ https://claimavenue.com/api/skyline/reservations/holds:0
[117160566ms] [ERROR] Failed to load resource: net::ERR_INTERNET_DISCONNECTED @ https://claimavenue.com/api/skyline/reservations/holds:0
[117160799ms] [ERROR] Failed to load resource: net::ERR_INTERNET_DISCONNECTED @ https://claimavenue.com/api/skyline/statistics?live=1:0
[117163568ms] [ERROR] Failed to load resource: net::ERR_INTERNET_DISCONNECTED @ https://claimavenue.com/api/skyline/reservations/holds:0
[117164491ms] [ERROR] Failed to load resource: net::ERR_INTERNET_DISCONNECTED @ https://claimavenue.com/api/skyline/billboard-ads:0
[117164491ms] [ERROR] Failed to load resource: net::ERR_INTERNET_DISCONNECTED @ https://claimavenue.com/api/skyline/air-ads:0
[117165804ms] [ERROR] Failed to load resource: net::ERR_INTERNET_DISCONNECTED @ https://claimavenue.com/api/skyline/statistics?live=1:0
[117166565ms] [ERROR] Failed to load resource: net::ERR_INTERNET_DISCONNECTED @ https://claimavenue.com/api/skyline/reservations/holds:0
[117168065ms] [ERROR] Failed to load resource: net::ERR_INTERNET_DISCONNECTED @ https://claimavenue.com/api/skyline/presence:0
[117169494ms] [ERROR] Failed to load resource: net::ERR_INTERNET_DISCONNECTED @ https://claimavenue.com/api/skyline/bootstrap:0
[117169571ms] [ERROR] Failed to load resource: net::ERR_INTERNET_DISCONNECTED @ https://claimavenue.com/api/skyline/reservations/holds:0
[117170810ms] [ERROR] Failed to load resource: net::ERR_INTERNET_DISCONNECTED @ https://claimavenue.com/api/skyline/statistics?live=1:0
[117172566ms] [ERROR] Failed to load resource: net::ERR_INTERNET_DISCONNECTED @ https://claimavenue.com/api/skyline/reservations/holds:0
[117174489ms] [ERROR] Failed to load resource: net::ERR_INTERNET_DISCONNECTED @ https://claimavenue.com/api/skyline/air-ads:0
[117174489ms] [ERROR] Failed to load resource: net::ERR_INTERNET_DISCONNECTED @ https://claimavenue.com/api/skyline/billboard-ads:0
[117175566ms] [ERROR] Failed to load resource: net::ERR_INTERNET_DISCONNECTED @ https://claimavenue.com/api/skyline/reservations/holds:0
[117175815ms] [ERROR] Failed to load resource: net::ERR_INTERNET_DISCONNECTED @ https://claimavenue.com/api/skyline/statistics?live=1:0
[117178564ms] [ERROR] Failed to load resource: net::ERR_INTERNET_DISCONNECTED @ https://claimavenue.com/api/skyline/reservations/holds:0
[117180071ms] [ERROR] Failed to load resource: net::ERR_INTERNET_DISCONNECTED @ https://claimavenue.com/api/skyline/presence:0
[117180821ms] [ERROR] Failed to load resource: net::ERR_INTERNET_DISCONNECTED @ https://claimavenue.com/api/skyline/statistics?live=1:0
[117181564ms] [ERROR] Failed to load resource: net::ERR_INTERNET_DISCONNECTED @ https://claimavenue.com/api/skyline/reservations/holds:0
[117184490ms] [ERROR] Failed to load resource: net::ERR_INTERNET_DISCONNECTED @ https://claimavenue.com/api/skyline/air-ads:0
[117184491ms] [ERROR] Failed to load resource: net::ERR_INTERNET_DISCONNECTED @ https://claimavenue.com/api/skyline/bootstrap:0
[117184491ms] [ERROR] Failed to load resource: net::ERR_INTERNET_DISCONNECTED @ https://claimavenue.com/api/skyline/billboard-ads:0
[117184565ms] [ERROR] Failed to load resource: net::ERR_INTERNET_DISCONNECTED @ https://claimavenue.com/api/skyline/reservations/holds:0
[117185825ms] [ERROR] Failed to load resource: net::ERR_INTERNET_DISCONNECTED @ https://claimavenue.com/api/skyline/statistics?live=1:0
[117187572ms] [ERROR] Failed to load resource: net::ERR_INTERNET_DISCONNECTED @ https://claimavenue.com/api/skyline/reservations/holds:0
[117190571ms] [ERROR] Failed to load resource: net::ERR_INTERNET_DISCONNECTED @ https://claimavenue.com/api/skyline/reservations/holds:0
[117190834ms] [ERROR] Failed to load resource: net::ERR_INTERNET_DISCONNECTED @ https://claimavenue.com/api/skyline/statistics?live=1:0
[117192077ms] [ERROR] Failed to load resource: net::ERR_INTERNET_DISCONNECTED @ https://claimavenue.com/api/skyline/presence:0
[117193565ms] [ERROR] Failed to load resource: net::ERR_INTERNET_DISCONNECTED @ https://claimavenue.com/api/skyline/reservations/holds:0
[117194494ms] [ERROR] Failed to load resource: net::ERR_INTERNET_DISCONNECTED @ https://claimavenue.com/api/skyline/air-ads:0
[117194496ms] [ERROR] Failed to load resource: net::ERR_INTERNET_DISCONNECTED @ https://claimavenue.com/api/skyline/billboard-ads:0
[117195839ms] [ERROR] Failed to load resource: net::ERR_INTERNET_DISCONNECTED @ https://claimavenue.com/api/skyline/statistics?live=1:0
[117196566ms] [ERROR] Failed to load resource: net::ERR_INTERNET_DISCONNECTED @ https://claimavenue.com/api/skyline/reservations/holds:0
[117199492ms] [ERROR] Failed to load resource: net::ERR_INTERNET_DISCONNECTED @ https://claimavenue.com/api/skyline/bootstrap:0
[117199574ms] [ERROR] Failed to load resource: net::ERR_INTERNET_DISCONNECTED @ https://claimavenue.com/api/skyline/reservations/holds:0
[117200844ms] [ERROR] Failed to load resource: net::ERR_INTERNET_DISCONNECTED @ https://claimavenue.com/api/skyline/statistics?live=1:0
[117202568ms] [ERROR] Failed to load resource: net::ERR_INTERNET_DISCONNECTED @ https://claimavenue.com/api/skyline/reservations/holds:0
[117204082ms] [ERROR] Failed to load resource: net::ERR_INTERNET_DISCONNECTED @ https://claimavenue.com/api/skyline/presence:0
[117204493ms] [ERROR] Failed to load resource: net::ERR_INTERNET_DISCONNECTED @ https://claimavenue.com/api/skyline/air-ads:0
[117204494ms] [ERROR] Failed to load resource: net::ERR_INTERNET_DISCONNECTED @ https://claimavenue.com/api/skyline/billboard-ads:0
[117205565ms] [ERROR] Failed to load resource: net::ERR_INTERNET_DISCONNECTED @ https://claimavenue.com/api/skyline/reservations/holds:0
[117205849ms] [ERROR] Failed to load resource: net::ERR_INTERNET_DISCONNECTED @ https://claimavenue.com/api/skyline/statistics?live=1:0
[117208566ms] [ERROR] Failed to load resource: net::ERR_INTERNET_DISCONNECTED @ https://claimavenue.com/api/skyline/reservations/holds:0
[117210855ms] [ERROR] Failed to load resource: net::ERR_INTERNET_DISCONNECTED @ https://claimavenue.com/api/skyline/statistics?live=1:0
[117211568ms] [ERROR] Failed to load resource: net::ERR_INTERNET_DISCONNECTED @ https://claimavenue.com/api/skyline/reservations/holds:0
[117214491ms] [ERROR] Failed to load resource: net::ERR_INTERNET_DISCONNECTED @ https://claimavenue.com/api/skyline/air-ads:0
[117214491ms] [ERROR] Failed to load resource: net::ERR_INTERNET_DISCONNECTED @ https://claimavenue.com/api/skyline/billboard-ads:0
[117214492ms] [ERROR] Failed to load resource: net::ERR_INTERNET_DISCONNECTED @ https://claimavenue.com/api/skyline/bootstrap:0
[117214564ms] [ERROR] Failed to load resource: net::ERR_INTERNET_DISCONNECTED @ https://claimavenue.com/api/skyline/reservations/holds:0
[117215862ms] [ERROR] Failed to load resource: net::ERR_INTERNET_DISCONNECTED @ https://claimavenue.com/api/skyline/statistics?live=1:0
[117216088ms] [ERROR] Failed to load resource: net::ERR_INTERNET_DISCONNECTED @ https://claimavenue.com/api/skyline/presence:0
[117217568ms] [ERROR] Failed to load resource: net::ERR_INTERNET_DISCONNECTED @ https://claimavenue.com/api/skyline/reservations/holds:0
[117220566ms] [ERROR] Failed to load resource: net::ERR_INTERNET_DISCONNECTED @ https://claimavenue.com/api/skyline/reservations/holds:0
[117220866ms] [ERROR] Failed to load resource: net::ERR_INTERNET_DISCONNECTED @ https://claimavenue.com/api/skyline/statistics?live=1:0
[117223574ms] [ERROR] Failed to load resource: net::ERR_INTERNET_DISCONNECTED @ https://claimavenue.com/api/skyline/reservations/holds:0
[117224491ms] [ERROR] Failed to load resource: net::ERR_INTERNET_DISCONNECTED @ https://claimavenue.com/api/skyline/air-ads:0
[117224491ms] [ERROR] Failed to load resource: net::ERR_INTERNET_DISCONNECTED @ https://claimavenue.com/api/skyline/billboard-ads:0
[117225871ms] [ERROR] Failed to load resource: net::ERR_INTERNET_DISCONNECTED @ https://claimavenue.com/api/skyline/statistics?live=1:0
[117226565ms] [ERROR] Failed to load resource: net::ERR_INTERNET_DISCONNECTED @ https://claimavenue.com/api/skyline/reservations/holds:0
[117228093ms] [ERROR] Failed to load resource: net::ERR_INTERNET_DISCONNECTED @ https://claimavenue.com/api/skyline/presence:0
[117229494ms] [ERROR] Failed to load resource: net::ERR_INTERNET_DISCONNECTED @ https://claimavenue.com/api/skyline/bootstrap:0
[117229576ms] [ERROR] Failed to load resource: net::ERR_INTERNET_DISCONNECTED @ https://claimavenue.com/api/skyline/reservations/holds:0
[117230880ms] [ERROR] Failed to load resource: net::ERR_INTERNET_DISCONNECTED @ https://claimavenue.com/api/skyline/statistics?live=1:0
[117232566ms] [ERROR] Failed to load resource: net::ERR_INTERNET_DISCONNECTED @ https://claimavenue.com/api/skyline/reservations/holds:0
[117234496ms] [ERROR] Failed to load resource: net::ERR_INTERNET_DISCONNECTED @ https://claimavenue.com/api/skyline/air-ads:0
[117234496ms] [ERROR] Failed to load resource: net::ERR_INTERNET_DISCONNECTED @ https://claimavenue.com/api/skyline/billboard-ads:0
[117235568ms] [ERROR] Failed to load resource: net::ERR_INTERNET_DISCONNECTED @ https://claimavenue.com/api/skyline/reservations/holds:0
[117235888ms] [ERROR] Failed to load resource: net::ERR_INTERNET_DISCONNECTED @ https://claimavenue.com/api/skyline/statistics?live=1:0
[117238569ms] [ERROR] Failed to load resource: net::ERR_INTERNET_DISCONNECTED @ https://claimavenue.com/api/skyline/reservations/holds:0
[117240100ms] [ERROR] Failed to load resource: net::ERR_INTERNET_DISCONNECTED @ https://claimavenue.com/api/skyline/presence:0
[117240893ms] [ERROR] Failed to load resource: net::ERR_INTERNET_DISCONNECTED @ https://claimavenue.com/api/skyline/statistics?live=1:0
[117241565ms] [ERROR] Failed to load resource: net::ERR_INTERNET_DISCONNECTED @ https://claimavenue.com/api/skyline/reservations/holds:0
[117244497ms] [ERROR] Failed to load resource: net::ERR_INTERNET_DISCONNECTED @ https://claimavenue.com/api/skyline/bootstrap:0
[117244498ms] [ERROR] Failed to load resource: net::ERR_INTERNET_DISCONNECTED @ https://claimavenue.com/api/skyline/air-ads:0
[117244498ms] [ERROR] Failed to load resource: net::ERR_INTERNET_DISCONNECTED @ https://claimavenue.com/api/skyline/billboard-ads:0
[117244563ms] [ERROR] Failed to load resource: net::ERR_INTERNET_DISCONNECTED @ https://claimavenue.com/api/skyline/reservations/holds:0
[117245902ms] [ERROR] Failed to load resource: net::ERR_INTERNET_DISCONNECTED @ https://claimavenue.com/api/skyline/statistics?live=1:0
[117247574ms] [ERROR] Failed to load resource: net::ERR_INTERNET_DISCONNECTED @ https://claimavenue.com/api/skyline/reservations/holds:0
[117250568ms] [ERROR] Failed to load resource: net::ERR_INTERNET_DISCONNECTED @ https://claimavenue.com/api/skyline/reservations/holds:0
[117250907ms] [ERROR] Failed to load resource: net::ERR_INTERNET_DISCONNECTED @ https://claimavenue.com/api/skyline/statistics?live=1:0
[117252105ms] [ERROR] Failed to load resource: net::ERR_INTERNET_DISCONNECTED @ https://claimavenue.com/api/skyline/presence:0
[117253566ms] [ERROR] Failed to load resource: net::ERR_INTERNET_DISCONNECTED @ https://claimavenue.com/api/skyline/reservations/holds:0
[117254491ms] [ERROR] Failed to load resource: net::ERR_INTERNET_DISCONNECTED @ https://claimavenue.com/api/skyline/air-ads:0
[117254492ms] [ERROR] Failed to load resource: net::ERR_INTERNET_DISCONNECTED @ https://claimavenue.com/api/skyline/billboard-ads:0
[117255916ms] [ERROR] Failed to load resource: net::ERR_INTERNET_DISCONNECTED @ https://claimavenue.com/api/skyline/statistics?live=1:0
[117256566ms] [ERROR] Failed to load resource: net::ERR_INTERNET_DISCONNECTED @ https://claimavenue.com/api/skyline/reservations/holds:0
[117259511ms] [ERROR] Failed to load resource: net::ERR_INTERNET_DISCONNECTED @ https://claimavenue.com/api/skyline/bootstrap:0
[117259573ms] [ERROR] Failed to load resource: net::ERR_INTERNET_DISCONNECTED @ https://claimavenue.com/api/skyline/reservations/holds:0
[117260928ms] [ERROR] Failed to load resource: net::ERR_INTERNET_DISCONNECTED @ https://claimavenue.com/api/skyline/statistics?live=1:0
[117262567ms] [ERROR] Failed to load resource: net::ERR_INTERNET_DISCONNECTED @ https://claimavenue.com/api/skyline/reservations/holds:0
[117264118ms] [ERROR] Failed to load resource: net::ERR_INTERNET_DISCONNECTED @ https://claimavenue.com/api/skyline/presence:0
[117264493ms] [ERROR] Failed to load resource: net::ERR_INTERNET_DISCONNECTED @ https://claimavenue.com/api/skyline/air-ads:0
[117264493ms] [ERROR] Failed to load resource: net::ERR_INTERNET_DISCONNECTED @ https://claimavenue.com/api/skyline/billboard-ads:0
[117265567ms] [ERROR] Failed to load resource: net::ERR_INTERNET_DISCONNECTED @ https://claimavenue.com/api/skyline/reservations/holds:0
[117265932ms] [ERROR] Failed to load resource: net::ERR_INTERNET_DISCONNECTED @ https://claimavenue.com/api/skyline/statistics?live=1:0
[117268566ms] [ERROR] Failed to load resource: net::ERR_INTERNET_DISCONNECTED @ https://claimavenue.com/api/skyline/reservations/holds:0
[117270938ms] [ERROR] Failed to load resource: net::ERR_INTERNET_DISCONNECTED @ https://claimavenue.com/api/skyline/statistics?live=1:0
[117271565ms] [ERROR] Failed to load resource: net::ERR_INTERNET_DISCONNECTED @ https://claimavenue.com/api/skyline/reservations/holds:0
[117274491ms] [ERROR] Failed to load resource: net::ERR_INTERNET_DISCONNECTED @ https://claimavenue.com/api/skyline/air-ads:0
[117274491ms] [ERROR] Failed to load resource: net::ERR_INTERNET_DISCONNECTED @ https://claimavenue.com/api/skyline/bootstrap:0
[117274491ms] [ERROR] Failed to load resource: net::ERR_INTERNET_DISCONNECTED @ https://claimavenue.com/api/skyline/billboard-ads:0
[117274565ms] [ERROR] Failed to load resource: net::ERR_INTERNET_DISCONNECTED @ https://claimavenue.com/api/skyline/reservations/holds:0
[117275943ms] [ERROR] Failed to load resource: net::ERR_INTERNET_DISCONNECTED @ https://claimavenue.com/api/skyline/statistics?live=1:0
[117276124ms] [ERROR] Failed to load resource: net::ERR_INTERNET_DISCONNECTED @ https://claimavenue.com/api/skyline/presence:0
[117277565ms] [ERROR] Failed to load resource: net::ERR_INTERNET_DISCONNECTED @ https://claimavenue.com/api/skyline/reservations/holds:0
[117280574ms] [ERROR] Failed to load resource: net::ERR_INTERNET_DISCONNECTED @ https://claimavenue.com/api/skyline/reservations/holds:0
[117280948ms] [ERROR] Failed to load resource: net::ERR_INTERNET_DISCONNECTED @ https://claimavenue.com/api/skyline/statistics?live=1:0
[117283571ms] [ERROR] Failed to load resource: net::ERR_INTERNET_DISCONNECTED @ https://claimavenue.com/api/skyline/reservations/holds:0
[117284490ms] [ERROR] Failed to load resource: net::ERR_INTERNET_DISCONNECTED @ https://claimavenue.com/api/skyline/air-ads:0
[117284491ms] [ERROR] Failed to load resource: net::ERR_INTERNET_DISCONNECTED @ https://claimavenue.com/api/skyline/billboard-ads:0
[117285954ms] [ERROR] Failed to load resource: net::ERR_INTERNET_DISCONNECTED @ https://claimavenue.com/api/skyline/statistics?live=1:0
[117286572ms] [ERROR] Failed to load resource: net::ERR_INTERNET_DISCONNECTED @ https://claimavenue.com/api/skyline/reservations/holds:0
[117288129ms] [ERROR] Failed to load resource: net::ERR_INTERNET_DISCONNECTED @ https://claimavenue.com/api/skyline/presence:0
[117289492ms] [ERROR] Failed to load resource: net::ERR_INTERNET_DISCONNECTED @ https://claimavenue.com/api/skyline/bootstrap:0
[117289577ms] [ERROR] Failed to load resource: net::ERR_INTERNET_DISCONNECTED @ https://claimavenue.com/api/skyline/reservations/holds:0
[117290960ms] [ERROR] Failed to load resource: net::ERR_INTERNET_DISCONNECTED @ https://claimavenue.com/api/skyline/statistics?live=1:0
[117292582ms] [ERROR] Failed to load resource: net::ERR_INTERNET_DISCONNECTED @ https://claimavenue.com/api/skyline/reservations/holds:0
[117294497ms] [ERROR] Failed to load resource: net::ERR_INTERNET_DISCONNECTED @ https://claimavenue.com/api/skyline/air-ads:0
[117294498ms] [ERROR] Failed to load resource: net::ERR_INTERNET_DISCONNECTED @ https://claimavenue.com/api/skyline/billboard-ads:0
[117295567ms] [ERROR] Failed to load resource: net::ERR_INTERNET_DISCONNECTED @ https://claimavenue.com/api/skyline/reservations/holds:0
[117295965ms] [ERROR] Failed to load resource: net::ERR_INTERNET_DISCONNECTED @ https://claimavenue.com/api/skyline/statistics?live=1:0
[117298573ms] [ERROR] Failed to load resource: net::ERR_INTERNET_DISCONNECTED @ https://claimavenue.com/api/skyline/reservations/holds:0
[117300134ms] [ERROR] Failed to load resource: net::ERR_INTERNET_DISCONNECTED @ https://claimavenue.com/api/skyline/presence:0
[117300970ms] [ERROR] Failed to load resource: net::ERR_INTERNET_DISCONNECTED @ https://claimavenue.com/api/skyline/statistics?live=1:0
[117301566ms] [ERROR] Failed to load resource: net::ERR_INTERNET_DISCONNECTED @ https://claimavenue.com/api/skyline/reservations/holds:0
[117304493ms] [ERROR] Failed to load resource: net::ERR_INTERNET_DISCONNECTED @ https://claimavenue.com/api/skyline/air-ads:0
[117304494ms] [ERROR] Failed to load resource: net::ERR_INTERNET_DISCONNECTED @ https://claimavenue.com/api/skyline/bootstrap:0
[117304495ms] [ERROR] Failed to load resource: net::ERR_INTERNET_DISCONNECTED @ https://claimavenue.com/api/skyline/billboard-ads:0
[117304565ms] [ERROR] Failed to load resource: net::ERR_INTERNET_DISCONNECTED @ https://claimavenue.com/api/skyline/reservations/holds:0
[117305979ms] [ERROR] Failed to load resource: net::ERR_INTERNET_DISCONNECTED @ https://claimavenue.com/api/skyline/statistics?live=1:0
[117307569ms] [ERROR] Failed to load resource: net::ERR_INTERNET_DISCONNECTED @ https://claimavenue.com/api/skyline/reservations/holds:0
[117310566ms] [ERROR] Failed to load resource: net::ERR_INTERNET_DISCONNECTED @ https://claimavenue.com/api/skyline/reservations/holds:0
[117310988ms] [ERROR] Failed to load resource: net::ERR_INTERNET_DISCONNECTED @ https://claimavenue.com/api/skyline/statistics?live=1:0
[117312143ms] [ERROR] Failed to load resource: net::ERR_INTERNET_DISCONNECTED @ https://claimavenue.com/api/skyline/presence:0
[117313565ms] [ERROR] Failed to load resource: net::ERR_INTERNET_DISCONNECTED @ https://claimavenue.com/api/skyline/reservations/holds:0
[117314498ms] [ERROR] Failed to load resource: net::ERR_INTERNET_DISCONNECTED @ https://claimavenue.com/api/skyline/air-ads:0
[117314499ms] [ERROR] Failed to load resource: net::ERR_INTERNET_DISCONNECTED @ https://claimavenue.com/api/skyline/billboard-ads:0
[117315993ms] [ERROR] Failed to load resource: net::ERR_INTERNET_DISCONNECTED @ https://claimavenue.com/api/skyline/statistics?live=1:0
[117316566ms] [ERROR] Failed to load resource: net::ERR_INTERNET_DISCONNECTED @ https://claimavenue.com/api/skyline/reservations/holds:0
[117319492ms] [ERROR] Failed to load resource: net::ERR_INTERNET_DISCONNECTED @ https://claimavenue.com/api/skyline/bootstrap:0
[117319567ms] [ERROR] Failed to load resource: net::ERR_INTERNET_DISCONNECTED @ https://claimavenue.com/api/skyline/reservations/holds:0
[117321003ms] [ERROR] Failed to load resource: net::ERR_INTERNET_DISCONNECTED @ https://claimavenue.com/api/skyline/statistics?live=1:0
[117322572ms] [ERROR] Failed to load resource: net::ERR_INTERNET_DISCONNECTED @ https://claimavenue.com/api/skyline/reservations/holds:0
[117324149ms] [ERROR] Failed to load resource: net::ERR_INTERNET_DISCONNECTED @ https://claimavenue.com/api/skyline/presence:0
[117324491ms] [ERROR] Failed to load resource: net::ERR_INTERNET_DISCONNECTED @ https://claimavenue.com/api/skyline/air-ads:0
[117324492ms] [ERROR] Failed to load resource: net::ERR_INTERNET_DISCONNECTED @ https://claimavenue.com/api/skyline/billboard-ads:0
[117325565ms] [ERROR] Failed to load resource: net::ERR_INTERNET_DISCONNECTED @ https://claimavenue.com/api/skyline/reservations/holds:0
[117326008ms] [ERROR] Failed to load resource: net::ERR_INTERNET_DISCONNECTED @ https://claimavenue.com/api/skyline/statistics?live=1:0
[117328569ms] [ERROR] Failed to load resource: net::ERR_INTERNET_DISCONNECTED @ https://claimavenue.com/api/skyline/reservations/holds:0
[117331013ms] [ERROR] Failed to load resource: net::ERR_INTERNET_DISCONNECTED @ https://claimavenue.com/api/skyline/statistics?live=1:0
[117331565ms] [ERROR] Failed to load resource: net::ERR_INTERNET_DISCONNECTED @ https://claimavenue.com/api/skyline/reservations/holds:0
[117334504ms] [ERROR] Failed to load resource: net::ERR_INTERNET_DISCONNECTED @ https://claimavenue.com/api/skyline/air-ads:0
[117334506ms] [ERROR] Failed to load resource: net::ERR_INTERNET_DISCONNECTED @ https://claimavenue.com/api/skyline/bootstrap:0
[117334507ms] [ERROR] Failed to load resource: net::ERR_INTERNET_DISCONNECTED @ https://claimavenue.com/api/skyline/billboard-ads:0
[117334568ms] [ERROR] Failed to load resource: net::ERR_INTERNET_DISCONNECTED @ https://claimavenue.com/api/skyline/reservations/holds:0
[117336021ms] [ERROR] Failed to load resource: net::ERR_INTERNET_DISCONNECTED @ https://claimavenue.com/api/skyline/statistics?live=1:0
[117336159ms] [ERROR] Failed to load resource: net::ERR_INTERNET_DISCONNECTED @ https://claimavenue.com/api/skyline/presence:0
[117337570ms] [ERROR] Failed to load resource: net::ERR_INTERNET_DISCONNECTED @ https://claimavenue.com/api/skyline/reservations/holds:0
[117340578ms] [ERROR] Failed to load resource: net::ERR_INTERNET_DISCONNECTED @ https://claimavenue.com/api/skyline/reservations/holds:0
[117341025ms] [ERROR] Failed to load resource: net::ERR_INTERNET_DISCONNECTED @ https://claimavenue.com/api/skyline/statistics?live=1:0
[117343567ms] [ERROR] Failed to load resource: net::ERR_INTERNET_DISCONNECTED @ https://claimavenue.com/api/skyline/reservations/holds:0
[117344492ms] [ERROR] Failed to load resource: net::ERR_INTERNET_DISCONNECTED @ https://claimavenue.com/api/skyline/air-ads:0
[117344493ms] [ERROR] Failed to load resource: net::ERR_INTERNET_DISCONNECTED @ https://claimavenue.com/api/skyline/billboard-ads:0
[117346031ms] [ERROR] Failed to load resource: net::ERR_INTERNET_DISCONNECTED @ https://claimavenue.com/api/skyline/statistics?live=1:0
[117346566ms] [ERROR] Failed to load resource: net::ERR_INTERNET_DISCONNECTED @ https://claimavenue.com/api/skyline/reservations/holds:0
[117348166ms] [ERROR] Failed to load resource: net::ERR_INTERNET_DISCONNECTED @ https://claimavenue.com/api/skyline/presence:0
[117349497ms] [ERROR] Failed to load resource: net::ERR_INTERNET_DISCONNECTED @ https://claimavenue.com/api/skyline/bootstrap:0
[117349572ms] [ERROR] Failed to load resource: net::ERR_INTERNET_DISCONNECTED @ https://claimavenue.com/api/skyline/reservations/holds:0
[117351040ms] [ERROR] Failed to load resource: net::ERR_INTERNET_DISCONNECTED @ https://claimavenue.com/api/skyline/statistics?live=1:0
[117352566ms] [ERROR] Failed to load resource: net::ERR_INTERNET_DISCONNECTED @ https://claimavenue.com/api/skyline/reservations/holds:0
[117354491ms] [ERROR] Failed to load resource: net::ERR_INTERNET_DISCONNECTED @ https://claimavenue.com/api/skyline/air-ads:0
[117354491ms] [ERROR] Failed to load resource: net::ERR_INTERNET_DISCONNECTED @ https://claimavenue.com/api/skyline/billboard-ads:0
[117355568ms] [ERROR] Failed to load resource: net::ERR_INTERNET_DISCONNECTED @ https://claimavenue.com/api/skyline/reservations/holds:0
[117356045ms] [ERROR] Failed to load resource: net::ERR_INTERNET_DISCONNECTED @ https://claimavenue.com/api/skyline/statistics?live=1:0
[117358567ms] [ERROR] Failed to load resource: net::ERR_INTERNET_DISCONNECTED @ https://claimavenue.com/api/skyline/reservations/holds:0
[117360171ms] [ERROR] Failed to load resource: net::ERR_INTERNET_DISCONNECTED @ https://claimavenue.com/api/skyline/presence:0
[117361051ms] [ERROR] Failed to load resource: net::ERR_INTERNET_DISCONNECTED @ https://claimavenue.com/api/skyline/statistics?live=1:0
[117361567ms] [ERROR] Failed to load resource: net::ERR_INTERNET_DISCONNECTED @ https://claimavenue.com/api/skyline/reservations/holds:0
[117364502ms] [ERROR] Failed to load resource: net::ERR_INTERNET_DISCONNECTED @ https://claimavenue.com/api/skyline/air-ads:0
[117364503ms] [ERROR] Failed to load resource: net::ERR_INTERNET_DISCONNECTED @ https://claimavenue.com/api/skyline/bootstrap:0
[117364503ms] [ERROR] Failed to load resource: net::ERR_INTERNET_DISCONNECTED @ https://claimavenue.com/api/skyline/billboard-ads:0
[117364572ms] [ERROR] Failed to load resource: net::ERR_INTERNET_DISCONNECTED @ https://claimavenue.com/api/skyline/reservations/holds:0
[117366057ms] [ERROR] Failed to load resource: net::ERR_INTERNET_DISCONNECTED @ https://claimavenue.com/api/skyline/statistics?live=1:0
[117367568ms] [ERROR] Failed to load resource: net::ERR_INTERNET_DISCONNECTED @ https://claimavenue.com/api/skyline/reservations/holds:0
[117370568ms] [ERROR] Failed to load resource: net::ERR_INTERNET_DISCONNECTED @ https://claimavenue.com/api/skyline/reservations/holds:0
[117371063ms] [ERROR] Failed to load resource: net::ERR_INTERNET_DISCONNECTED @ https://claimavenue.com/api/skyline/statistics?live=1:0
[117372180ms] [ERROR] Failed to load resource: net::ERR_INTERNET_DISCONNECTED @ https://claimavenue.com/api/skyline/presence:0
[117373569ms] [ERROR] Failed to load resource: net::ERR_INTERNET_DISCONNECTED @ https://claimavenue.com/api/skyline/reservations/holds:0
[117374494ms] [ERROR] Failed to load resource: net::ERR_INTERNET_DISCONNECTED @ https://claimavenue.com/api/skyline/air-ads:0
[117374495ms] [ERROR] Failed to load resource: net::ERR_INTERNET_DISCONNECTED @ https://claimavenue.com/api/skyline/billboard-ads:0
[117376068ms] [ERROR] Failed to load resource: net::ERR_INTERNET_DISCONNECTED @ https://claimavenue.com/api/skyline/statistics?live=1:0
[117376568ms] [ERROR] Failed to load resource: net::ERR_INTERNET_DISCONNECTED @ https://claimavenue.com/api/skyline/reservations/holds:0
[117379494ms] [ERROR] Failed to load resource: net::ERR_INTERNET_DISCONNECTED @ https://claimavenue.com/api/skyline/bootstrap:0
[117379571ms] [ERROR] Failed to load resource: net::ERR_INTERNET_DISCONNECTED @ https://claimavenue.com/api/skyline/reservations/holds:0
[117381074ms] [ERROR] Failed to load resource: net::ERR_INTERNET_DISCONNECTED @ https://claimavenue.com/api/skyline/statistics?live=1:0
[117382569ms] [ERROR] Failed to load resource: net::ERR_INTERNET_DISCONNECTED @ https://claimavenue.com/api/skyline/reservations/holds:0
[117384186ms] [ERROR] Failed to load resource: net::ERR_INTERNET_DISCONNECTED @ https://claimavenue.com/api/skyline/presence:0
[117384491ms] [ERROR] Failed to load resource: net::ERR_INTERNET_DISCONNECTED @ https://claimavenue.com/api/skyline/billboard-ads:0
[117384491ms] [ERROR] Failed to load resource: net::ERR_INTERNET_DISCONNECTED @ https://claimavenue.com/api/skyline/air-ads:0
[117385565ms] [ERROR] Failed to load resource: net::ERR_INTERNET_DISCONNECTED @ https://claimavenue.com/api/skyline/reservations/holds:0
[117386081ms] [ERROR] Failed to load resource: net::ERR_INTERNET_DISCONNECTED @ https://claimavenue.com/api/skyline/statistics?live=1:0
[117388569ms] [ERROR] Failed to load resource: net::ERR_INTERNET_DISCONNECTED @ https://claimavenue.com/api/skyline/reservations/holds:0
[117391090ms] [ERROR] Failed to load resource: net::ERR_INTERNET_DISCONNECTED @ https://claimavenue.com/api/skyline/statistics?live=1:0
[117391571ms] [ERROR] Failed to load resource: net::ERR_INTERNET_DISCONNECTED @ https://claimavenue.com/api/skyline/reservations/holds:0
[117394492ms] [ERROR] Failed to load resource: net::ERR_INTERNET_DISCONNECTED @ https://claimavenue.com/api/skyline/air-ads:0
[117394493ms] [ERROR] Failed to load resource: net::ERR_INTERNET_DISCONNECTED @ https://claimavenue.com/api/skyline/billboard-ads:0
[117394493ms] [ERROR] Failed to load resource: net::ERR_INTERNET_DISCONNECTED @ https://claimavenue.com/api/skyline/bootstrap:0
[117394568ms] [ERROR] Failed to load resource: net::ERR_INTERNET_DISCONNECTED @ https://claimavenue.com/api/skyline/reservations/holds:0
[117396104ms] [ERROR] Failed to load resource: net::ERR_INTERNET_DISCONNECTED @ https://claimavenue.com/api/skyline/statistics?live=1:0
[117396191ms] [ERROR] Failed to load resource: net::ERR_INTERNET_DISCONNECTED @ https://claimavenue.com/api/skyline/presence:0
[117397576ms] [ERROR] Failed to load resource: net::ERR_INTERNET_DISCONNECTED @ https://claimavenue.com/api/skyline/reservations/holds:0
[117400567ms] [ERROR] Failed to load resource: net::ERR_INTERNET_DISCONNECTED @ https://claimavenue.com/api/skyline/reservations/holds:0
[117401109ms] [ERROR] Failed to load resource: net::ERR_INTERNET_DISCONNECTED @ https://claimavenue.com/api/skyline/statistics?live=1:0
[117403565ms] [ERROR] Failed to load resource: net::ERR_INTERNET_DISCONNECTED @ https://claimavenue.com/api/skyline/reservations/holds:0
[117404496ms] [ERROR] Failed to load resource: net::ERR_INTERNET_DISCONNECTED @ https://claimavenue.com/api/skyline/air-ads:0
[117404497ms] [ERROR] Failed to load resource: net::ERR_INTERNET_DISCONNECTED @ https://claimavenue.com/api/skyline/billboard-ads:0
[117406115ms] [ERROR] Failed to load resource: net::ERR_INTERNET_DISCONNECTED @ https://claimavenue.com/api/skyline/statistics?live=1:0
[117406566ms] [ERROR] Failed to load resource: net::ERR_INTERNET_DISCONNECTED @ https://claimavenue.com/api/skyline/reservations/holds:0
[117408203ms] [ERROR] Failed to load resource: net::ERR_INTERNET_DISCONNECTED @ https://claimavenue.com/api/skyline/presence:0
[117409494ms] [ERROR] Failed to load resource: net::ERR_INTERNET_DISCONNECTED @ https://claimavenue.com/api/skyline/bootstrap:0
[117409588ms] [ERROR] Failed to load resource: net::ERR_INTERNET_DISCONNECTED @ https://claimavenue.com/api/skyline/reservations/holds:0
[117411130ms] [ERROR] Failed to load resource: net::ERR_INTERNET_DISCONNECTED @ https://claimavenue.com/api/skyline/statistics?live=1:0
[117412569ms] [ERROR] Failed to load resource: net::ERR_INTERNET_DISCONNECTED @ https://claimavenue.com/api/skyline/reservations/holds:0
[117414509ms] [ERROR] Failed to load resource: net::ERR_INTERNET_DISCONNECTED @ https://claimavenue.com/api/skyline/air-ads:0
[117414510ms] [ERROR] Failed to load resource: net::ERR_INTERNET_DISCONNECTED @ https://claimavenue.com/api/skyline/billboard-ads:0
[117415567ms] [ERROR] Failed to load resource: net::ERR_INTERNET_DISCONNECTED @ https://claimavenue.com/api/skyline/reservations/holds:0
[117416137ms] [ERROR] Failed to load resource: net::ERR_INTERNET_DISCONNECTED @ https://claimavenue.com/api/skyline/statistics?live=1:0
[117418570ms] [ERROR] Failed to load resource: net::ERR_INTERNET_DISCONNECTED @ https://claimavenue.com/api/skyline/reservations/holds:0
[117420208ms] [ERROR] Failed to load resource: net::ERR_INTERNET_DISCONNECTED @ https://claimavenue.com/api/skyline/presence:0
[117421143ms] [ERROR] Failed to load resource: net::ERR_INTERNET_DISCONNECTED @ https://claimavenue.com/api/skyline/statistics?live=1:0
[117421571ms] [ERROR] Failed to load resource: net::ERR_INTERNET_DISCONNECTED @ https://claimavenue.com/api/skyline/reservations/holds:0
[117424495ms] [ERROR] Failed to load resource: net::ERR_INTERNET_DISCONNECTED @ https://claimavenue.com/api/skyline/air-ads:0
[117424495ms] [ERROR] Failed to load resource: net::ERR_INTERNET_DISCONNECTED @ https://claimavenue.com/api/skyline/billboard-ads:0
[117424495ms] [ERROR] Failed to load resource: net::ERR_INTERNET_DISCONNECTED @ https://claimavenue.com/api/skyline/bootstrap:0
[117424566ms] [ERROR] Failed to load resource: net::ERR_INTERNET_DISCONNECTED @ https://claimavenue.com/api/skyline/reservations/holds:0
[117426151ms] [ERROR] Failed to load resource: net::ERR_INTERNET_DISCONNECTED @ https://claimavenue.com/api/skyline/statistics?live=1:0
[117427568ms] [ERROR] Failed to load resource: net::ERR_INTERNET_DISCONNECTED @ https://claimavenue.com/api/skyline/reservations/holds:0
[117430568ms] [ERROR] Failed to load resource: net::ERR_INTERNET_DISCONNECTED @ https://claimavenue.com/api/skyline/reservations/holds:0
[117431157ms] [ERROR] Failed to load resource: net::ERR_INTERNET_DISCONNECTED @ https://claimavenue.com/api/skyline/statistics?live=1:0
[117432217ms] [ERROR] Failed to load resource: net::ERR_INTERNET_DISCONNECTED @ https://claimavenue.com/api/skyline/presence:0
[117433566ms] [ERROR] Failed to load resource: net::ERR_INTERNET_DISCONNECTED @ https://claimavenue.com/api/skyline/reservations/holds:0
[117434502ms] [ERROR] Failed to load resource: net::ERR_INTERNET_DISCONNECTED @ https://claimavenue.com/api/skyline/air-ads:0
[117434502ms] [ERROR] Failed to load resource: net::ERR_INTERNET_DISCONNECTED @ https://claimavenue.com/api/skyline/billboard-ads:0
[117436163ms] [ERROR] Failed to load resource: net::ERR_INTERNET_DISCONNECTED @ https://claimavenue.com/api/skyline/statistics?live=1:0
[117436568ms] [ERROR] Failed to load resource: net::ERR_INTERNET_DISCONNECTED @ https://claimavenue.com/api/skyline/reservations/holds:0
[117439494ms] [ERROR] Failed to load resource: net::ERR_INTERNET_DISCONNECTED @ https://claimavenue.com/api/skyline/bootstrap:0
[117439568ms] [ERROR] Failed to load resource: net::ERR_INTERNET_DISCONNECTED @ https://claimavenue.com/api/skyline/reservations/holds:0
[117441170ms] [ERROR] Failed to load resource: net::ERR_INTERNET_DISCONNECTED @ https://claimavenue.com/api/skyline/statistics?live=1:0
[117442567ms] [ERROR] Failed to load resource: net::ERR_INTERNET_DISCONNECTED @ https://claimavenue.com/api/skyline/reservations/holds:0
[117444223ms] [ERROR] Failed to load resource: net::ERR_INTERNET_DISCONNECTED @ https://claimavenue.com/api/skyline/presence:0
[117444491ms] [ERROR] Failed to load resource: net::ERR_INTERNET_DISCONNECTED @ https://claimavenue.com/api/skyline/air-ads:0
[117444492ms] [ERROR] Failed to load resource: net::ERR_INTERNET_DISCONNECTED @ https://claimavenue.com/api/skyline/billboard-ads:0
[117445568ms] [ERROR] Failed to load resource: net::ERR_INTERNET_DISCONNECTED @ https://claimavenue.com/api/skyline/reservations/holds:0
[117446176ms] [ERROR] Failed to load resource: net::ERR_INTERNET_DISCONNECTED @ https://claimavenue.com/api/skyline/statistics?live=1:0
[117448567ms] [ERROR] Failed to load resource: net::ERR_INTERNET_DISCONNECTED @ https://claimavenue.com/api/skyline/reservations/holds:0
[117451181ms] [ERROR] Failed to load resource: net::ERR_INTERNET_DISCONNECTED @ https://claimavenue.com/api/skyline/statistics?live=1:0
[117451570ms] [ERROR] Failed to load resource: net::ERR_INTERNET_DISCONNECTED @ https://claimavenue.com/api/skyline/reservations/holds:0
[117454493ms] [ERROR] Failed to load resource: net::ERR_INTERNET_DISCONNECTED @ https://claimavenue.com/api/skyline/air-ads:0
[117454493ms] [ERROR] Failed to load resource: net::ERR_INTERNET_DISCONNECTED @ https://claimavenue.com/api/skyline/bootstrap:0
[117454493ms] [ERROR] Failed to load resource: net::ERR_INTERNET_DISCONNECTED @ https://claimavenue.com/api/skyline/billboard-ads:0
[117454565ms] [ERROR] Failed to load resource: net::ERR_INTERNET_DISCONNECTED @ https://claimavenue.com/api/skyline/reservations/holds:0
[117456191ms] [ERROR] Failed to load resource: net::ERR_INTERNET_DISCONNECTED @ https://claimavenue.com/api/skyline/statistics?live=1:0
[117456228ms] [ERROR] Failed to load resource: net::ERR_INTERNET_DISCONNECTED @ https://claimavenue.com/api/skyline/presence:0
[117457570ms] [ERROR] Failed to load resource: net::ERR_INTERNET_DISCONNECTED @ https://claimavenue.com/api/skyline/reservations/holds:0
[117460576ms] [ERROR] Failed to load resource: net::ERR_INTERNET_DISCONNECTED @ https://claimavenue.com/api/skyline/reservations/holds:0
[117461195ms] [ERROR] Failed to load resource: net::ERR_INTERNET_DISCONNECTED @ https://claimavenue.com/api/skyline/statistics?live=1:0
[117463579ms] [ERROR] Failed to load resource: net::ERR_INTERNET_DISCONNECTED @ https://claimavenue.com/api/skyline/reservations/holds:0
[117464494ms] [ERROR] Failed to load resource: net::ERR_INTERNET_DISCONNECTED @ https://claimavenue.com/api/skyline/air-ads:0
[117464495ms] [ERROR] Failed to load resource: net::ERR_INTERNET_DISCONNECTED @ https://claimavenue.com/api/skyline/billboard-ads:0
[117466202ms] [ERROR] Failed to load resource: net::ERR_INTERNET_DISCONNECTED @ https://claimavenue.com/api/skyline/statistics?live=1:0
[117466575ms] [ERROR] Failed to load resource: net::ERR_INTERNET_DISCONNECTED @ https://claimavenue.com/api/skyline/reservations/holds:0
[117468235ms] [ERROR] Failed to load resource: net::ERR_INTERNET_DISCONNECTED @ https://claimavenue.com/api/skyline/presence:0
[117469494ms] [ERROR] Failed to load resource: net::ERR_INTERNET_DISCONNECTED @ https://claimavenue.com/api/skyline/bootstrap:0
[117469568ms] [ERROR] Failed to load resource: net::ERR_INTERNET_DISCONNECTED @ https://claimavenue.com/api/skyline/reservations/holds:0
[117471217ms] [ERROR] Failed to load resource: net::ERR_INTERNET_DISCONNECTED @ https://claimavenue.com/api/skyline/statistics?live=1:0
[117472569ms] [ERROR] Failed to load resource: net::ERR_INTERNET_DISCONNECTED @ https://claimavenue.com/api/skyline/reservations/holds:0
[117474494ms] [ERROR] Failed to load resource: net::ERR_INTERNET_DISCONNECTED @ https://claimavenue.com/api/skyline/air-ads:0
[117474494ms] [ERROR] Failed to load resource: net::ERR_INTERNET_DISCONNECTED @ https://claimavenue.com/api/skyline/billboard-ads:0
[117475567ms] [ERROR] Failed to load resource: net::ERR_INTERNET_DISCONNECTED @ https://claimavenue.com/api/skyline/reservations/holds:0
[117476223ms] [ERROR] Failed to load resource: net::ERR_INTERNET_DISCONNECTED @ https://claimavenue.com/api/skyline/statistics?live=1:0
[117478567ms] [ERROR] Failed to load resource: net::ERR_INTERNET_DISCONNECTED @ https://claimavenue.com/api/skyline/reservations/holds:0
[117480244ms] [ERROR] Failed to load resource: net::ERR_INTERNET_DISCONNECTED @ https://claimavenue.com/api/skyline/presence:0
[117481230ms] [ERROR] Failed to load resource: net::ERR_INTERNET_DISCONNECTED @ https://claimavenue.com/api/skyline/statistics?live=1:0
[117481572ms] [ERROR] Failed to load resource: net::ERR_INTERNET_DISCONNECTED @ https://claimavenue.com/api/skyline/reservations/holds:0
[117484493ms] [ERROR] Failed to load resource: net::ERR_INTERNET_DISCONNECTED @ https://claimavenue.com/api/skyline/bootstrap:0
[117484494ms] [ERROR] Failed to load resource: net::ERR_INTERNET_DISCONNECTED @ https://claimavenue.com/api/skyline/billboard-ads:0
[117484494ms] [ERROR] Failed to load resource: net::ERR_INTERNET_DISCONNECTED @ https://claimavenue.com/api/skyline/air-ads:0
[117484565ms] [ERROR] Failed to load resource: net::ERR_INTERNET_DISCONNECTED @ https://claimavenue.com/api/skyline/reservations/holds:0
[117486238ms] [ERROR] Failed to load resource: net::ERR_INTERNET_DISCONNECTED @ https://claimavenue.com/api/skyline/statistics?live=1:0
[117487570ms] [ERROR] Failed to load resource: net::ERR_INTERNET_DISCONNECTED @ https://claimavenue.com/api/skyline/reservations/holds:0
[117490568ms] [ERROR] Failed to load resource: net::ERR_INTERNET_DISCONNECTED @ https://claimavenue.com/api/skyline/reservations/holds:0
[117491248ms] [ERROR] Failed to load resource: net::ERR_INTERNET_DISCONNECTED @ https://claimavenue.com/api/skyline/statistics?live=1:0
[117492249ms] [ERROR] Failed to load resource: net::ERR_INTERNET_DISCONNECTED @ https://claimavenue.com/api/skyline/presence:0
[117493570ms] [ERROR] Failed to load resource: net::ERR_INTERNET_DISCONNECTED @ https://claimavenue.com/api/skyline/reservations/holds:0
[117494492ms] [ERROR] Failed to load resource: net::ERR_INTERNET_DISCONNECTED @ https://claimavenue.com/api/skyline/air-ads:0
[117494493ms] [ERROR] Failed to load resource: net::ERR_INTERNET_DISCONNECTED @ https://claimavenue.com/api/skyline/billboard-ads:0
[117496258ms] [ERROR] Failed to load resource: net::ERR_INTERNET_DISCONNECTED @ https://claimavenue.com/api/skyline/statistics?live=1:0
[117496566ms] [ERROR] Failed to load resource: net::ERR_INTERNET_DISCONNECTED @ https://claimavenue.com/api/skyline/reservations/holds:0
[117499496ms] [ERROR] Failed to load resource: net::ERR_INTERNET_DISCONNECTED @ https://claimavenue.com/api/skyline/bootstrap:0
[117499574ms] [ERROR] Failed to load resource: net::ERR_INTERNET_DISCONNECTED @ https://claimavenue.com/api/skyline/reservations/holds:0
[117501265ms] [ERROR] Failed to load resource: net::ERR_INTERNET_DISCONNECTED @ https://claimavenue.com/api/skyline/statistics?live=1:0
[117502573ms] [ERROR] Failed to load resource: net::ERR_INTERNET_DISCONNECTED @ https://claimavenue.com/api/skyline/reservations/holds:0
[117504254ms] [ERROR] Failed to load resource: net::ERR_INTERNET_DISCONNECTED @ https://claimavenue.com/api/skyline/presence:0
[117504496ms] [ERROR] Failed to load resource: net::ERR_INTERNET_DISCONNECTED @ https://claimavenue.com/api/skyline/air-ads:0
[117504497ms] [ERROR] Failed to load resource: net::ERR_INTERNET_DISCONNECTED @ https://claimavenue.com/api/skyline/billboard-ads:0
[117505569ms] [ERROR] Failed to load resource: net::ERR_INTERNET_DISCONNECTED @ https://claimavenue.com/api/skyline/reservations/holds:0
[117506273ms] [ERROR] Failed to load resource: net::ERR_INTERNET_DISCONNECTED @ https://claimavenue.com/api/skyline/statistics?live=1:0
[117508570ms] [ERROR] Failed to load resource: net::ERR_INTERNET_DISCONNECTED @ https://claimavenue.com/api/skyline/reservations/holds:0
[117511281ms] [ERROR] Failed to load resource: net::ERR_INTERNET_DISCONNECTED @ https://claimavenue.com/api/skyline/statistics?live=1:0
[117511572ms] [ERROR] Failed to load resource: net::ERR_INTERNET_DISCONNECTED @ https://claimavenue.com/api/skyline/reservations/holds:0
[117514494ms] [ERROR] Failed to load resource: net::ERR_INTERNET_DISCONNECTED @ https://claimavenue.com/api/skyline/bootstrap:0
[117514495ms] [ERROR] Failed to load resource: net::ERR_INTERNET_DISCONNECTED @ https://claimavenue.com/api/skyline/billboard-ads:0
[117514495ms] [ERROR] Failed to load resource: net::ERR_INTERNET_DISCONNECTED @ https://claimavenue.com/api/skyline/air-ads:0
[117514567ms] [ERROR] Failed to load resource: net::ERR_INTERNET_DISCONNECTED @ https://claimavenue.com/api/skyline/reservations/holds:0
[117516263ms] [ERROR] Failed to load resource: net::ERR_INTERNET_DISCONNECTED @ https://claimavenue.com/api/skyline/presence:0
[117516288ms] [ERROR] Failed to load resource: net::ERR_INTERNET_DISCONNECTED @ https://claimavenue.com/api/skyline/statistics?live=1:0
[117517567ms] [ERROR] Failed to load resource: net::ERR_INTERNET_DISCONNECTED @ https://claimavenue.com/api/skyline/reservations/holds:0
[117520581ms] [ERROR] Failed to load resource: net::ERR_INTERNET_DISCONNECTED @ https://claimavenue.com/api/skyline/reservations/holds:0
[117521294ms] [ERROR] Failed to load resource: net::ERR_INTERNET_DISCONNECTED @ https://claimavenue.com/api/skyline/statistics?live=1:0
[117523570ms] [ERROR] Failed to load resource: net::ERR_INTERNET_DISCONNECTED @ https://claimavenue.com/api/skyline/reservations/holds:0
[117524494ms] [ERROR] Failed to load resource: net::ERR_INTERNET_DISCONNECTED @ https://claimavenue.com/api/skyline/billboard-ads:0
[117524495ms] [ERROR] Failed to load resource: net::ERR_INTERNET_DISCONNECTED @ https://claimavenue.com/api/skyline/air-ads:0
[117526301ms] [ERROR] Failed to load resource: net::ERR_INTERNET_DISCONNECTED @ https://claimavenue.com/api/skyline/statistics?live=1:0
[117526571ms] [ERROR] Failed to load resource: net::ERR_INTERNET_DISCONNECTED @ https://claimavenue.com/api/skyline/reservations/holds:0
[117528271ms] [ERROR] Failed to load resource: net::ERR_INTERNET_DISCONNECTED @ https://claimavenue.com/api/skyline/presence:0
[117529498ms] [ERROR] Failed to load resource: net::ERR_INTERNET_DISCONNECTED @ https://claimavenue.com/api/skyline/bootstrap:0
[117530271ms] [ERROR] Failed to load resource: net::ERR_INTERNET_DISCONNECTED @ https://claimavenue.com/api/skyline/reservations/holds:0
[117531308ms] [ERROR] Failed to load resource: net::ERR_INTERNET_DISCONNECTED @ https://claimavenue.com/api/skyline/statistics?live=1:0
[117532571ms] [ERROR] Failed to load resource: net::ERR_INTERNET_DISCONNECTED @ https://claimavenue.com/api/skyline/reservations/holds:0
[117534496ms] [ERROR] Failed to load resource: net::ERR_INTERNET_DISCONNECTED @ https://claimavenue.com/api/skyline/air-ads:0
[117534497ms] [ERROR] Failed to load resource: net::ERR_INTERNET_DISCONNECTED @ https://claimavenue.com/api/skyline/billboard-ads:0
[117535566ms] [ERROR] Failed to load resource: net::ERR_INTERNET_DISCONNECTED @ https://claimavenue.com/api/skyline/reservations/holds:0
[117536317ms] [ERROR] Failed to load resource: net::ERR_INTERNET_DISCONNECTED @ https://claimavenue.com/api/skyline/statistics?live=1:0
[117538575ms] [ERROR] Failed to load resource: net::ERR_INTERNET_DISCONNECTED @ https://claimavenue.com/api/skyline/reservations/holds:0
[117540276ms] [ERROR] Failed to load resource: net::ERR_INTERNET_DISCONNECTED @ https://claimavenue.com/api/skyline/presence:0
[117541323ms] [ERROR] Failed to load resource: net::ERR_INTERNET_DISCONNECTED @ https://claimavenue.com/api/skyline/statistics?live=1:0
[117541575ms] [ERROR] Failed to load resource: net::ERR_INTERNET_DISCONNECTED @ https://claimavenue.com/api/skyline/reservations/holds:0
[117544492ms] [ERROR] Failed to load resource: net::ERR_INTERNET_DISCONNECTED @ https://claimavenue.com/api/skyline/air-ads:0
[117544493ms] [ERROR] Failed to load resource: net::ERR_INTERNET_DISCONNECTED @ https://claimavenue.com/api/skyline/billboard-ads:0
[117544493ms] [ERROR] Failed to load resource: net::ERR_INTERNET_DISCONNECTED @ https://claimavenue.com/api/skyline/bootstrap:0
[117544570ms] [ERROR] Failed to load resource: net::ERR_INTERNET_DISCONNECTED @ https://claimavenue.com/api/skyline/reservations/holds:0
[117546339ms] [ERROR] Failed to load resource: net::ERR_INTERNET_DISCONNECTED @ https://claimavenue.com/api/skyline/statistics?live=1:0
[117547568ms] [ERROR] Failed to load resource: net::ERR_INTERNET_DISCONNECTED @ https://claimavenue.com/api/skyline/reservations/holds:0
[117550569ms] [ERROR] Failed to load resource: net::ERR_INTERNET_DISCONNECTED @ https://claimavenue.com/api/skyline/reservations/holds:0
[117551345ms] [ERROR] Failed to load resource: net::ERR_INTERNET_DISCONNECTED @ https://claimavenue.com/api/skyline/statistics?live=1:0
[117552284ms] [ERROR] Failed to load resource: net::ERR_INTERNET_DISCONNECTED @ https://claimavenue.com/api/skyline/presence:0
[117553574ms] [ERROR] Failed to load resource: net::ERR_INTERNET_DISCONNECTED @ https://claimavenue.com/api/skyline/reservations/holds:0
[117554492ms] [ERROR] Failed to load resource: net::ERR_INTERNET_DISCONNECTED @ https://claimavenue.com/api/skyline/air-ads:0
[117554492ms] [ERROR] Failed to load resource: net::ERR_INTERNET_DISCONNECTED @ https://claimavenue.com/api/skyline/billboard-ads:0
[117556350ms] [ERROR] Failed to load resource: net::ERR_INTERNET_DISCONNECTED @ https://claimavenue.com/api/skyline/statistics?live=1:0
[117556567ms] [ERROR] Failed to load resource: net::ERR_INTERNET_DISCONNECTED @ https://claimavenue.com/api/skyline/reservations/holds:0
[117559498ms] [ERROR] Failed to load resource: net::ERR_INTERNET_DISCONNECTED @ https://claimavenue.com/api/skyline/bootstrap:0
[117559578ms] [ERROR] Failed to load resource: net::ERR_INTERNET_DISCONNECTED @ https://claimavenue.com/api/skyline/reservations/holds:0
[117561354ms] [ERROR] Failed to load resource: net::ERR_INTERNET_DISCONNECTED @ https://claimavenue.com/api/skyline/statistics?live=1:0
[117562568ms] [ERROR] Failed to load resource: net::ERR_INTERNET_DISCONNECTED @ https://claimavenue.com/api/skyline/reservations/holds:0
[117564289ms] [ERROR] Failed to load resource: net::ERR_INTERNET_DISCONNECTED @ https://claimavenue.com/api/skyline/presence:0
[117564496ms] [ERROR] Failed to load resource: net::ERR_INTERNET_DISCONNECTED @ https://claimavenue.com/api/skyline/billboard-ads:0
[117564497ms] [ERROR] Failed to load resource: net::ERR_INTERNET_DISCONNECTED @ https://claimavenue.com/api/skyline/air-ads:0
[117565569ms] [ERROR] Failed to load resource: net::ERR_INTERNET_DISCONNECTED @ https://claimavenue.com/api/skyline/reservations/holds:0
[117566362ms] [ERROR] Failed to load resource: net::ERR_INTERNET_DISCONNECTED @ https://claimavenue.com/api/skyline/statistics?live=1:0
[117568567ms] [ERROR] Failed to load resource: net::ERR_INTERNET_DISCONNECTED @ https://claimavenue.com/api/skyline/reservations/holds:0
[117571373ms] [ERROR] Failed to load resource: net::ERR_INTERNET_DISCONNECTED @ https://claimavenue.com/api/skyline/statistics?live=1:0
[117571567ms] [ERROR] Failed to load resource: net::ERR_INTERNET_DISCONNECTED @ https://claimavenue.com/api/skyline/reservations/holds:0
[117574502ms] [ERROR] Failed to load resource: net::ERR_INTERNET_DISCONNECTED @ https://claimavenue.com/api/skyline/bootstrap:0
[117574503ms] [ERROR] Failed to load resource: net::ERR_INTERNET_DISCONNECTED @ https://claimavenue.com/api/skyline/billboard-ads:0
[117574503ms] [ERROR] Failed to load resource: net::ERR_INTERNET_DISCONNECTED @ https://claimavenue.com/api/skyline/air-ads:0
[117574572ms] [ERROR] Failed to load resource: net::ERR_INTERNET_DISCONNECTED @ https://claimavenue.com/api/skyline/reservations/holds:0
[117576304ms] [ERROR] Failed to load resource: net::ERR_INTERNET_DISCONNECTED @ https://claimavenue.com/api/skyline/presence:0
[117576381ms] [ERROR] Failed to load resource: net::ERR_INTERNET_DISCONNECTED @ https://claimavenue.com/api/skyline/statistics?live=1:0
[117577566ms] [ERROR] Failed to load resource: net::ERR_INTERNET_DISCONNECTED @ https://claimavenue.com/api/skyline/reservations/holds:0
[117580569ms] [ERROR] Failed to load resource: net::ERR_INTERNET_DISCONNECTED @ https://claimavenue.com/api/skyline/reservations/holds:0
[117581387ms] [ERROR] Failed to load resource: net::ERR_INTERNET_DISCONNECTED @ https://claimavenue.com/api/skyline/statistics?live=1:0
[117583568ms] [ERROR] Failed to load resource: net::ERR_INTERNET_DISCONNECTED @ https://claimavenue.com/api/skyline/reservations/holds:0
[117584492ms] [ERROR] Failed to load resource: net::ERR_INTERNET_DISCONNECTED @ https://claimavenue.com/api/skyline/air-ads:0
[117584493ms] [ERROR] Failed to load resource: net::ERR_INTERNET_DISCONNECTED @ https://claimavenue.com/api/skyline/billboard-ads:0
[117586394ms] [ERROR] Failed to load resource: net::ERR_INTERNET_DISCONNECTED @ https://claimavenue.com/api/skyline/statistics?live=1:0
[117586567ms] [ERROR] Failed to load resource: net::ERR_INTERNET_DISCONNECTED @ https://claimavenue.com/api/skyline/reservations/holds:0
[117588314ms] [ERROR] Failed to load resource: net::ERR_INTERNET_DISCONNECTED @ https://claimavenue.com/api/skyline/presence:0
[117589497ms] [ERROR] Failed to load resource: net::ERR_INTERNET_DISCONNECTED @ https://claimavenue.com/api/skyline/bootstrap:0
[117589571ms] [ERROR] Failed to load resource: net::ERR_INTERNET_DISCONNECTED @ https://claimavenue.com/api/skyline/reservations/holds:0
[117591405ms] [ERROR] Failed to load resource: net::ERR_INTERNET_DISCONNECTED @ https://claimavenue.com/api/skyline/statistics?live=1:0
[117592568ms] [ERROR] Failed to load resource: net::ERR_INTERNET_DISCONNECTED @ https://claimavenue.com/api/skyline/reservations/holds:0
[117594493ms] [ERROR] Failed to load resource: net::ERR_INTERNET_DISCONNECTED @ https://claimavenue.com/api/skyline/air-ads:0
[117594494ms] [ERROR] Failed to load resource: net::ERR_INTERNET_DISCONNECTED @ https://claimavenue.com/api/skyline/billboard-ads:0
[117595570ms] [ERROR] Failed to load resource: net::ERR_INTERNET_DISCONNECTED @ https://claimavenue.com/api/skyline/reservations/holds:0
[117596412ms] [ERROR] Failed to load resource: net::ERR_INTERNET_DISCONNECTED @ https://claimavenue.com/api/skyline/statistics?live=1:0
[117598571ms] [ERROR] Failed to load resource: net::ERR_INTERNET_DISCONNECTED @ https://claimavenue.com/api/skyline/reservations/holds:0
[117600323ms] [ERROR] Failed to load resource: net::ERR_INTERNET_DISCONNECTED @ https://claimavenue.com/api/skyline/presence:0
[117601419ms] [ERROR] Failed to load resource: net::ERR_INTERNET_DISCONNECTED @ https://claimavenue.com/api/skyline/statistics?live=1:0
[117601569ms] [ERROR] Failed to load resource: net::ERR_INTERNET_DISCONNECTED @ https://claimavenue.com/api/skyline/reservations/holds:0
[117604495ms] [ERROR] Failed to load resource: net::ERR_INTERNET_DISCONNECTED @ https://claimavenue.com/api/skyline/air-ads:0
[117604495ms] [ERROR] Failed to load resource: net::ERR_INTERNET_DISCONNECTED @ https://claimavenue.com/api/skyline/billboard-ads:0
[117604495ms] [ERROR] Failed to load resource: net::ERR_INTERNET_DISCONNECTED @ https://claimavenue.com/api/skyline/bootstrap:0
[117604568ms] [ERROR] Failed to load resource: net::ERR_INTERNET_DISCONNECTED @ https://claimavenue.com/api/skyline/reservations/holds:0
[117606428ms] [ERROR] Failed to load resource: net::ERR_INTERNET_DISCONNECTED @ https://claimavenue.com/api/skyline/statistics?live=1:0
[117607571ms] [ERROR] Failed to load resource: net::ERR_INTERNET_DISCONNECTED @ https://claimavenue.com/api/skyline/reservations/holds:0
[117610568ms] [ERROR] Failed to load resource: net::ERR_INTERNET_DISCONNECTED @ https://claimavenue.com/api/skyline/reservations/holds:0
[117611442ms] [ERROR] Failed to load resource: net::ERR_INTERNET_DISCONNECTED @ https://claimavenue.com/api/skyline/statistics?live=1:0
[117612327ms] [ERROR] Failed to load resource: net::ERR_INTERNET_DISCONNECTED @ https://claimavenue.com/api/skyline/presence:0
[117613573ms] [ERROR] Failed to load resource: net::ERR_INTERNET_DISCONNECTED @ https://claimavenue.com/api/skyline/reservations/holds:0
[117614500ms] [ERROR] Failed to load resource: net::ERR_INTERNET_DISCONNECTED @ https://claimavenue.com/api/skyline/air-ads:0
[117614504ms] [ERROR] Failed to load resource: net::ERR_INTERNET_DISCONNECTED @ https://claimavenue.com/api/skyline/billboard-ads:0
[117616450ms] [ERROR] Failed to load resource: net::ERR_INTERNET_DISCONNECTED @ https://claimavenue.com/api/skyline/statistics?live=1:0
[117616569ms] [ERROR] Failed to load resource: net::ERR_INTERNET_DISCONNECTED @ https://claimavenue.com/api/skyline/reservations/holds:0
[117619492ms] [ERROR] Failed to load resource: net::ERR_INTERNET_DISCONNECTED @ https://claimavenue.com/api/skyline/bootstrap:0
[117619569ms] [ERROR] Failed to load resource: net::ERR_INTERNET_DISCONNECTED @ https://claimavenue.com/api/skyline/reservations/holds:0
[117621471ms] [ERROR] Failed to load resource: net::ERR_INTERNET_DISCONNECTED @ https://claimavenue.com/api/skyline/statistics?live=1:0
[117622570ms] [ERROR] Failed to load resource: net::ERR_INTERNET_DISCONNECTED @ https://claimavenue.com/api/skyline/reservations/holds:0
[117624333ms] [ERROR] Failed to load resource: net::ERR_INTERNET_DISCONNECTED @ https://claimavenue.com/api/skyline/presence:0
[117624494ms] [ERROR] Failed to load resource: net::ERR_INTERNET_DISCONNECTED @ https://claimavenue.com/api/skyline/air-ads:0
[117624495ms] [ERROR] Failed to load resource: net::ERR_INTERNET_DISCONNECTED @ https://claimavenue.com/api/skyline/billboard-ads:0
[117625570ms] [ERROR] Failed to load resource: net::ERR_INTERNET_DISCONNECTED @ https://claimavenue.com/api/skyline/reservations/holds:0
[117626479ms] [ERROR] Failed to load resource: net::ERR_INTERNET_DISCONNECTED @ https://claimavenue.com/api/skyline/statistics?live=1:0
[117628570ms] [ERROR] Failed to load resource: net::ERR_INTERNET_DISCONNECTED @ https://claimavenue.com/api/skyline/reservations/holds:0
[117631485ms] [ERROR] Failed to load resource: net::ERR_INTERNET_DISCONNECTED @ https://claimavenue.com/api/skyline/statistics?live=1:0
[117631568ms] [ERROR] Failed to load resource: net::ERR_INTERNET_DISCONNECTED @ https://claimavenue.com/api/skyline/reservations/holds:0
[117634497ms] [ERROR] Failed to load resource: net::ERR_INTERNET_DISCONNECTED @ https://claimavenue.com/api/skyline/air-ads:0
[117634498ms] [ERROR] Failed to load resource: net::ERR_INTERNET_DISCONNECTED @ https://claimavenue.com/api/skyline/bootstrap:0
[117634498ms] [ERROR] Failed to load resource: net::ERR_INTERNET_DISCONNECTED @ https://claimavenue.com/api/skyline/billboard-ads:0
[117634568ms] [ERROR] Failed to load resource: net::ERR_INTERNET_DISCONNECTED @ https://claimavenue.com/api/skyline/reservations/holds:0
[117636348ms] [ERROR] Failed to load resource: net::ERR_INTERNET_DISCONNECTED @ https://claimavenue.com/api/skyline/presence:0
[117636492ms] [ERROR] Failed to load resource: net::ERR_INTERNET_DISCONNECTED @ https://claimavenue.com/api/skyline/statistics?live=1:0
[117637569ms] [ERROR] Failed to load resource: net::ERR_INTERNET_DISCONNECTED @ https://claimavenue.com/api/skyline/reservations/holds:0
[117640574ms] [ERROR] Failed to load resource: net::ERR_INTERNET_DISCONNECTED @ https://claimavenue.com/api/skyline/reservations/holds:0
[117641501ms] [ERROR] Failed to load resource: net::ERR_INTERNET_DISCONNECTED @ https://claimavenue.com/api/skyline/statistics?live=1:0
[117643569ms] [ERROR] Failed to load resource: net::ERR_INTERNET_DISCONNECTED @ https://claimavenue.com/api/skyline/reservations/holds:0
[117644493ms] [ERROR] Failed to load resource: net::ERR_INTERNET_DISCONNECTED @ https://claimavenue.com/api/skyline/air-ads:0
[117644494ms] [ERROR] Failed to load resource: net::ERR_INTERNET_DISCONNECTED @ https://claimavenue.com/api/skyline/billboard-ads:0
[117646518ms] [ERROR] Failed to load resource: net::ERR_INTERNET_DISCONNECTED @ https://claimavenue.com/api/skyline/statistics?live=1:0
[117646575ms] [ERROR] Failed to load resource: net::ERR_INTERNET_DISCONNECTED @ https://claimavenue.com/api/skyline/reservations/holds:0
[117648356ms] [ERROR] Failed to load resource: net::ERR_INTERNET_DISCONNECTED @ https://claimavenue.com/api/skyline/presence:0
[117649494ms] [ERROR] Failed to load resource: net::ERR_INTERNET_DISCONNECTED @ https://claimavenue.com/api/skyline/bootstrap:0
[117649577ms] [ERROR] Failed to load resource: net::ERR_INTERNET_DISCONNECTED @ https://claimavenue.com/api/skyline/reservations/holds:0
[117651525ms] [ERROR] Failed to load resource: net::ERR_INTERNET_DISCONNECTED @ https://claimavenue.com/api/skyline/statistics?live=1:0
[117652571ms] [ERROR] Failed to load resource: net::ERR_INTERNET_DISCONNECTED @ https://claimavenue.com/api/skyline/reservations/holds:0
[117654495ms] [ERROR] Failed to load resource: net::ERR_INTERNET_DISCONNECTED @ https://claimavenue.com/api/skyline/air-ads:0
[117654501ms] [ERROR] Failed to load resource: net::ERR_INTERNET_DISCONNECTED @ https://claimavenue.com/api/skyline/billboard-ads:0
[117655571ms] [ERROR] Failed to load resource: net::ERR_INTERNET_DISCONNECTED @ https://claimavenue.com/api/skyline/reservations/holds:0
[117656530ms] [ERROR] Failed to load resource: net::ERR_INTERNET_DISCONNECTED @ https://claimavenue.com/api/skyline/statistics?live=1:0
[117658570ms] [ERROR] Failed to load resource: net::ERR_INTERNET_DISCONNECTED @ https://claimavenue.com/api/skyline/reservations/holds:0
[117660361ms] [ERROR] Failed to load resource: net::ERR_INTERNET_DISCONNECTED @ https://claimavenue.com/api/skyline/presence:0
[117661535ms] [ERROR] Failed to load resource: net::ERR_INTERNET_DISCONNECTED @ https://claimavenue.com/api/skyline/statistics?live=1:0
[117661568ms] [ERROR] Failed to load resource: net::ERR_INTERNET_DISCONNECTED @ https://claimavenue.com/api/skyline/reservations/holds:0
[117664494ms] [ERROR] Failed to load resource: net::ERR_INTERNET_DISCONNECTED @ https://claimavenue.com/api/skyline/bootstrap:0
[117664495ms] [ERROR] Failed to load resource: net::ERR_INTERNET_DISCONNECTED @ https://claimavenue.com/api/skyline/billboard-ads:0
[117664495ms] [ERROR] Failed to load resource: net::ERR_INTERNET_DISCONNECTED @ https://claimavenue.com/api/skyline/air-ads:0
[117664569ms] [ERROR] Failed to load resource: net::ERR_INTERNET_DISCONNECTED @ https://claimavenue.com/api/skyline/reservations/holds:0
[117666540ms] [ERROR] Failed to load resource: net::ERR_INTERNET_DISCONNECTED @ https://claimavenue.com/api/skyline/statistics?live=1:0
[117667574ms] [ERROR] Failed to load resource: net::ERR_INTERNET_DISCONNECTED @ https://claimavenue.com/api/skyline/reservations/holds:0
[117670569ms] [ERROR] Failed to load resource: net::ERR_INTERNET_DISCONNECTED @ https://claimavenue.com/api/skyline/reservations/holds:0
[117671545ms] [ERROR] Failed to load resource: net::ERR_INTERNET_DISCONNECTED @ https://claimavenue.com/api/skyline/statistics?live=1:0
[117672366ms] [ERROR] Failed to load resource: net::ERR_INTERNET_DISCONNECTED @ https://claimavenue.com/api/skyline/presence:0
[117673571ms] [ERROR] Failed to load resource: net::ERR_INTERNET_DISCONNECTED @ https://claimavenue.com/api/skyline/reservations/holds:0
[117674498ms] [ERROR] Failed to load resource: net::ERR_INTERNET_DISCONNECTED @ https://claimavenue.com/api/skyline/air-ads:0
[117674499ms] [ERROR] Failed to load resource: net::ERR_INTERNET_DISCONNECTED @ https://claimavenue.com/api/skyline/billboard-ads:0
[117676552ms] [ERROR] Failed to load resource: net::ERR_INTERNET_DISCONNECTED @ https://claimavenue.com/api/skyline/statistics?live=1:0
[117676568ms] [ERROR] Failed to load resource: net::ERR_INTERNET_DISCONNECTED @ https://claimavenue.com/api/skyline/reservations/holds:0
[117679494ms] [ERROR] Failed to load resource: net::ERR_INTERNET_DISCONNECTED @ https://claimavenue.com/api/skyline/bootstrap:0
[117679572ms] [ERROR] Failed to load resource: net::ERR_INTERNET_DISCONNECTED @ https://claimavenue.com/api/skyline/reservations/holds:0
[117681563ms] [ERROR] Failed to load resource: net::ERR_INTERNET_DISCONNECTED @ https://claimavenue.com/api/skyline/statistics?live=1:0
[117682574ms] [ERROR] Failed to load resource: net::ERR_INTERNET_DISCONNECTED @ https://claimavenue.com/api/skyline/reservations/holds:0
[117684371ms] [ERROR] Failed to load resource: net::ERR_INTERNET_DISCONNECTED @ https://claimavenue.com/api/skyline/presence:0
[117684497ms] [ERROR] Failed to load resource: net::ERR_INTERNET_DISCONNECTED @ https://claimavenue.com/api/skyline/air-ads:0
[117684497ms] [ERROR] Failed to load resource: net::ERR_INTERNET_DISCONNECTED @ https://claimavenue.com/api/skyline/billboard-ads:0
[117685569ms] [ERROR] Failed to load resource: net::ERR_INTERNET_DISCONNECTED @ https://claimavenue.com/api/skyline/reservations/holds:0
[117686572ms] [ERROR] Failed to load resource: net::ERR_INTERNET_DISCONNECTED @ https://claimavenue.com/api/skyline/statistics?live=1:0
[117688572ms] [ERROR] Failed to load resource: net::ERR_INTERNET_DISCONNECTED @ https://claimavenue.com/api/skyline/reservations/holds:0
[117691570ms] [ERROR] Failed to load resource: net::ERR_INTERNET_DISCONNECTED @ https://claimavenue.com/api/skyline/reservations/holds:0
[117691577ms] [ERROR] Failed to load resource: net::ERR_INTERNET_DISCONNECTED @ https://claimavenue.com/api/skyline/statistics?live=1:0
[117694497ms] [ERROR] Failed to load resource: net::ERR_INTERNET_DISCONNECTED @ https://claimavenue.com/api/skyline/bootstrap:0
[117694498ms] [ERROR] Failed to load resource: net::ERR_INTERNET_DISCONNECTED @ https://claimavenue.com/api/skyline/air-ads:0
[117694498ms] [ERROR] Failed to load resource: net::ERR_INTERNET_DISCONNECTED @ https://claimavenue.com/api/skyline/billboard-ads:0
[117694573ms] [ERROR] Failed to load resource: net::ERR_INTERNET_DISCONNECTED @ https://claimavenue.com/api/skyline/reservations/holds:0
[117696379ms] [ERROR] Failed to load resource: net::ERR_INTERNET_DISCONNECTED @ https://claimavenue.com/api/skyline/presence:0
[117696587ms] [ERROR] Failed to load resource: net::ERR_INTERNET_DISCONNECTED @ https://claimavenue.com/api/skyline/statistics?live=1:0
[117697570ms] [ERROR] Failed to load resource: net::ERR_INTERNET_DISCONNECTED @ https://claimavenue.com/api/skyline/reservations/holds:0
[117700573ms] [ERROR] Failed to load resource: net::ERR_INTERNET_DISCONNECTED @ https://claimavenue.com/api/skyline/reservations/holds:0
[117701596ms] [ERROR] Failed to load resource: net::ERR_INTERNET_DISCONNECTED @ https://claimavenue.com/api/skyline/statistics?live=1:0
[117703571ms] [ERROR] Failed to load resource: net::ERR_INTERNET_DISCONNECTED @ https://claimavenue.com/api/skyline/reservations/holds:0
[117704493ms] [ERROR] Failed to load resource: net::ERR_INTERNET_DISCONNECTED @ https://claimavenue.com/api/skyline/billboard-ads:0
[117704493ms] [ERROR] Failed to load resource: net::ERR_INTERNET_DISCONNECTED @ https://claimavenue.com/api/skyline/air-ads:0
[117706573ms] [ERROR] Failed to load resource: net::ERR_INTERNET_DISCONNECTED @ https://claimavenue.com/api/skyline/reservations/holds:0
[117706603ms] [ERROR] Failed to load resource: net::ERR_INTERNET_DISCONNECTED @ https://claimavenue.com/api/skyline/statistics?live=1:0
[117708391ms] [ERROR] Failed to load resource: net::ERR_INTERNET_DISCONNECTED @ https://claimavenue.com/api/skyline/presence:0
[117709493ms] [ERROR] Failed to load resource: net::ERR_INTERNET_DISCONNECTED @ https://claimavenue.com/api/skyline/bootstrap:0
[117709573ms] [ERROR] Failed to load resource: net::ERR_INTERNET_DISCONNECTED @ https://claimavenue.com/api/skyline/reservations/holds:0
[117711615ms] [ERROR] Failed to load resource: net::ERR_INTERNET_DISCONNECTED @ https://claimavenue.com/api/skyline/statistics?live=1:0
[117712579ms] [ERROR] Failed to load resource: net::ERR_INTERNET_DISCONNECTED @ https://claimavenue.com/api/skyline/reservations/holds:0
[117714495ms] [ERROR] Failed to load resource: net::ERR_INTERNET_DISCONNECTED @ https://claimavenue.com/api/skyline/air-ads:0
[117714496ms] [ERROR] Failed to load resource: net::ERR_INTERNET_DISCONNECTED @ https://claimavenue.com/api/skyline/billboard-ads:0
[117715569ms] [ERROR] Failed to load resource: net::ERR_INTERNET_DISCONNECTED @ https://claimavenue.com/api/skyline/reservations/holds:0
[117716628ms] [ERROR] Failed to load resource: net::ERR_INTERNET_DISCONNECTED @ https://claimavenue.com/api/skyline/statistics?live=1:0
[117718570ms] [ERROR] Failed to load resource: net::ERR_INTERNET_DISCONNECTED @ https://claimavenue.com/api/skyline/reservations/holds:0
[117720398ms] [ERROR] Failed to load resource: net::ERR_INTERNET_DISCONNECTED @ https://claimavenue.com/api/skyline/presence:0
[117721569ms] [ERROR] Failed to load resource: net::ERR_INTERNET_DISCONNECTED @ https://claimavenue.com/api/skyline/reservations/holds:0
[117721635ms] [ERROR] Failed to load resource: net::ERR_INTERNET_DISCONNECTED @ https://claimavenue.com/api/skyline/statistics?live=1:0
[117724499ms] [ERROR] Failed to load resource: net::ERR_INTERNET_DISCONNECTED @ https://claimavenue.com/api/skyline/air-ads:0
[117724500ms] [ERROR] Failed to load resource: net::ERR_INTERNET_DISCONNECTED @ https://claimavenue.com/api/skyline/bootstrap:0
[117724500ms] [ERROR] Failed to load resource: net::ERR_INTERNET_DISCONNECTED @ https://claimavenue.com/api/skyline/billboard-ads:0
[117724569ms] [ERROR] Failed to load resource: net::ERR_INTERNET_DISCONNECTED @ https://claimavenue.com/api/skyline/reservations/holds:0
[117726643ms] [ERROR] Failed to load resource: net::ERR_INTERNET_DISCONNECTED @ https://claimavenue.com/api/skyline/statistics?live=1:0
[117727569ms] [ERROR] Failed to load resource: net::ERR_INTERNET_DISCONNECTED @ https://claimavenue.com/api/skyline/reservations/holds:0
[117730569ms] [ERROR] Failed to load resource: net::ERR_INTERNET_DISCONNECTED @ https://claimavenue.com/api/skyline/reservations/holds:0
[117731657ms] [ERROR] Failed to load resource: net::ERR_INTERNET_DISCONNECTED @ https://claimavenue.com/api/skyline/statistics?live=1:0
[117732407ms] [ERROR] Failed to load resource: net::ERR_INTERNET_DISCONNECTED @ https://claimavenue.com/api/skyline/presence:0
[117733573ms] [ERROR] Failed to load resource: net::ERR_INTERNET_DISCONNECTED @ https://claimavenue.com/api/skyline/reservations/holds:0
[117734493ms] [ERROR] Failed to load resource: net::ERR_INTERNET_DISCONNECTED @ https://claimavenue.com/api/skyline/air-ads:0
[117734494ms] [ERROR] Failed to load resource: net::ERR_INTERNET_DISCONNECTED @ https://claimavenue.com/api/skyline/billboard-ads:0
[117736576ms] [ERROR] Failed to load resource: net::ERR_INTERNET_DISCONNECTED @ https://claimavenue.com/api/skyline/reservations/holds:0
[117736666ms] [ERROR] Failed to load resource: net::ERR_INTERNET_DISCONNECTED @ https://claimavenue.com/api/skyline/statistics?live=1:0
[117739494ms] [ERROR] Failed to load resource: net::ERR_INTERNET_DISCONNECTED @ https://claimavenue.com/api/skyline/bootstrap:0
[117739569ms] [ERROR] Failed to load resource: net::ERR_INTERNET_DISCONNECTED @ https://claimavenue.com/api/skyline/reservations/holds:0
[117741677ms] [ERROR] Failed to load resource: net::ERR_INTERNET_DISCONNECTED @ https://claimavenue.com/api/skyline/statistics?live=1:0
[117742569ms] [ERROR] Failed to load resource: net::ERR_INTERNET_DISCONNECTED @ https://claimavenue.com/api/skyline/reservations/holds:0
[117744415ms] [ERROR] Failed to load resource: net::ERR_INTERNET_DISCONNECTED @ https://claimavenue.com/api/skyline/presence:0
[117744497ms] [ERROR] Failed to load resource: net::ERR_INTERNET_DISCONNECTED @ https://claimavenue.com/api/skyline/air-ads:0
[117744499ms] [ERROR] Failed to load resource: net::ERR_INTERNET_DISCONNECTED @ https://claimavenue.com/api/skyline/billboard-ads:0
[117745568ms] [ERROR] Failed to load resource: net::ERR_INTERNET_DISCONNECTED @ https://claimavenue.com/api/skyline/reservations/holds:0
[117746686ms] [ERROR] Failed to load resource: net::ERR_INTERNET_DISCONNECTED @ https://claimavenue.com/api/skyline/statistics?live=1:0
[117748573ms] [ERROR] Failed to load resource: net::ERR_INTERNET_DISCONNECTED @ https://claimavenue.com/api/skyline/reservations/holds:0
[117751569ms] [ERROR] Failed to load resource: net::ERR_INTERNET_DISCONNECTED @ https://claimavenue.com/api/skyline/reservations/holds:0
[117751696ms] [ERROR] Failed to load resource: net::ERR_INTERNET_DISCONNECTED @ https://claimavenue.com/api/skyline/statistics?live=1:0
[117754495ms] [ERROR] Failed to load resource: net::ERR_INTERNET_DISCONNECTED @ https://claimavenue.com/api/skyline/billboard-ads:0
[117754496ms] [ERROR] Failed to load resource: net::ERR_INTERNET_DISCONNECTED @ https://claimavenue.com/api/skyline/air-ads:0
[117754496ms] [ERROR] Failed to load resource: net::ERR_INTERNET_DISCONNECTED @ https://claimavenue.com/api/skyline/bootstrap:0
[117754569ms] [ERROR] Failed to load resource: net::ERR_INTERNET_DISCONNECTED @ https://claimavenue.com/api/skyline/reservations/holds:0
[117756424ms] [ERROR] Failed to load resource: net::ERR_INTERNET_DISCONNECTED @ https://claimavenue.com/api/skyline/presence:0
[117756706ms] [ERROR] Failed to load resource: net::ERR_INTERNET_DISCONNECTED @ https://claimavenue.com/api/skyline/statistics?live=1:0
[117757572ms] [ERROR] Failed to load resource: net::ERR_INTERNET_DISCONNECTED @ https://claimavenue.com/api/skyline/reservations/holds:0
[117760569ms] [ERROR] Failed to load resource: net::ERR_INTERNET_DISCONNECTED @ https://claimavenue.com/api/skyline/reservations/holds:0
[117761713ms] [ERROR] Failed to load resource: net::ERR_INTERNET_DISCONNECTED @ https://claimavenue.com/api/skyline/statistics?live=1:0
[117763570ms] [ERROR] Failed to load resource: net::ERR_INTERNET_DISCONNECTED @ https://claimavenue.com/api/skyline/reservations/holds:0
[117764501ms] [ERROR] Failed to load resource: net::ERR_INTERNET_DISCONNECTED @ https://claimavenue.com/api/skyline/air-ads:0
[117764502ms] [ERROR] Failed to load resource: net::ERR_INTERNET_DISCONNECTED @ https://claimavenue.com/api/skyline/billboard-ads:0
[117766571ms] [ERROR] Failed to load resource: net::ERR_INTERNET_DISCONNECTED @ https://claimavenue.com/api/skyline/reservations/holds:0
[117766719ms] [ERROR] Failed to load resource: net::ERR_INTERNET_DISCONNECTED @ https://claimavenue.com/api/skyline/statistics?live=1:0
[117768437ms] [ERROR] Failed to load resource: net::ERR_INTERNET_DISCONNECTED @ https://claimavenue.com/api/skyline/presence:0
[117769494ms] [ERROR] Failed to load resource: net::ERR_INTERNET_DISCONNECTED @ https://claimavenue.com/api/skyline/bootstrap:0
[117769569ms] [ERROR] Failed to load resource: net::ERR_INTERNET_DISCONNECTED @ https://claimavenue.com/api/skyline/reservations/holds:0
[117771732ms] [ERROR] Failed to load resource: net::ERR_INTERNET_DISCONNECTED @ https://claimavenue.com/api/skyline/statistics?live=1:0
[117772698ms] [ERROR] Failed to load resource: net::ERR_INTERNET_DISCONNECTED @ https://claimavenue.com/api/skyline/reservations/holds:0
[117774500ms] [ERROR] Failed to load resource: net::ERR_INTERNET_DISCONNECTED @ https://claimavenue.com/api/skyline/air-ads:0
[117774500ms] [ERROR] Failed to load resource: net::ERR_INTERNET_DISCONNECTED @ https://claimavenue.com/api/skyline/billboard-ads:0
[117775572ms] [ERROR] Failed to load resource: net::ERR_INTERNET_DISCONNECTED @ https://claimavenue.com/api/skyline/reservations/holds:0
[117776741ms] [ERROR] Failed to load resource: net::ERR_INTERNET_DISCONNECTED @ https://claimavenue.com/api/skyline/statistics?live=1:0
[117778579ms] [ERROR] Failed to load resource: net::ERR_INTERNET_DISCONNECTED @ https://claimavenue.com/api/skyline/reservations/holds:0
[117780496ms] [ERROR] Failed to load resource: net::ERR_INTERNET_DISCONNECTED @ https://claimavenue.com/api/skyline/presence:0
[117781585ms] [ERROR] Failed to load resource: net::ERR_INTERNET_DISCONNECTED @ https://claimavenue.com/api/skyline/reservations/holds:0
[117781756ms] [ERROR] Failed to load resource: net::ERR_INTERNET_DISCONNECTED @ https://claimavenue.com/api/skyline/statistics?live=1:0
[117784508ms] [ERROR] Failed to load resource: net::ERR_INTERNET_DISCONNECTED @ https://claimavenue.com/api/skyline/billboard-ads:0
[117784510ms] [ERROR] Failed to load resource: net::ERR_INTERNET_DISCONNECTED @ https://claimavenue.com/api/skyline/bootstrap:0
[117784510ms] [ERROR] Failed to load resource: net::ERR_INTERNET_DISCONNECTED @ https://claimavenue.com/api/skyline/air-ads:0
[117784585ms] [ERROR] Failed to load resource: net::ERR_INTERNET_DISCONNECTED @ https://claimavenue.com/api/skyline/reservations/holds:0
[117786767ms] [ERROR] Failed to load resource: net::ERR_INTERNET_DISCONNECTED @ https://claimavenue.com/api/skyline/statistics?live=1:0
[117787576ms] [ERROR] Failed to load resource: net::ERR_INTERNET_DISCONNECTED @ https://claimavenue.com/api/skyline/reservations/holds:0
[117790573ms] [ERROR] Failed to load resource: net::ERR_INTERNET_DISCONNECTED @ https://claimavenue.com/api/skyline/reservations/holds:0
[117791779ms] [ERROR] Failed to load resource: net::ERR_INTERNET_DISCONNECTED @ https://claimavenue.com/api/skyline/statistics?live=1:0
[117792505ms] [ERROR] Failed to load resource: net::ERR_INTERNET_DISCONNECTED @ https://claimavenue.com/api/skyline/presence:0
[117793572ms] [ERROR] Failed to load resource: net::ERR_INTERNET_DISCONNECTED @ https://claimavenue.com/api/skyline/reservations/holds:0
[117794508ms] [ERROR] Failed to load resource: net::ERR_INTERNET_DISCONNECTED @ https://claimavenue.com/api/skyline/air-ads:0
[117794508ms] [ERROR] Failed to load resource: net::ERR_INTERNET_DISCONNECTED @ https://claimavenue.com/api/skyline/billboard-ads:0
[117796618ms] [ERROR] Failed to load resource: net::ERR_INTERNET_DISCONNECTED @ https://claimavenue.com/api/skyline/reservations/holds:0
[117796825ms] [ERROR] Failed to load resource: net::ERR_INTERNET_DISCONNECTED @ https://claimavenue.com/api/skyline/statistics?live=1:0
[117799503ms] [ERROR] Failed to load resource: net::ERR_INTERNET_DISCONNECTED @ https://claimavenue.com/api/skyline/bootstrap:0
[117799580ms] [ERROR] Failed to load resource: net::ERR_INTERNET_DISCONNECTED @ https://claimavenue.com/api/skyline/reservations/holds:0
[117801836ms] [ERROR] Failed to load resource: net::ERR_INTERNET_DISCONNECTED @ https://claimavenue.com/api/skyline/statistics?live=1:0
[117802642ms] [ERROR] Failed to load resource: net::ERR_INTERNET_DISCONNECTED @ https://claimavenue.com/api/skyline/reservations/holds:0
[118768147ms] [ERROR] Failed to load resource: net::ERR_INTERNET_DISCONNECTED @ https://claimavenue.com/api/skyline/air-ads:0
[118768151ms] [ERROR] Failed to load resource: net::ERR_INTERNET_DISCONNECTED @ https://claimavenue.com/api/skyline/presence:0
[118768151ms] [ERROR] Failed to load resource: net::ERR_INTERNET_DISCONNECTED @ https://claimavenue.com/api/skyline/billboard-ads:0
[118768980ms] [ERROR] Failed to load resource: net::ERR_INTERNET_DISCONNECTED @ https://claimavenue.com/api/skyline/reservations/holds:0
[118770244ms] [ERROR] Failed to load resource: net::ERR_INTERNET_DISCONNECTED @ https://claimavenue.com/api/skyline/statistics?live=1:0
[118771979ms] [ERROR] Failed to load resource: net::ERR_INTERNET_DISCONNECTED @ https://claimavenue.com/api/skyline/reservations/holds:0
[118774996ms] [ERROR] Failed to load resource: net::ERR_INTERNET_DISCONNECTED @ https://claimavenue.com/api/skyline/reservations/holds:0
[118775271ms] [ERROR] Failed to load resource: net::ERR_INTERNET_DISCONNECTED @ https://claimavenue.com/api/skyline/statistics?live=1:0
[118777905ms] [ERROR] Failed to load resource: net::ERR_INTERNET_DISCONNECTED @ https://claimavenue.com/api/skyline/air-ads:0
[118777906ms] [ERROR] Failed to load resource: net::ERR_INTERNET_DISCONNECTED @ https://claimavenue.com/api/skyline/bootstrap:0
[118777908ms] [ERROR] Failed to load resource: net::ERR_INTERNET_DISCONNECTED @ https://claimavenue.com/api/skyline/billboard-ads:0
[118778108ms] [ERROR] Failed to load resource: net::ERR_INTERNET_DISCONNECTED @ https://claimavenue.com/api/skyline/reservations/holds:0
[118780172ms] [ERROR] Failed to load resource: net::ERR_INTERNET_DISCONNECTED @ https://claimavenue.com/api/skyline/presence:0
[118780287ms] [ERROR] Failed to load resource: net::ERR_INTERNET_DISCONNECTED @ https://claimavenue.com/api/skyline/statistics?live=1:0
[118780985ms] [ERROR] Failed to load resource: net::ERR_INTERNET_DISCONNECTED @ https://claimavenue.com/api/skyline/reservations/holds:0
[118783981ms] [ERROR] Failed to load resource: net::ERR_INTERNET_DISCONNECTED @ https://claimavenue.com/api/skyline/reservations/holds:0
[118785297ms] [ERROR] Failed to load resource: net::ERR_INTERNET_DISCONNECTED @ https://claimavenue.com/api/skyline/statistics?live=1:0
[118786977ms] [ERROR] Failed to load resource: net::ERR_INTERNET_DISCONNECTED @ https://claimavenue.com/api/skyline/reservations/holds:0
[118787898ms] [ERROR] Failed to load resource: net::ERR_INTERNET_DISCONNECTED @ https://claimavenue.com/api/skyline/air-ads:0
[118787901ms] [ERROR] Failed to load resource: net::ERR_INTERNET_DISCONNECTED @ https://claimavenue.com/api/skyline/billboard-ads:0
[118789984ms] [ERROR] Failed to load resource: net::ERR_INTERNET_DISCONNECTED @ https://claimavenue.com/api/skyline/reservations/holds:0
[118790309ms] [ERROR] Failed to load resource: net::ERR_INTERNET_DISCONNECTED @ https://claimavenue.com/api/skyline/statistics?live=1:0
[118792182ms] [ERROR] Failed to load resource: net::ERR_INTERNET_DISCONNECTED @ https://claimavenue.com/api/skyline/presence:0
[118792908ms] [ERROR] Failed to load resource: net::ERR_INTERNET_DISCONNECTED @ https://claimavenue.com/api/skyline/bootstrap:0
[118792977ms] [ERROR] Failed to load resource: net::ERR_INTERNET_DISCONNECTED @ https://claimavenue.com/api/skyline/reservations/holds:0
[118795328ms] [ERROR] Failed to load resource: net::ERR_INTERNET_DISCONNECTED @ https://claimavenue.com/api/skyline/statistics?live=1:0
[118795985ms] [ERROR] Failed to load resource: net::ERR_INTERNET_DISCONNECTED @ https://claimavenue.com/api/skyline/reservations/holds:0
[118797901ms] [ERROR] Failed to load resource: net::ERR_INTERNET_DISCONNECTED @ https://claimavenue.com/api/skyline/billboard-ads:0
[118797904ms] [ERROR] Failed to load resource: net::ERR_INTERNET_DISCONNECTED @ https://claimavenue.com/api/skyline/air-ads:0
[118798990ms] [ERROR] Failed to load resource: net::ERR_INTERNET_DISCONNECTED @ https://claimavenue.com/api/skyline/reservations/holds:0
[118800342ms] [ERROR] Failed to load resource: net::ERR_INTERNET_DISCONNECTED @ https://claimavenue.com/api/skyline/statistics?live=1:0
[118801972ms] [ERROR] Failed to load resource: net::ERR_INTERNET_DISCONNECTED @ https://claimavenue.com/api/skyline/reservations/holds:0
[119809920ms] [ERROR] Failed to load resource: net::ERR_INTERNET_DISCONNECTED @ https://claimavenue.com/api/skyline/presence:0
[119810682ms] [ERROR] Failed to load resource: net::ERR_INTERNET_DISCONNECTED @ https://claimavenue.com/api/skyline/reservations/holds:0
[119811059ms] [ERROR] Failed to load resource: net::ERR_INTERNET_DISCONNECTED @ https://claimavenue.com/api/skyline/statistics?live=1:0
[119813612ms] [ERROR] Failed to load resource: net::ERR_INTERNET_DISCONNECTED @ https://claimavenue.com/api/skyline/bootstrap:0
[119813612ms] [ERROR] Failed to load resource: net::ERR_INTERNET_DISCONNECTED @ https://claimavenue.com/api/skyline/air-ads:0
[119813612ms] [ERROR] Failed to load resource: net::ERR_INTERNET_DISCONNECTED @ https://claimavenue.com/api/skyline/billboard-ads:0
[119813681ms] [ERROR] Failed to load resource: net::ERR_INTERNET_DISCONNECTED @ https://claimavenue.com/api/skyline/reservations/holds:0
[120389235ms] [ERROR] Failed to load resource: net::ERR_INTERNET_DISCONNECTED @ https://claimavenue.com/api/skyline/statistics?live=1:0
[120389841ms] [ERROR] Failed to load resource: net::ERR_INTERNET_DISCONNECTED @ https://claimavenue.com/api/skyline/reservations/holds:0
[120392877ms] [ERROR] Failed to load resource: net::ERR_INTERNET_DISCONNECTED @ https://claimavenue.com/api/skyline/reservations/holds:0
[120394431ms] [ERROR] Failed to load resource: net::ERR_INTERNET_DISCONNECTED @ https://claimavenue.com/api/skyline/statistics?live=1:0
[120395114ms] [ERROR] Failed to load resource: net::ERR_INTERNET_DISCONNECTED @ https://claimavenue.com/api/skyline/presence:0
[120395850ms] [ERROR] Failed to load resource: net::ERR_INTERNET_DISCONNECTED @ https://claimavenue.com/api/skyline/reservations/holds:0
[120396794ms] [ERROR] Failed to load resource: net::ERR_INTERNET_DISCONNECTED @ https://claimavenue.com/api/skyline/air-ads:0
[120396798ms] [ERROR] Failed to load resource: net::ERR_INTERNET_DISCONNECTED @ https://claimavenue.com/api/skyline/billboard-ads:0
[120398916ms] [ERROR] Failed to load resource: net::ERR_INTERNET_DISCONNECTED @ https://claimavenue.com/api/skyline/reservations/holds:0
[120399445ms] [ERROR] Failed to load resource: net::ERR_INTERNET_DISCONNECTED @ https://claimavenue.com/api/skyline/statistics?live=1:0
[120401770ms] [ERROR] Failed to load resource: net::ERR_INTERNET_DISCONNECTED @ https://claimavenue.com/api/skyline/bootstrap:0
[120401844ms] [ERROR] Failed to load resource: net::ERR_INTERNET_DISCONNECTED @ https://claimavenue.com/api/skyline/reservations/holds:0
[120404457ms] [ERROR] Failed to load resource: net::ERR_INTERNET_DISCONNECTED @ https://claimavenue.com/api/skyline/statistics?live=1:0
[120404854ms] [ERROR] Failed to load resource: net::ERR_INTERNET_DISCONNECTED @ https://claimavenue.com/api/skyline/reservations/holds:0
[120406784ms] [ERROR] Failed to load resource: net::ERR_INTERNET_DISCONNECTED @ https://claimavenue.com/api/skyline/air-ads:0
[120406787ms] [ERROR] Failed to load resource: net::ERR_INTERNET_DISCONNECTED @ https://claimavenue.com/api/skyline/billboard-ads:0
[120407126ms] [ERROR] Failed to load resource: net::ERR_INTERNET_DISCONNECTED @ https://claimavenue.com/api/skyline/presence:0
[120407851ms] [ERROR] Failed to load resource: net::ERR_INTERNET_DISCONNECTED @ https://claimavenue.com/api/skyline/reservations/holds:0
[120409517ms] [ERROR] Failed to load resource: net::ERR_INTERNET_DISCONNECTED @ https://claimavenue.com/api/skyline/statistics?live=1:0
[120410859ms] [ERROR] Failed to load resource: net::ERR_INTERNET_DISCONNECTED @ https://claimavenue.com/api/skyline/reservations/holds:0
[120413872ms] [ERROR] Failed to load resource: net::ERR_INTERNET_DISCONNECTED @ https://claimavenue.com/api/skyline/reservations/holds:0
[120414543ms] [ERROR] Failed to load resource: net::ERR_INTERNET_DISCONNECTED @ https://claimavenue.com/api/skyline/statistics?live=1:0
[120416770ms] [ERROR] Failed to load resource: net::ERR_INTERNET_DISCONNECTED @ https://claimavenue.com/api/skyline/air-ads:0
[120416770ms] [ERROR] Failed to load resource: net::ERR_INTERNET_DISCONNECTED @ https://claimavenue.com/api/skyline/bootstrap:0
[120416771ms] [ERROR] Failed to load resource: net::ERR_INTERNET_DISCONNECTED @ https://claimavenue.com/api/skyline/billboard-ads:0
[120416846ms] [ERROR] Failed to load resource: net::ERR_INTERNET_DISCONNECTED @ https://claimavenue.com/api/skyline/reservations/holds:0
[120419140ms] [ERROR] Failed to load resource: net::ERR_INTERNET_DISCONNECTED @ https://claimavenue.com/api/skyline/presence:0
[120419568ms] [ERROR] Failed to load resource: net::ERR_INTERNET_DISCONNECTED @ https://claimavenue.com/api/skyline/statistics?live=1:0
[120419859ms] [ERROR] Failed to load resource: net::ERR_INTERNET_DISCONNECTED @ https://claimavenue.com/api/skyline/reservations/holds:0
[120422870ms] [ERROR] Failed to load resource: net::ERR_INTERNET_DISCONNECTED @ https://claimavenue.com/api/skyline/reservations/holds:0
[120424597ms] [ERROR] Failed to load resource: net::ERR_INTERNET_DISCONNECTED @ https://claimavenue.com/api/skyline/statistics?live=1:0
[120425882ms] [ERROR] Failed to load resource: net::ERR_INTERNET_DISCONNECTED @ https://claimavenue.com/api/skyline/reservations/holds:0
[120426770ms] [ERROR] Failed to load resource: net::ERR_INTERNET_DISCONNECTED @ https://claimavenue.com/api/skyline/air-ads:0
[120426771ms] [ERROR] Failed to load resource: net::ERR_INTERNET_DISCONNECTED @ https://claimavenue.com/api/skyline/billboard-ads:0
[120428863ms] [ERROR] Failed to load resource: net::ERR_INTERNET_DISCONNECTED @ https://claimavenue.com/api/skyline/reservations/holds:0
[120429611ms] [ERROR] Failed to load resource: net::ERR_INTERNET_DISCONNECTED @ https://claimavenue.com/api/skyline/statistics?live=1:0
[120431160ms] [ERROR] Failed to load resource: net::ERR_INTERNET_DISCONNECTED @ https://claimavenue.com/api/skyline/presence:0
[120431783ms] [ERROR] Failed to load resource: net::ERR_INTERNET_DISCONNECTED @ https://claimavenue.com/api/skyline/bootstrap:0
[120431849ms] [ERROR] Failed to load resource: net::ERR_INTERNET_DISCONNECTED @ https://claimavenue.com/api/skyline/reservations/holds:0
[120434618ms] [ERROR] Failed to load resource: net::ERR_INTERNET_DISCONNECTED @ https://claimavenue.com/api/skyline/statistics?live=1:0
[120434843ms] [ERROR] Failed to load resource: net::ERR_INTERNET_DISCONNECTED @ https://claimavenue.com/api/skyline/reservations/holds:0
[121345340ms] [ERROR] Failed to load resource: net::ERR_INTERNET_DISCONNECTED @ https://claimavenue.com/api/skyline/billboard-ads:0
[121345340ms] [ERROR] Failed to load resource: net::ERR_INTERNET_DISCONNECTED @ https://claimavenue.com/api/skyline/air-ads:0
[121346401ms] [ERROR] Failed to load resource: net::ERR_INTERNET_DISCONNECTED @ https://claimavenue.com/api/skyline/reservations/holds:0
[121348186ms] [ERROR] Failed to load resource: net::ERR_INTERNET_DISCONNECTED @ https://claimavenue.com/api/skyline/statistics?live=1:0
[122302188ms] [ERROR] Failed to load resource: net::ERR_INTERNET_DISCONNECTED @ https://claimavenue.com/api/skyline/reservations/holds:0
[122304487ms] [ERROR] Failed to load resource: net::ERR_INTERNET_DISCONNECTED @ https://claimavenue.com/api/skyline/presence:0
[122305150ms] [ERROR] Failed to load resource: net::ERR_INTERNET_DISCONNECTED @ https://claimavenue.com/api/skyline/reservations/holds:0
[122305945ms] [ERROR] Failed to load resource: net::ERR_INTERNET_DISCONNECTED @ https://claimavenue.com/api/skyline/statistics?live=1:0
[123338904ms] [ERROR] Failed to load resource: net::ERR_INTERNET_DISCONNECTED @ https://claimavenue.com/api/skyline/reservations/holds:0
[123338905ms] [ERROR] Failed to load resource: net::ERR_INTERNET_DISCONNECTED @ https://claimavenue.com/api/skyline/bootstrap:0
[123338907ms] [ERROR] Failed to load resource: net::ERR_INTERNET_DISCONNECTED @ https://claimavenue.com/api/skyline/air-ads:0
[123338907ms] [ERROR] Failed to load resource: net::ERR_INTERNET_DISCONNECTED @ https://claimavenue.com/api/skyline/billboard-ads:0
[123341649ms] [ERROR] Failed to load resource: net::ERR_INTERNET_DISCONNECTED @ https://claimavenue.com/api/skyline/statistics?live=1:0
[123341844ms] [ERROR] Failed to load resource: net::ERR_INTERNET_DISCONNECTED @ https://claimavenue.com/api/skyline/reservations/holds:0
[124256053ms] [ERROR] Failed to load resource: net::ERR_INTERNET_DISCONNECTED @ https://claimavenue.com/api/skyline/reservations/holds:0
[124257851ms] [ERROR] Failed to load resource: net::ERR_INTERNET_DISCONNECTED @ https://claimavenue.com/api/skyline/statistics?live=1:0
[124258379ms] [ERROR] Failed to load resource: net::ERR_INTERNET_DISCONNECTED @ https://claimavenue.com/api/skyline/presence:0
[124259038ms] [ERROR] Failed to load resource: net::ERR_INTERNET_DISCONNECTED @ https://claimavenue.com/api/skyline/reservations/holds:0
[124259967ms] [ERROR] Failed to load resource: net::ERR_INTERNET_DISCONNECTED @ https://claimavenue.com/api/skyline/billboard-ads:0
[124259968ms] [ERROR] Failed to load resource: net::ERR_INTERNET_DISCONNECTED @ https://claimavenue.com/api/skyline/air-ads:0
[125035720ms] [ERROR] Failed to load resource: net::ERR_INTERNET_DISCONNECTED @ https://claimavenue.com/api/skyline/reservations/holds:0
[125036529ms] [ERROR] Failed to load resource: net::ERR_INTERNET_DISCONNECTED @ https://claimavenue.com/api/skyline/statistics?live=1:0
[125038638ms] [ERROR] Failed to load resource: net::ERR_INTERNET_DISCONNECTED @ https://claimavenue.com/api/skyline/bootstrap:0
[125038712ms] [ERROR] Failed to load resource: net::ERR_INTERNET_DISCONNECTED @ https://claimavenue.com/api/skyline/reservations/holds:0
[125041550ms] [ERROR] Failed to load resource: net::ERR_INTERNET_DISCONNECTED @ https://claimavenue.com/api/skyline/statistics?live=1:0
[125041737ms] [ERROR] Failed to load resource: net::ERR_INTERNET_DISCONNECTED @ https://claimavenue.com/api/skyline/reservations/holds:0
[125043650ms] [ERROR] Failed to load resource: net::ERR_INTERNET_DISCONNECTED @ https://claimavenue.com/api/skyline/billboard-ads:0
[125043652ms] [ERROR] Failed to load resource: net::ERR_INTERNET_DISCONNECTED @ https://claimavenue.com/api/skyline/air-ads:0
[125044068ms] [ERROR] Failed to load resource: net::ERR_INTERNET_DISCONNECTED @ https://claimavenue.com/api/skyline/presence:0
[125044717ms] [ERROR] Failed to load resource: net::ERR_INTERNET_DISCONNECTED @ https://claimavenue.com/api/skyline/reservations/holds:0
[125046569ms] [ERROR] Failed to load resource: net::ERR_INTERNET_DISCONNECTED @ https://claimavenue.com/api/skyline/statistics?live=1:0
[125047717ms] [ERROR] Failed to load resource: net::ERR_INTERNET_DISCONNECTED @ https://claimavenue.com/api/skyline/reservations/holds:0
[125050720ms] [ERROR] Failed to load resource: net::ERR_INTERNET_DISCONNECTED @ https://claimavenue.com/api/skyline/reservations/holds:0
[125051587ms] [ERROR] Failed to load resource: net::ERR_INTERNET_DISCONNECTED @ https://claimavenue.com/api/skyline/statistics?live=1:0
[125053648ms] [ERROR] Failed to load resource: net::ERR_INTERNET_DISCONNECTED @ https://claimavenue.com/api/skyline/air-ads:0
[125053650ms] [ERROR] Failed to load resource: net::ERR_INTERNET_DISCONNECTED @ https://claimavenue.com/api/skyline/billboard-ads:0
[125053650ms] [ERROR] Failed to load resource: net::ERR_INTERNET_DISCONNECTED @ https://claimavenue.com/api/skyline/bootstrap:0
[125053714ms] [ERROR] Failed to load resource: net::ERR_INTERNET_DISCONNECTED @ https://claimavenue.com/api/skyline/reservations/holds:0
[125056078ms] [ERROR] Failed to load resource: net::ERR_INTERNET_DISCONNECTED @ https://claimavenue.com/api/skyline/presence:0
[125056600ms] [ERROR] Failed to load resource: net::ERR_INTERNET_DISCONNECTED @ https://claimavenue.com/api/skyline/statistics?live=1:0
[125056713ms] [ERROR] Failed to load resource: net::ERR_INTERNET_DISCONNECTED @ https://claimavenue.com/api/skyline/reservations/holds:0
[125059733ms] [ERROR] Failed to load resource: net::ERR_INTERNET_DISCONNECTED @ https://claimavenue.com/api/skyline/reservations/holds:0
[125061647ms] [ERROR] Failed to load resource: net::ERR_INTERNET_DISCONNECTED @ https://claimavenue.com/api/skyline/statistics?live=1:0
[125062716ms] [ERROR] Failed to load resource: net::ERR_INTERNET_DISCONNECTED @ https://claimavenue.com/api/skyline/reservations/holds:0
[125063654ms] [ERROR] Failed to load resource: net::ERR_INTERNET_DISCONNECTED @ https://claimavenue.com/api/skyline/air-ads:0
[125063656ms] [ERROR] Failed to load resource: net::ERR_INTERNET_DISCONNECTED @ https://claimavenue.com/api/skyline/billboard-ads:0
[125065722ms] [ERROR] Failed to load resource: net::ERR_INTERNET_DISCONNECTED @ https://claimavenue.com/api/skyline/reservations/holds:0
[125066664ms] [ERROR] Failed to load resource: net::ERR_INTERNET_DISCONNECTED @ https://claimavenue.com/api/skyline/statistics?live=1:0
[125068096ms] [ERROR] Failed to load resource: net::ERR_INTERNET_DISCONNECTED @ https://claimavenue.com/api/skyline/presence:0
[125068699ms] [ERROR] Failed to load resource: net::ERR_INTERNET_DISCONNECTED @ https://claimavenue.com/api/skyline/bootstrap:0
[125068730ms] [ERROR] Failed to load resource: net::ERR_INTERNET_DISCONNECTED @ https://claimavenue.com/api/skyline/reservations/holds:0
[125071675ms] [ERROR] Failed to load resource: net::ERR_INTERNET_DISCONNECTED @ https://claimavenue.com/api/skyline/statistics?live=1:0
[125071718ms] [ERROR] Failed to load resource: net::ERR_INTERNET_DISCONNECTED @ https://claimavenue.com/api/skyline/reservations/holds:0
[125073650ms] [ERROR] Failed to load resource: net::ERR_INTERNET_DISCONNECTED @ https://claimavenue.com/api/skyline/billboard-ads:0
[125073653ms] [ERROR] Failed to load resource: net::ERR_INTERNET_DISCONNECTED @ https://claimavenue.com/api/skyline/air-ads:0
[125074719ms] [ERROR] Failed to load resource: net::ERR_INTERNET_DISCONNECTED @ https://claimavenue.com/api/skyline/reservations/holds:0
[125076686ms] [ERROR] Failed to load resource: net::ERR_INTERNET_DISCONNECTED @ https://claimavenue.com/api/skyline/statistics?live=1:0
[125077739ms] [ERROR] Failed to load resource: net::ERR_INTERNET_DISCONNECTED @ https://claimavenue.com/api/skyline/reservations/holds:0
[125080103ms] [ERROR] Failed to load resource: net::ERR_INTERNET_DISCONNECTED @ https://claimavenue.com/api/skyline/presence:0
[125080716ms] [ERROR] Failed to load resource: net::ERR_INTERNET_DISCONNECTED @ https://claimavenue.com/api/skyline/reservations/holds:0
[126154421ms] [ERROR] Failed to load resource: net::ERR_INTERNET_DISCONNECTED @ https://claimavenue.com/api/skyline/statistics?live=1:0
[126156319ms] [ERROR] Failed to load resource: net::ERR_INTERNET_DISCONNECTED @ https://claimavenue.com/api/skyline/billboard-ads:0
[126156319ms] [ERROR] Failed to load resource: net::ERR_INTERNET_DISCONNECTED @ https://claimavenue.com/api/skyline/bootstrap:0
[126156319ms] [ERROR] Failed to load resource: net::ERR_INTERNET_DISCONNECTED @ https://claimavenue.com/api/skyline/air-ads:0
[126156387ms] [ERROR] Failed to load resource: net::ERR_INTERNET_DISCONNECTED @ https://claimavenue.com/api/skyline/reservations/holds:0
[126159400ms] [ERROR] Failed to load resource: net::ERR_INTERNET_DISCONNECTED @ https://claimavenue.com/api/skyline/reservations/holds:0
[126159427ms] [ERROR] Failed to load resource: net::ERR_INTERNET_DISCONNECTED @ https://claimavenue.com/api/skyline/statistics?live=1:0
[127170201ms] [ERROR] Failed to load resource: net::ERR_INTERNET_DISCONNECTED @ https://claimavenue.com/api/skyline/reservations/holds:0
[127172029ms] [ERROR] Failed to load resource: net::ERR_INTERNET_DISCONNECTED @ https://claimavenue.com/api/skyline/statistics?live=1:0
[127172379ms] [ERROR] Failed to load resource: net::ERR_INTERNET_DISCONNECTED @ https://claimavenue.com/api/skyline/presence:0
[127172985ms] [ERROR] Failed to load resource: net::ERR_INTERNET_DISCONNECTED @ https://claimavenue.com/api/skyline/reservations/holds:0
[127173909ms] [ERROR] Failed to load resource: net::ERR_INTERNET_DISCONNECTED @ https://claimavenue.com/api/skyline/air-ads:0
[127173909ms] [ERROR] Failed to load resource: net::ERR_INTERNET_DISCONNECTED @ https://claimavenue.com/api/skyline/billboard-ads:0
[128182766ms] [ERROR] Failed to load resource: net::ERR_INTERNET_DISCONNECTED @ https://claimavenue.com/api/skyline/reservations/holds:0
[128182780ms] [ERROR] Failed to load resource: net::ERR_INTERNET_DISCONNECTED @ https://claimavenue.com/api/skyline/statistics?live=1:0
[128184609ms] [ERROR] Failed to load resource: net::ERR_INTERNET_DISCONNECTED @ https://claimavenue.com/api/skyline/bootstrap:0
[128184677ms] [ERROR] Failed to load resource: net::ERR_INTERNET_DISCONNECTED @ https://claimavenue.com/api/skyline/reservations/holds:0
[128697340ms] [ERROR] Failed to load resource: net::ERR_INTERNET_DISCONNECTED @ https://claimavenue.com/api/skyline/reservations/holds:0
[128697437ms] [ERROR] Failed to load resource: net::ERR_INTERNET_DISCONNECTED @ https://claimavenue.com/api/skyline/statistics?live=1:0
[128699263ms] [ERROR] Failed to load resource: net::ERR_INTERNET_DISCONNECTED @ https://claimavenue.com/api/skyline/air-ads:0
[128699264ms] [ERROR] Failed to load resource: net::ERR_INTERNET_DISCONNECTED @ https://claimavenue.com/api/skyline/billboard-ads:0
[128699744ms] [ERROR] Failed to load resource: net::ERR_INTERNET_DISCONNECTED @ https://claimavenue.com/api/skyline/presence:0
[128700337ms] [ERROR] Failed to load resource: net::ERR_INTERNET_DISCONNECTED @ https://claimavenue.com/api/skyline/reservations/holds:0
[128702512ms] [ERROR] Failed to load resource: net::ERR_INTERNET_DISCONNECTED @ https://claimavenue.com/api/skyline/statistics?live=1:0
[128703337ms] [ERROR] Failed to load resource: net::ERR_INTERNET_DISCONNECTED @ https://claimavenue.com/api/skyline/reservations/holds:0
[128706360ms] [ERROR] Failed to load resource: net::ERR_INTERNET_DISCONNECTED @ https://claimavenue.com/api/skyline/reservations/holds:0
[128707523ms] [ERROR] Failed to load resource: net::ERR_INTERNET_DISCONNECTED @ https://claimavenue.com/api/skyline/statistics?live=1:0
[128709263ms] [ERROR] Failed to load resource: net::ERR_INTERNET_DISCONNECTED @ https://claimavenue.com/api/skyline/air-ads:0
[128709269ms] [ERROR] Failed to load resource: net::ERR_INTERNET_DISCONNECTED @ https://claimavenue.com/api/skyline/bootstrap:0
[128709272ms] [ERROR] Failed to load resource: net::ERR_INTERNET_DISCONNECTED @ https://claimavenue.com/api/skyline/billboard-ads:0
[128709340ms] [ERROR] Failed to load resource: net::ERR_INTERNET_DISCONNECTED @ https://claimavenue.com/api/skyline/reservations/holds:0
[128711781ms] [ERROR] Failed to load resource: net::ERR_INTERNET_DISCONNECTED @ https://claimavenue.com/api/skyline/presence:0
[128712339ms] [ERROR] Failed to load resource: net::ERR_INTERNET_DISCONNECTED @ https://claimavenue.com/api/skyline/reservations/holds:0
[128712533ms] [ERROR] Failed to load resource: net::ERR_INTERNET_DISCONNECTED @ https://claimavenue.com/api/skyline/statistics?live=1:0
[128715351ms] [ERROR] Failed to load resource: net::ERR_INTERNET_DISCONNECTED @ https://claimavenue.com/api/skyline/reservations/holds:0
[128717560ms] [ERROR] Failed to load resource: net::ERR_INTERNET_DISCONNECTED @ https://claimavenue.com/api/skyline/statistics?live=1:0
[128718343ms] [ERROR] Failed to load resource: net::ERR_INTERNET_DISCONNECTED @ https://claimavenue.com/api/skyline/reservations/holds:0
[128719286ms] [ERROR] Failed to load resource: net::ERR_INTERNET_DISCONNECTED @ https://claimavenue.com/api/skyline/air-ads:0
[128719287ms] [ERROR] Failed to load resource: net::ERR_INTERNET_DISCONNECTED @ https://claimavenue.com/api/skyline/billboard-ads:0
[128721346ms] [ERROR] Failed to load resource: net::ERR_INTERNET_DISCONNECTED @ https://claimavenue.com/api/skyline/reservations/holds:0
[128722573ms] [ERROR] Failed to load resource: net::ERR_INTERNET_DISCONNECTED @ https://claimavenue.com/api/skyline/statistics?live=1:0
[128723810ms] [ERROR] Failed to load resource: net::ERR_INTERNET_DISCONNECTED @ https://claimavenue.com/api/skyline/presence:0
[128724282ms] [ERROR] Failed to load resource: net::ERR_INTERNET_DISCONNECTED @ https://claimavenue.com/api/skyline/bootstrap:0
[128724337ms] [ERROR] Failed to load resource: net::ERR_INTERNET_DISCONNECTED @ https://claimavenue.com/api/skyline/reservations/holds:0
[128727372ms] [ERROR] Failed to load resource: net::ERR_INTERNET_DISCONNECTED @ https://claimavenue.com/api/skyline/reservations/holds:0
[128727591ms] [ERROR] Failed to load resource: net::ERR_INTERNET_DISCONNECTED @ https://claimavenue.com/api/skyline/statistics?live=1:0
[128729266ms] [ERROR] Failed to load resource: net::ERR_INTERNET_DISCONNECTED @ https://claimavenue.com/api/skyline/air-ads:0
[128729266ms] [ERROR] Failed to load resource: net::ERR_INTERNET_DISCONNECTED @ https://claimavenue.com/api/skyline/billboard-ads:0
[128730338ms] [ERROR] Failed to load resource: net::ERR_INTERNET_DISCONNECTED @ https://claimavenue.com/api/skyline/reservations/holds:0
[128732601ms] [ERROR] Failed to load resource: net::ERR_INTERNET_DISCONNECTED @ https://claimavenue.com/api/skyline/statistics?live=1:0
[128733339ms] [ERROR] Failed to load resource: net::ERR_INTERNET_DISCONNECTED @ https://claimavenue.com/api/skyline/reservations/holds:0
[128735826ms] [ERROR] Failed to load resource: net::ERR_INTERNET_DISCONNECTED @ https://claimavenue.com/api/skyline/presence:0
[128736343ms] [ERROR] Failed to load resource: net::ERR_INTERNET_DISCONNECTED @ https://claimavenue.com/api/skyline/reservations/holds:0
[128737639ms] [ERROR] Failed to load resource: net::ERR_INTERNET_DISCONNECTED @ https://claimavenue.com/api/skyline/statistics?live=1:0
[128739270ms] [ERROR] Failed to load resource: net::ERR_INTERNET_DISCONNECTED @ https://claimavenue.com/api/skyline/air-ads:0
[128739271ms] [ERROR] Failed to load resource: net::ERR_INTERNET_DISCONNECTED @ https://claimavenue.com/api/skyline/bootstrap:0
[128739271ms] [ERROR] Failed to load resource: net::ERR_INTERNET_DISCONNECTED @ https://claimavenue.com/api/skyline/billboard-ads:0
[128739334ms] [ERROR] Failed to load resource: net::ERR_INTERNET_DISCONNECTED @ https://claimavenue.com/api/skyline/reservations/holds:0
[128742331ms] [ERROR] Failed to load resource: net::ERR_INTERNET_DISCONNECTED @ https://claimavenue.com/api/skyline/reservations/holds:0
[128742645ms] [ERROR] Failed to load resource: net::ERR_INTERNET_DISCONNECTED @ https://claimavenue.com/api/skyline/statistics?live=1:0
[129710215ms] [ERROR] Failed to load resource: net::ERR_INTERNET_DISCONNECTED @ https://claimavenue.com/api/skyline/reservations/holds:0
[129712517ms] [ERROR] Failed to load resource: net::ERR_INTERNET_DISCONNECTED @ https://claimavenue.com/api/skyline/statistics?live=1:0
[129712697ms] [ERROR] Failed to load resource: net::ERR_INTERNET_DISCONNECTED @ https://claimavenue.com/api/skyline/presence:0
[130647958ms] [ERROR] Failed to load resource: net::ERR_INTERNET_DISCONNECTED @ https://claimavenue.com/api/skyline/reservations/holds:0
[130648766ms] [ERROR] Failed to load resource: net::ERR_INTERNET_DISCONNECTED @ https://claimavenue.com/api/skyline/billboard-ads:0
[130648790ms] [ERROR] Failed to load resource: net::ERR_INTERNET_DISCONNECTED @ https://claimavenue.com/api/skyline/air-ads:0
[130650835ms] [ERROR] Failed to load resource: net::ERR_INTERNET_DISCONNECTED @ https://claimavenue.com/api/skyline/reservations/holds:0
[130652164ms] [ERROR] Failed to load resource: net::ERR_INTERNET_DISCONNECTED @ https://claimavenue.com/api/skyline/statistics?live=1:0
[130786264ms] [ERROR] Failed to load resource: net::ERR_INTERNET_DISCONNECTED @ https://claimavenue.com/api/skyline/bootstrap:0
[130786309ms] [ERROR] Failed to load resource: net::ERR_INTERNET_DISCONNECTED @ https://claimavenue.com/api/skyline/reservations/holds:0
[130789011ms] [ERROR] Failed to load resource: net::ERR_INTERNET_DISCONNECTED @ https://claimavenue.com/api/skyline/reservations/holds:0
[130789332ms] [ERROR] Failed to load resource: net::ERR_INTERNET_DISCONNECTED @ https://claimavenue.com/api/skyline/statistics?live=1:0
[130790973ms] [ERROR] Failed to load resource: net::ERR_INTERNET_DISCONNECTED @ https://claimavenue.com/api/skyline/air-ads:0
[130791000ms] [ERROR] Failed to load resource: net::ERR_INTERNET_DISCONNECTED @ https://claimavenue.com/api/skyline/billboard-ads:0
[130791506ms] [ERROR] Failed to load resource: net::ERR_INTERNET_DISCONNECTED @ https://claimavenue.com/api/skyline/presence:0
[130792008ms] [ERROR] Failed to load resource: net::ERR_INTERNET_DISCONNECTED @ https://claimavenue.com/api/skyline/reservations/holds:0
[131041943ms] [ERROR] Failed to load resource: net::ERR_CONNECTION_CLOSED @ https://claimavenue.com/api/skyline/reservations/holds:0
[131041943ms] [ERROR] Failed to load resource: net::ERR_CONNECTION_CLOSED @ https://claimavenue.com/api/skyline/reservations/holds:0
[131041944ms] [ERROR] Failed to load resource: net::ERR_CONNECTION_CLOSED @ https://claimavenue.com/api/skyline/reservations/holds:0
[131041944ms] [ERROR] Failed to load resource: net::ERR_CONNECTION_CLOSED @ https://claimavenue.com/api/skyline/reservations/holds:0
[131041944ms] [ERROR] Failed to load resource: net::ERR_CONNECTION_CLOSED @ https://claimavenue.com/api/skyline/statistics?live=1:0
[131041944ms] [ERROR] Failed to load resource: net::ERR_CONNECTION_CLOSED @ https://claimavenue.com/api/skyline/bootstrap:0
[131041947ms] [ERROR] Failed to load resource: net::ERR_CONNECTION_CLOSED @ https://claimavenue.com/api/skyline/reservations/holds:0
[131844220ms] [ERROR] Failed to load resource: net::ERR_CONNECTION_CLOSED @ https://claimavenue.com/api/skyline/reservations/holds:0
[131844220ms] [ERROR] Failed to load resource: net::ERR_CONNECTION_CLOSED @ https://claimavenue.com/api/skyline/reservations/holds:0
[131844220ms] [ERROR] Failed to load resource: net::ERR_CONNECTION_CLOSED @ https://claimavenue.com/api/skyline/bootstrap:0
[131844221ms] [ERROR] Failed to load resource: net::ERR_CONNECTION_CLOSED @ https://claimavenue.com/api/skyline/reservations/holds:0
[131844221ms] [ERROR] Failed to load resource: net::ERR_CONNECTION_CLOSED @ https://claimavenue.com/api/skyline/reservations/holds:0
[131844223ms] [ERROR] Failed to load resource: net::ERR_CONNECTION_CLOSED @ https://claimavenue.com/api/skyline/reservations/holds:0
[131844223ms] [ERROR] Failed to load resource: net::ERR_CONNECTION_CLOSED @ https://claimavenue.com/api/skyline/statistics?live=1:0
[135005284ms] [ERROR] Failed to load resource: net::ERR_NETWORK_CHANGED @ https://claimavenue.com/api/skyline/reservations/holds:0
[135005558ms] [ERROR] Failed to load resource: net::ERR_INTERNET_DISCONNECTED @ https://claimavenue.com/api/skyline/reservations/holds:0
[135006357ms] [ERROR] Failed to load resource: net::ERR_INTERNET_DISCONNECTED @ https://claimavenue.com/api/skyline/presence:0
[135007542ms] [ERROR] Failed to load resource: net::ERR_INTERNET_DISCONNECTED @ https://claimavenue.com/api/skyline/statistics?live=1:0
[135008686ms] [ERROR] Failed to load resource: net::ERR_INTERNET_DISCONNECTED @ https://claimavenue.com/api/skyline/reservations/holds:0
[135011009ms] [ERROR] Failed to load resource: net::ERR_INTERNET_DISCONNECTED @ https://claimavenue.com/api/skyline/air-ads:0
[135011091ms] [ERROR] Failed to load resource: net::ERR_INTERNET_DISCONNECTED @ https://claimavenue.com/api/skyline/billboard-ads:0
[135011565ms] [ERROR] Failed to load resource: net::ERR_INTERNET_DISCONNECTED @ https://claimavenue.com/api/skyline/reservations/holds:0
[135012571ms] [ERROR] Failed to load resource: net::ERR_INTERNET_DISCONNECTED @ https://claimavenue.com/api/skyline/statistics?live=1:0
[135014561ms] [ERROR] Failed to load resource: net::ERR_INTERNET_DISCONNECTED @ https://claimavenue.com/api/skyline/reservations/holds:0
[135016135ms] [ERROR] Failed to load resource: net::ERR_INTERNET_DISCONNECTED @ https://claimavenue.com/api/skyline/bootstrap:0
[135189757ms] [ERROR] Failed to load resource: net::ERR_NETWORK_CHANGED @ https://claimavenue.com/api/skyline/air-ads:0
[135189758ms] [ERROR] Failed to load resource: net::ERR_NETWORK_CHANGED @ https://claimavenue.com/api/skyline/billboard-ads:0
[136126792ms] [ERROR] Failed to load resource: net::ERR_NETWORK_CHANGED @ https://claimavenue.com/api/skyline/reservations/holds:0
